<?xml version="1.0" encoding="utf-8"?>
<assessmentTest xmlns:xsi="http://www.w3.org/2001/XMLSchema-instance" xmlns:ngml="http://ioki.com.pl/schema/imsqti_v2p1" xsi:schemaLocation="http://www.imsglobal.org/xsd/imsqti_v2p1 ../../ngml-namespace/imsqti_v2p1_ngml.xsd" title="Practice 2" identifier="n_229" xmlns="http://www.imsglobal.org/xsd/imsqti_v2p1">
  <ngml:activity type="homework" time="00:00:00" globalId="e857c880-6bdf-4d71-ab8c-ee5ab1015f77" no-submit="false" checkPunctuation="false" caseSensitivity="false" uid="1003000170000000541" version="7" />
  <ngml:title><![CDATA[Practice 2]]></ngml:title>
  <testPart identifier="p_1" navigationMode="linear" submissionMode="individual">
    <assessmentSection identifier="section_1" ngml:version="7" ngml:uid="1004000170000000603" visible="true" ngml:pageBreak="false" title="Practice 2" ngml:layoutHeight="414" ngml:autonumbering="false">
      <ngml:title><![CDATA[Practice 2]]></ngml:title>
      <ngml:tips>
        <ngml:tip>
          <ngml:text><![CDATA[<B>Prepositional Phrases</B><BR/><BR/>A <B>prepositional</B> <B>phrase</B> is a preposition followed by a noun or a noun phrase. <BR/><BR/><B>Examples:</B> <I>to the store</I>, <I>with my cousin</I>, <I>under the table</I><BR/><BR/>Prepositional phrases can express many meanings. Some common meanings are time, location, possession, direction, and description.]]></ngml:text>
          <ngml:asset identifier="n_229--p_1--tip_1366282868574--block_0--ref_1366282907735" type="image" src="http://media.pearsoncmg.com/intl/elt/compose/mel_writing_2/WL2_G_PPP_P2.jpg" shortVersion="false" />
        </ngml:tip>
      </ngml:tips>
      <ngml:rubric>
        <ngml:text><![CDATA[Click on the 14 prepositional phrases.]]></ngml:text>
      </ngml:rubric>
      <assessmentItemRef identifier="i_1" href="i_1.xml" ngml:layoutX="24" ngml:layoutY="0" ngml:layoutWidth="770" ngml:layoutHeight="14" ngml:itemEnumeration="1" />
      <assessmentItemRef identifier="i_2" href="i_2.xml" ngml:layoutX="24" ngml:layoutY="46" ngml:layoutWidth="770" ngml:layoutHeight="38" ngml:itemEnumeration="2" />
      <assessmentItemRef identifier="i_3" href="i_3.xml" ngml:layoutX="24" ngml:layoutY="116" ngml:layoutWidth="770" ngml:layoutHeight="38" ngml:itemEnumeration="3" />
      <assessmentItemRef identifier="i_4" href="i_4.xml" ngml:layoutX="24" ngml:layoutY="186" ngml:layoutWidth="770" ngml:layoutHeight="62" ngml:itemEnumeration="4" />
      <assessmentItemRef identifier="i_5" href="i_5.xml" ngml:layoutX="24" ngml:layoutY="280" ngml:layoutWidth="770" ngml:layoutHeight="38" ngml:itemEnumeration="5" />
      <assessmentItemRef identifier="i_6" href="i_6.xml" ngml:layoutX="24" ngml:layoutY="350" ngml:layoutWidth="770" ngml:layoutHeight="14" ngml:itemEnumeration="6" />
    </assessmentSection>
  </testPart>
</assessmentTest>