<?xml version="1.0" encoding="utf-8"?>
<assessmentItem xmlns:xsi="http://www.w3.org/2001/XMLSchema-instance" xmlns:ngml="http://ioki.com.pl/schema/imsqti_v2p1" xsi:schemaLocation="http://www.imsglobal.org/xsd/imsqti_v2p1 ../../ngml-namespace/imsqti_v2p1_ngml.xsd" title="item-i_3" identifier="i_3" timeDependent="false" adaptive="false" xmlns="http://www.imsglobal.org/xsd/imsqti_v2p1">
  <ngml:question version="11" uid="1005000170000003273" type="multiple-underline" orientation="vertical" example="false" scoringAlgorithm="dichotomous" />
  <responseDeclaration identifier="RESPONSE_0" cardinality="multiple" baseType="identifier">
    <correctResponse>
      <value>i_3--underline--0</value>
      <value>i_3--underline--3</value>
      <value>i_3--underline--4</value>
      <value>i_3--underline--6</value>
    </correctResponse>
  </responseDeclaration>
  <itemBody>
    <ngml:text><![CDATA[My favorite place ]]></ngml:text>
    <ngml:hottextInteraction responseIdentifier="RESPONSE_0" maxChoices="0" example="false">
      <ngml:hottext identifier="i_3--underline--0">
        <ngml:text><![CDATA[in my grandparents’ house]]></ngml:text>
      </ngml:hottext>
      <ngml:text><![CDATA[ is the ]]></ngml:text>
      <ngml:hottext identifier="i_3--underline--1">
        <ngml:text><![CDATA[front porch]]></ngml:text>
      </ngml:hottext>
      <ngml:text><![CDATA[. I love sitting there and looking ]]></ngml:text>
      <ngml:hottext identifier="i_3--underline--3">
        <ngml:text><![CDATA[at the street]]></ngml:text>
      </ngml:hottext>
      <ngml:text><![CDATA[. I often see the owner ]]></ngml:text>
      <ngml:hottext identifier="i_3--underline--4">
        <ngml:text><![CDATA[of the house]]></ngml:text>
      </ngml:hottext>
      <ngml:text><![CDATA[ ]]></ngml:text>
      <ngml:hottext identifier="i_3--underline--5">
        <ngml:text><![CDATA[next door]]></ngml:text>
      </ngml:hottext>
      <ngml:text><![CDATA[ working ]]></ngml:text>
      <ngml:hottext identifier="i_3--underline--6">
        <ngml:text><![CDATA[in her garden]]></ngml:text>
      </ngml:hottext>
      <ngml:text><![CDATA[.]]></ngml:text>
    </ngml:hottextInteraction>
  </itemBody>
  <ngml:feedbacks>
    <ngml:feedback type="generic" responseIdentifier="RESPONSE_0">
      <ngml:feedbackResponse>
        <ngml:text><![CDATA[A prepositional phrase consists of a preposition + a noun or noun phrase.]]></ngml:text>
      </ngml:feedbackResponse>
    </ngml:feedback>
  </ngml:feedbacks>
</assessmentItem>