<?xml version="1.0" encoding="utf-8"?>
<assessmentItem xmlns:xsi="http://www.w3.org/2001/XMLSchema-instance" xmlns:ngml="http://ioki.com.pl/schema/imsqti_v2p1" xsi:schemaLocation="http://www.imsglobal.org/xsd/imsqti_v2p1 ../../ngml-namespace/imsqti_v2p1_ngml.xsd" title="item-i_4" identifier="i_4" timeDependent="false" adaptive="false" xmlns="http://www.imsglobal.org/xsd/imsqti_v2p1">
  <ngml:question version="10" uid="1005000170000003274" type="multiple-underline" orientation="vertical" example="false" scoringAlgorithm="dichotomous" />
  <responseDeclaration identifier="RESPONSE_0" cardinality="multiple" baseType="identifier">
    <correctResponse>
      <value>i_4--underline--0</value>
    </correctResponse>
  </responseDeclaration>
  <itemBody>
    <ngml:text><![CDATA[<B>A:</B>]]></ngml:text>
    <ngml:text><![CDATA[ Have you ever met my boss?]]></ngml:text>
    <ngml:text><![CDATA[<BR/>]]></ngml:text>
    <ngml:text><![CDATA[<B>B:</B>]]></ngml:text>
    <ngml:text><![CDATA[ Is he the guy ]]></ngml:text>
    <ngml:hottextInteraction responseIdentifier="RESPONSE_0" maxChoices="0" example="false">
      <ngml:hottext identifier="i_4--underline--0">
        <ngml:text><![CDATA[in the gray suit]]></ngml:text>
      </ngml:hottext>
      <ngml:text><![CDATA[?]]></ngml:text>
      <ngml:text><![CDATA[<BR/>]]></ngml:text>
      <ngml:text><![CDATA[<B>A:</B>]]></ngml:text>
      <ngml:text><![CDATA[ No, that's my brother. My boss is the woman ]]></ngml:text>
      <ngml:hottext identifier="i_4--underline--1">
        <ngml:text><![CDATA[who's wearing glasses]]></ngml:text>
      </ngml:hottext>
      <ngml:text><![CDATA[.]]></ngml:text>
    </ngml:hottextInteraction>
  </itemBody>
  <ngml:feedbacks>
    <ngml:feedback type="generic" responseIdentifier="RESPONSE_0">
      <ngml:feedbackResponse>
        <ngml:text><![CDATA[A prepositional phrase consists of a preposition + a noun or noun phrase.]]></ngml:text>
      </ngml:feedbackResponse>
    </ngml:feedback>
  </ngml:feedbacks>
</assessmentItem>