<?xml version="1.0" encoding="utf-8"?>
<assessmentItem xmlns:xsi="http://www.w3.org/2001/XMLSchema-instance" xmlns:ngml="http://ioki.com.pl/schema/imsqti_v2p1" xsi:schemaLocation="http://www.imsglobal.org/xsd/imsqti_v2p1 ../../ngml-namespace/imsqti_v2p1_ngml.xsd" title="item-i_5" identifier="i_5" timeDependent="false" adaptive="false" xmlns="http://www.imsglobal.org/xsd/imsqti_v2p1">
  <ngml:question version="10" uid="1005000170000003275" type="multiple-underline" orientation="vertical" example="false" scoringAlgorithm="dichotomous" />
  <responseDeclaration identifier="RESPONSE_0" cardinality="multiple" baseType="identifier">
    <correctResponse>
      <value>i_5--underline--0</value>
      <value>i_5--underline--1</value>
      <value>i_5--underline--3</value>
    </correctResponse>
  </responseDeclaration>
  <itemBody>
    <ngml:text><![CDATA[Our living room is a mess. There are old newspapers ]]></ngml:text>
    <ngml:hottextInteraction responseIdentifier="RESPONSE_0" maxChoices="0" example="false">
      <ngml:hottext identifier="i_5--underline--0">
        <ngml:text><![CDATA[under the sofa]]></ngml:text>
      </ngml:hottext>
      <ngml:text><![CDATA[ and toys ]]></ngml:text>
      <ngml:hottext identifier="i_5--underline--1">
        <ngml:text><![CDATA[on the floor]]></ngml:text>
      </ngml:hottext>
      <ngml:text><![CDATA[. The kids left empty soda cans ]]></ngml:text>
      <ngml:hottext identifier="i_5--underline--2">
        <ngml:text><![CDATA[everywhere]]></ngml:text>
      </ngml:hottext>
      <ngml:text><![CDATA[. My parents are coming over ]]></ngml:text>
      <ngml:hottext identifier="i_5--underline--3">
        <ngml:text><![CDATA[after dinner]]></ngml:text>
      </ngml:hottext>
      <ngml:text><![CDATA[. We have to clean up ]]></ngml:text>
      <ngml:hottext identifier="i_5--underline--4">
        <ngml:text><![CDATA[before they arrive]]></ngml:text>
      </ngml:hottext>
      <ngml:text><![CDATA[!]]></ngml:text>
    </ngml:hottextInteraction>
  </itemBody>
  <ngml:feedbacks>
    <ngml:feedback type="generic" responseIdentifier="RESPONSE_0">
      <ngml:feedbackResponse>
        <ngml:text><![CDATA[A prepositional phrase consists of a preposition + a noun or noun phrase.]]></ngml:text>
      </ngml:feedbackResponse>
    </ngml:feedback>
  </ngml:feedbacks>
</assessmentItem>