<?xml version="1.0" encoding="utf-8"?>
<assessmentItem xmlns:xsi="http://www.w3.org/2001/XMLSchema-instance" xmlns:ngml="http://ioki.com.pl/schema/imsqti_v2p1" xsi:schemaLocation="http://www.imsglobal.org/xsd/imsqti_v2p1 ../../ngml-namespace/imsqti_v2p1_ngml.xsd" title="item-i_6" identifier="i_6" timeDependent="false" adaptive="false" xmlns="http://www.imsglobal.org/xsd/imsqti_v2p1">
  <ngml:question version="10" uid="1005000170000003276" type="multiple-underline" orientation="vertical" example="false" scoringAlgorithm="dichotomous" />
  <responseDeclaration identifier="RESPONSE_0" cardinality="multiple" baseType="identifier">
    <correctResponse>
      <value>i_6--underline--5</value>
      <value>i_6--underline--7</value>
      <value>i_6--underline--8</value>
    </correctResponse>
  </responseDeclaration>
  <itemBody>
    <ngml:text><![CDATA[I borrowed a great book ]]></ngml:text>
    <ngml:hottextInteraction responseIdentifier="RESPONSE_0" maxChoices="0" example="false">
      <ngml:hottext identifier="i_6--underline--5">
        <ngml:text><![CDATA[from my friend.]]></ngml:text>
      </ngml:hottext>
      <ngml:text><![CDATA[ I am going to ]]></ngml:text>
      <ngml:hottext identifier="i_6--underline--6">
        <ngml:text><![CDATA[bring it]]></ngml:text>
      </ngml:hottext>
      <ngml:text><![CDATA[ ]]></ngml:text>
      <ngml:hottext identifier="i_6--underline--7">
        <ngml:text><![CDATA[with me]]></ngml:text>
      </ngml:hottext>
      <ngml:text><![CDATA[ when I go ]]></ngml:text>
      <ngml:hottext identifier="i_6--underline--8">
        <ngml:text><![CDATA[to the beach]]></ngml:text>
      </ngml:hottext>
      <ngml:text><![CDATA[ ]]></ngml:text>
      <ngml:hottext identifier="i_6--underline--9">
        <ngml:text><![CDATA[this summer.]]></ngml:text>
      </ngml:hottext>
    </ngml:hottextInteraction>
  </itemBody>
  <ngml:feedbacks>
    <ngml:feedback type="generic" responseIdentifier="RESPONSE_0">
      <ngml:feedbackResponse>
        <ngml:text><![CDATA[A prepositional phrase consists of a preposition + a noun or noun phrase.]]></ngml:text>
      </ngml:feedbackResponse>
    </ngml:feedback>
  </ngml:feedbacks>
</assessmentItem>