<?xml version="1.0" encoding="utf-8"?>
<assessmentTest xmlns:xsi="http://www.w3.org/2001/XMLSchema-instance" xmlns:ngml="http://ioki.com.pl/schema/imsqti_v2p1" xsi:schemaLocation="http://www.imsglobal.org/xsd/imsqti_v2p1 ../../ngml-namespace/imsqti_v2p1_ngml.xsd" title="Comparing and Contrasting" identifier="n_244" xmlns="http://www.imsglobal.org/xsd/imsqti_v2p1">
  <ngml:activity type="homework" time="00:50:00" globalId="3e9f4e89-4915-435b-b28f-c57b8a4cd09b" no-submit="false" checkPunctuation="false" caseSensitivity="false" uid="1003000170000000327" version="19" />
  <ngml:title><![CDATA[Comparing and Contrasting]]></ngml:title>
  <testPart identifier="p_1" navigationMode="linear" submissionMode="individual">
    <assessmentSection identifier="section_1" ngml:version="19" ngml:uid="1004000170000000406" visible="true" ngml:pageBreak="false" title="Comparing and Contrasting" ngml:layoutHeight="1846" ngml:autonumbering="false">
      <ngml:title><![CDATA[Comparing and Contrasting]]></ngml:title>
      <ngml:tips>
        <ngml:tip>
          <ngml:text><![CDATA[<B>Model Paragraph</B><BR/><B></B><BR/><B>My Offices</B><BR/>I have two offices for my job, and they are very different from each other. One office is at my home, and the other one is at the school where I teach. My office at home is comfortable. There's a sofa across from my desk, and I can relax on it when I need to take a break. The office has a big window, so I can enjoy the sunshine as I work. The light helps me to stay awake and feel refreshed. My home office also looks good. There are interesting pictures on the walls, and the carpet is new. Also, because I work alone there, I can play music when I'm working. I love to work in my home office. On the other hand, my office at school is not as comfortable. I have my own desk and chair, but there's no sofa in the room. There's a window, but it's very small, and I can't even see it from my desk. This office doesn't look as good as my home office, either. The walls need paint, and the carpet is old. Also, because a lot of teachers work there with me, I can't play music whenever I want. In short, my two offices are very different, and I definitely prefer working at my home office. It's more comfortable, it looks nicer, and I feel happier there.]]></ngml:text>
        </ngml:tip>
      </ngml:tips>
      <ngml:rubric>
        <ngml:text><![CDATA[Write a paragraph about one of the topics listed below (or the topic your teacher assigns). You will have 50 minutes.<BR/>1. Compare two movies. Explain how they are similar or different.<BR/>2. Compare two family members. Explain how their appearance and personalities are similar or different.<BR/>3. Compare two cities you are familiar with. Explain how they are similar or different.<BR/><BR/><B>Editing Checklist</B><BR/><UL><LI>Are the grammar, sentence structure, mechanics, and punctuation correct?</LI></UL><UL><LI>Is the vocabulary appropriate? Are the words spelled correctly?</LI></UL><UL><LI>Is the paragraph well organized, well developed, and clear?</LI></UL>]]></ngml:text>
      </ngml:rubric>
      <ngml:referenceObjects>
        <ngml:referenceObject layoutX="0" layoutY="0" layoutWidth="700" layoutHeight="934">
          <ngml:text><![CDATA[<div class='reading-frame'><B>Comparing and Contrasting</B><BR/><BR/>Very often in our writing we need to explain how two things are similar or different. “Compare” means to focus on similarities. “Contrast” means to focus on differences. Some paragraphs are only about similarities, some are only about differences, and some combine both types of details. <BR/><BR/>A paragraph of comparison or contrast should include these parts: <BR/><BR/><B>The topic sentence:</B> Your topic sentence should name the two people, things, or places you are comparing. It should also indicate the focus of your paragraph: similarities, differences, or both. (Example: I have two offices for my job, and they are very different from one another.) <BR/><BR/><B>Supporting sentences:</B> The simplest way to organize a comparison and contrast paragraph is in two “blocks.” Explain or describe your first item. Write a transition, and then explain or describe how the second item is similar to or different from the first one. Here is a sample outline of a paragraph organized in two blocks:<BR/><BR/><B>I Topic sentence:</B> I have two offices for my job, and they are very different from one another. <BR/><BR/>A. My home office<BR/> 1. Comfort<BR/> 2. Appearance<BR/> 3. I can play music<BR/><BR/><B>Transition:</B> On the other hand<BR/><BR/>B. My work office<BR/> 1. Comfort<BR/> 2. Appearance<BR/> 3. I can’t play music<BR/><BR/><B>The concluding sentence: </B>There are many ways to conclude a comparison/contrast paragraph. One way is to summarize the similarities or differences and then to add a final thought. For example, if you are comparing two things, you can say which one you like better. <BR/><BR/>There are many expressions you can use to talk about similarities and differences. Here are a few:<BR/><BR/><B>Similarities: </B>like / alike / similar to / also, too / both… and / the same<BR/><B>Differences:</B> difference / different (from) / in contrast / on the other hand / but<BR/><BR/>Click on the light bulb for a model paragraph.</div>]]></ngml:text>
        </ngml:referenceObject>
      </ngml:referenceObjects>
      <assessmentItemRef identifier="i_3" href="i_3.xml" ngml:layoutX="0" ngml:layoutY="920" ngml:layoutWidth="646" ngml:layoutHeight="882" />
    </assessmentSection>
  </testPart>
</assessmentTest>