<?xml version="1.0" encoding="utf-8"?>
<assessmentTest xmlns:xsi="http://www.w3.org/2001/XMLSchema-instance" xmlns:ngml="http://ioki.com.pl/schema/imsqti_v2p1" xsi:schemaLocation="http://www.imsglobal.org/xsd/imsqti_v2p1 ../../ngml-namespace/imsqti_v2p1_ngml.xsd" title="Teacher-Graded Pre-Test" identifier="n_259" xmlns="http://www.imsglobal.org/xsd/imsqti_v2p1">
  <ngml:activity type="homework" time="00:50:00" globalId="712638bb-1fca-4e14-9656-6a72fe37e85a" no-submit="false" checkPunctuation="false" caseSensitivity="false" uid="1001000170000000816" version="12" />
  <ngml:title><![CDATA[Teacher-Graded Pre-Test]]></ngml:title>
  <testPart identifier="p_1" navigationMode="linear" submissionMode="individual">
    <assessmentSection identifier="section_1" ngml:version="12" ngml:uid="1001000170000000817" visible="true" ngml:pageBreak="false" title="Teacher-Graded Pre-Test" ngml:layoutHeight="1048" ngml:autonumbering="false">
      <ngml:title><![CDATA[Teacher-Graded Pre-Test]]></ngml:title>
      <ngml:rubric>
        <ngml:text><![CDATA[In the [timed] teacher-graded pre-test, you will demonstrate how well you can write about a topic. Pay attention to sentence structure, grammar, punctuation, mechanics, organization, and vocabulary.<BR/><BR/>Write about the following topic or the topic your teacher assigns. You have 50 minutes to complete the test. ]]></ngml:text>
      </ngml:rubric>
      <ngml:referenceObjects>
        <ngml:referenceObject layoutX="0" layoutY="0" layoutWidth="700" layoutHeight="115">
          <ngml:text><![CDATA[<div class='reading-frame'>Write a paragraph describing a holiday from your country. When is it? What is the holiday about? What do people eat, do, and wear?</div>]]></ngml:text>
        </ngml:referenceObject>
      </ngml:referenceObjects>
      <assessmentItemRef identifier="i_2" href="i_2.xml" ngml:layoutX="0" ngml:layoutY="122" ngml:layoutWidth="646" ngml:layoutHeight="882" />
    </assessmentSection>
  </testPart>
</assessmentTest>