<?xml version="1.0" encoding="utf-8"?>
<assessmentTest xmlns:xsi="http://www.w3.org/2001/XMLSchema-instance" xmlns:ngml="http://ioki.com.pl/schema/imsqti_v2p1" xsi:schemaLocation="http://www.imsglobal.org/xsd/imsqti_v2p1 ../../ngml-namespace/imsqti_v2p1_ngml.xsd" title="Describing People" identifier="n_243" xmlns="http://www.imsglobal.org/xsd/imsqti_v2p1">
  <ngml:activity type="homework" time="00:50:00" globalId="982ff494-29b4-4889-873d-5fc61426b043" no-submit="false" checkPunctuation="false" caseSensitivity="false" uid="1003000170000000326" version="19" />
  <ngml:title><![CDATA[Describing People]]></ngml:title>
  <testPart identifier="p_1" navigationMode="linear" submissionMode="individual">
    <assessmentSection identifier="section_1" ngml:version="19" ngml:uid="1004000170000000405" visible="true" ngml:pageBreak="false" title="Describing People" ngml:layoutHeight="1321" ngml:autonumbering="false">
      <ngml:title><![CDATA[Describing People]]></ngml:title>
      <ngml:tips>
        <ngml:tip>
          <ngml:text><![CDATA[<B>Model Paragraph</B><BR/><BR/><B>My Neighbor Peter</B><BR/>Of all the people in my neighborhood, the person I like the most is my neighbor Peter. He is 25 years old. He's tall and thin, and he has long black hair and brown eyes. He always wears casual clothes, like T-shirts and jeans. I like him for several reasons. First, he's very friendly. When I moved into the neighborhood last year, he came over and introduced himself. We became friends very quickly. He has a great sense of humor, too. He tells very funny jokes and always makes me laugh. Peter is also an interesting person. He has an unusual job. He's a drummer in a jazz band. The people in his band sometimes come to his house to practice there. I like to listen to them practice. Last month, Peter and his band played a show at a local club, and I went. They were great! Another reason I like Peter is that he is generous. Before I met him, I didn't know anything about jazz music, but he has taught me a lot. He often lets me borrow his CDs. I think that I am lucky to have such a friendly, funny, interesting, and generous neighbor. I'm glad he is also my friend<B>.</B>]]></ngml:text>
        </ngml:tip>
      </ngml:tips>
      <ngml:rubric>
        <ngml:text><![CDATA[Write a paragraph about one of the topics listed below (or the topic your teacher assigns). You will have 50 minutes.<BR/>1. Introduce yourself by describing what you look like, your personality, and what you like to do.<BR/>2. Think about a friend or family member. Describe what that person is like and what he or she is doing right now.<BR/>3. Choose a famous person you are familiar with. Describe what this person does, what he or she is like, and your opinion of this person.<BR/><B></B><BR/><B>Editing Checklist</B><BR/><UL><LI>Are the grammar, sentence structure, mechanics, and punctuation correct?</LI><LI>Is the vocabulary appropriate? Are the words spelled correctly?</LI><LI>Is the paragraph well organized, well developed, and clear?</LI></UL>]]></ngml:text>
      </ngml:rubric>
      <ngml:referenceObjects>
        <ngml:referenceObject layoutX="0" layoutY="0" layoutWidth="700" layoutHeight="388">
          <ngml:text><![CDATA[<div class='reading-frame'><B>Describing People</B><BR/><BR/>The key to writing a good descriptive paragraph is to include details that will help the reader form a picture of the person you are describing. A paragraph describing a person should include these parts:<BR/><UL><LI><B>A topic sentence:</B> Introduce the person you are describing. Give the person's name and make a general statement about him or her. (Example: Of all the people in my neighborhood, the person I like the most is my neighbor Peter.)</LI></UL><UL><LI><B>Supporting sentences:</B> Include several sentences about the person's appearance (weight, height, age, body type, hair, eyes, features), style, talents, or behavior. Include descriptive words and examples that “paint a picture” of the person.</LI></UL><UL><LI><B>A concluding sentence:</B> Summarize the person's characteristics. Then say how you feel about the person. (Example: I think that I am lucky to have such a friendly, funny, interesting, and generous neighbor. I'm glad he is also my friend.) </LI></UL><BR/>Click on the light bulb for a model paragraph.</div>]]></ngml:text>
        </ngml:referenceObject>
      </ngml:referenceObjects>
      <assessmentItemRef identifier="i_2" href="i_2.xml" ngml:layoutX="0" ngml:layoutY="395" ngml:layoutWidth="646" ngml:layoutHeight="882" />
    </assessmentSection>
  </testPart>
</assessmentTest>