<?xml version="1.0" encoding="utf-8"?>
<assessmentItem xmlns:xsi="http://www.w3.org/2001/XMLSchema-instance" xmlns:ngml="http://ioki.com.pl/schema/imsqti_v2p1" xsi:schemaLocation="http://www.imsglobal.org/xsd/imsqti_v2p1 ../../ngml-namespace/imsqti_v2p1_ngml.xsd" title="item-i_7" identifier="i_7" timeDependent="false" adaptive="false" xmlns="http://www.imsglobal.org/xsd/imsqti_v2p1">
  <ngml:question version="10" uid="1005000170000003283" type="inline-drop-down" orientation="vertical" example="false" scoringAlgorithm="dichotomous" />
  <responseDeclaration identifier="RESPONSE_1" cardinality="single" baseType="identifier">
    <correctResponse>
      <value>i_7--inline_choice--0</value>
    </correctResponse>
  </responseDeclaration>
  <itemBody>
    <ngml:text><![CDATA[In most cultures, people ]]></ngml:text>
    <inlineChoiceInteraction responseIdentifier="RESPONSE_1" shuffle="false">
      <inlineChoice identifier="i_7--inline_choice--0_distractor_1366287241904">
        <ngml:text><![CDATA[smiles]]></ngml:text>
      </inlineChoice>
      <inlineChoice identifier="i_7--inline_choice--0">
        <ngml:text><![CDATA[smile]]></ngml:text>
      </inlineChoice>
      <inlineChoice identifier="i_7--inline_choice--0_distractor_1366287245496">
        <ngml:text><![CDATA[smiled]]></ngml:text>
      </inlineChoice>
    </inlineChoiceInteraction>
    <ngml:text><![CDATA[ when they are happy.]]></ngml:text>
  </itemBody>
  <ngml:feedbacks>
    <ngml:feedback type="generic" responseIdentifier="RESPONSE_1">
      <ngml:feedbackResponse>
        <ngml:text><![CDATA[What is the correct form of a verb for a plural subject?]]></ngml:text>
      </ngml:feedbackResponse>
    </ngml:feedback>
  </ngml:feedbacks>
</assessmentItem>