<?xml version="1.0" encoding="utf-8"?>
<assessmentTest xmlns:xsi="http://www.w3.org/2001/XMLSchema-instance" xmlns:ngml="http://ioki.com.pl/schema/imsqti_v2p1" xsi:schemaLocation="http://www.imsglobal.org/xsd/imsqti_v2p1 ../../ngml-namespace/imsqti_v2p1_ngml.xsd" title="Appendix 11 Descriptive Adjectives" identifier="n_207" xmlns="http://www.imsglobal.org/xsd/imsqti_v2p1">
  <ngml:activity type="homework" time="00:00:00" globalId="6968e8a1-3d2d-41f5-828a-49369dae6827" no-submit="false" checkPunctuation="false" caseSensitivity="false" uid="1003000170000000361" version="11" />
  <ngml:title><![CDATA[Appendix 11 Descriptive Adjectives]]></ngml:title>
  <testPart identifier="p_1" navigationMode="linear" submissionMode="individual">
    <assessmentSection identifier="section_1" ngml:version="11" ngml:uid="1004000170000000440" visible="true" ngml:pageBreak="false" title="Appendix 11 Descriptive Adjectives" ngml:layoutHeight="434" ngml:autonumbering="false">
      <ngml:title><![CDATA[Appendix 11 Descriptive Adjectives]]></ngml:title>
      <ngml:rubric>
        <ngml:text><![CDATA[]]></ngml:text>
      </ngml:rubric>
      <ngml:referenceObjects>
        <ngml:referenceObject layoutX="125" layoutY="46" layoutWidth="450" layoutHeight="301">
          <ngml:asset identifier="n_207--p_1--s_1--block_0--ref_1366195452037" type="image" src="http://media.pearsoncmg.com/intl/elt/compose/mel_writing_2/W2_A_DA.jpg" shortVersion="false" layoutWidth="0" layoutHeight="0" />
        </ngml:referenceObject>
        <ngml:referenceObject layoutX="0" layoutY="0" layoutWidth="700" layoutHeight="14">
          <ngml:text><![CDATA[<B>Descriptive</B> <B>Adjectives</B>]]></ngml:text>
        </ngml:referenceObject>
      </ngml:referenceObjects>
    </assessmentSection>
  </testPart>
</assessmentTest>