<?xml version="1.0" encoding="utf-8"?>
<assessmentTest xmlns:xsi="http://www.w3.org/2001/XMLSchema-instance" xmlns:ngml="http://ioki.com.pl/schema/imsqti_v2p1" xsi:schemaLocation="http://www.imsglobal.org/xsd/imsqti_v2p1 ../../ngml-namespace/imsqti_v2p1_ngml.xsd" title="Practice 1" identifier="n_216" xmlns="http://www.imsglobal.org/xsd/imsqti_v2p1">
  <ngml:activity type="homework" time="00:00:00" globalId="14d46523-0fe3-41ec-bafc-d2c31af9ff64" no-submit="false" checkPunctuation="false" caseSensitivity="false" uid="1001000170000018148" version="8" />
  <ngml:title><![CDATA[Practice 1]]></ngml:title>
  <testPart identifier="p_1" navigationMode="linear" submissionMode="individual">
    <assessmentSection identifier="section_1" ngml:version="7" ngml:uid="1001000170000018149" visible="true" ngml:pageBreak="false" title="Practice 1" ngml:layoutHeight="991" ngml:autonumbering="false">
      <ngml:title><![CDATA[Practice 1]]></ngml:title>
      <ngml:tips>
        <ngml:tip>
          <ngml:text><![CDATA[<B>Providing Details</B><BR/><BR/>• Details tell <I>who, what, when, where, why, how, how much, how many</I>.<BR/>• All the details in a paragraph must be related to the main idea stated in the topic sentence.<BR/>• Types of details include facts, statistics, examples, and reasons.]]></ngml:text>
          <ngml:asset identifier="n_216--p_1--tip_1366269465173--block_0--ref_1366269486896" type="image" src="http://media.pearsoncmg.com/intl/elt/compose/mel_writing_2/WL2_PO_PD_P1.jpg" shortVersion="false" />
        </ngml:tip>
      </ngml:tips>
      <ngml:rubric>
        <ngml:text><![CDATA[Read the topic sentences and supporting details. In each item, click on the detail that does not support the main idea of the paragraph.]]></ngml:text>
      </ngml:rubric>
      <ngml:referenceObjects>
        <ngml:referenceObject layoutX="121" layoutY="130" layoutWidth="581" layoutHeight="29">
          <ngml:asset identifier="n_216--p_1--i_2--block_0--ref_1381261358036" type="image" src="http://media.pearsoncmg.com/intl/elt/compose/mel_writing_2/space.png" shortVersion="false" layoutWidth="0" layoutHeight="0" />
        </ngml:referenceObject>
        <ngml:referenceObject layoutX="121" layoutY="359" layoutWidth="581" layoutHeight="29">
          <ngml:asset identifier="n_216--p_1--i_3--block_0--ref_1381261368234" type="image" src="http://media.pearsoncmg.com/intl/elt/compose/mel_writing_2/space.png" shortVersion="false" layoutWidth="0" layoutHeight="0" />
        </ngml:referenceObject>
        <ngml:referenceObject layoutX="121" layoutY="564" layoutWidth="581" layoutHeight="29">
          <ngml:asset identifier="n_216--p_1--i_4--block_0--ref_1381261376030" type="image" src="http://media.pearsoncmg.com/intl/elt/compose/mel_writing_2/space.png" shortVersion="false" layoutWidth="0" layoutHeight="0" />
        </ngml:referenceObject>
        <ngml:referenceObject layoutX="121" layoutY="769" layoutWidth="581" layoutHeight="29">
          <ngml:asset identifier="n_216--p_1--i_5--block_0--ref_1381261386080" type="image" src="http://media.pearsoncmg.com/intl/elt/compose/mel_writing_2/space.png" shortVersion="false" layoutWidth="0" layoutHeight="0" />
        </ngml:referenceObject>
      </ngml:referenceObjects>
      <assessmentItemRef identifier="i_1" href="i_1.xml" ngml:layoutX="24" ngml:layoutY="0" ngml:layoutWidth="770" ngml:layoutHeight="98" ngml:itemEnumeration="1" />
      <assessmentItemRef identifier="i_2" href="i_2.xml" ngml:layoutX="24" ngml:layoutY="184" ngml:layoutWidth="770" ngml:layoutHeight="143" ngml:itemEnumeration="2" />
      <assessmentItemRef identifier="i_3" href="i_3.xml" ngml:layoutX="24" ngml:layoutY="413" ngml:layoutWidth="770" ngml:layoutHeight="119" ngml:itemEnumeration="3" />
      <assessmentItemRef identifier="i_4" href="i_4.xml" ngml:layoutX="24" ngml:layoutY="618" ngml:layoutWidth="770" ngml:layoutHeight="119" ngml:itemEnumeration="4" />
      <assessmentItemRef identifier="i_5" href="i_5.xml" ngml:layoutX="24" ngml:layoutY="823" ngml:layoutWidth="770" ngml:layoutHeight="118" ngml:itemEnumeration="5" />
    </assessmentSection>
  </testPart>
</assessmentTest>