<?xml version="1.0" encoding="utf-8"?>
<assessmentTest xmlns:xsi="http://www.w3.org/2001/XMLSchema-instance" xmlns:ngml="http://ioki.com.pl/schema/imsqti_v2p1" xsi:schemaLocation="http://www.imsglobal.org/xsd/imsqti_v2p1 ../../ngml-namespace/imsqti_v2p1_ngml.xsd" title="Practice 1" identifier="n_233" xmlns="http://www.imsglobal.org/xsd/imsqti_v2p1">
  <ngml:activity type="homework" time="00:00:00" globalId="f251286d-2cd1-4149-9294-b068576804f6" no-submit="false" checkPunctuation="false" caseSensitivity="false" uid="1003000170000000300" version="9" />
  <ngml:title><![CDATA[Practice 1]]></ngml:title>
  <testPart identifier="p_1" navigationMode="linear" submissionMode="individual">
    <assessmentSection identifier="section_1" ngml:version="8" ngml:uid="1004000170000000378" visible="true" ngml:pageBreak="false" title="Practice 1" ngml:layoutHeight="609" ngml:autonumbering="false">
      <ngml:title><![CDATA[Practice 1]]></ngml:title>
      <ngml:tips>
        <ngml:tip>
          <ngml:text><![CDATA[<B>Introducing Effects</B><BR/><BR/>An <B>effect</B> is the result of a cause. A paragraph can include one or more causes and effects of those causes.<BR/>• The topic sentence states the cause. The controlling idea states that there are one or more effects. For example: <BR/><I>Singing can have a number of positive effects on people’s health. </I><BR/><I>The slow economy has hurt my hometown in three ways. </I><BR/><I>Forest fires in the southwest part of the state have had terrible effects on  </I>  <I> </I> <I>wildlife, plant life, and tourism.</I><BR/>• The supporting sentences discuss the effects. There should be one or more sentences for each one. Use listing signals (<I>first, the first effect, second, next, the last effect</I>) to introduce each one.<BR/>• The conclusion should summarize the main idea and offer a final comment, suggestion, etc.<BR/><BR/>Use the following signal words and phrases to introduce effects:]]></ngml:text>
          <ngml:asset identifier="n_233--p_1--tip_1366287332816--block_0--ref_1366287526528" type="image" src="http://media.pearsoncmg.com/intl/elt/compose/mel_writing_2/WL2_PO_IE_P1.jpg" shortVersion="false" />
        </ngml:tip>
      </ngml:tips>
      <ngml:rubric>
        <ngml:text><![CDATA[Read the outlines. Click on all the effects that properly support the topic sentence.]]></ngml:text>
      </ngml:rubric>
      <assessmentItemRef identifier="i_1" href="i_1.xml" ngml:layoutX="24" ngml:layoutY="0" ngml:layoutWidth="770" ngml:layoutHeight="164" ngml:itemEnumeration="1" />
      <assessmentItemRef identifier="i_2" href="i_2.xml" ngml:layoutX="24" ngml:layoutY="196" ngml:layoutWidth="770" ngml:layoutHeight="164" ngml:itemEnumeration="2" />
      <assessmentItemRef identifier="i_3" href="i_3.xml" ngml:layoutX="24" ngml:layoutY="392" ngml:layoutWidth="770" ngml:layoutHeight="167" ngml:itemEnumeration="3" />
    </assessmentSection>
  </testPart>
</assessmentTest>