<?xml version="1.0" encoding="utf-8"?>
<assessmentTest xmlns:xsi="http://www.w3.org/2001/XMLSchema-instance" xmlns:ngml="http://ioki.com.pl/schema/imsqti_v2p1" xsi:schemaLocation="http://www.imsglobal.org/xsd/imsqti_v2p1 ../../ngml-namespace/imsqti_v2p1_ngml.xsd" title="Suggesting Solutions to a Problem" identifier="n_254" xmlns="http://www.imsglobal.org/xsd/imsqti_v2p1">
  <ngml:activity type="homework" time="00:50:00" globalId="567d0016-0f73-4f7a-899e-cc7bde802855" no-submit="false" checkPunctuation="false" caseSensitivity="false" uid="1003000170000000341" version="10" />
  <ngml:title><![CDATA[Suggesting Solutions to a Problem]]></ngml:title>
  <testPart identifier="p_1" navigationMode="linear" submissionMode="individual">
    <assessmentSection identifier="section_1" ngml:version="10" ngml:uid="1004000170000000420" visible="true" ngml:pageBreak="false" title="Suggesting Solutions to a Problem" ngml:layoutHeight="1426" ngml:autonumbering="false">
      <ngml:title><![CDATA[Suggesting Solutions to a Problem]]></ngml:title>
      <ngml:tips>
        <ngml:tip>
          <ngml:text><![CDATA[<B>Model Paragraph</B><BR/><BR/><B>Overcoming Insomnia</B><BR/><B></B><BR/>Many people have trouble falling asleep at night. This problem is called insomnia, and it has many causes. Some people have insomnia because of stress. They lie in bed and think about their problems. Other people have insomnia because of what they eat or drink. Some foods contain chemicals that keep people awake. There are also many people who don't know exactly why they can't fall sleep—they just can't. No matter what the reason, insomnia makes people feel terrible the next day, and too much insomnia can even make a person sick. But luckily there are several ways to solve the problem of insomnia. First, you should have a strict sleep schedule. Go to bed and get up at the same time every day, and don't take naps. This routine can train the body to sleep better at night. Also, in the evening, you had better stay away from food and drinks that have caffeine, like chocolate and coffee. Caffeine keeps people awake. Also, smoking can cause insomnia, so don't smoke at night. Next, try to create a peaceful situation at night. Turn off the TV and the computer one hour before bedtime. Make sure your bedroom is quiet, dark, and cool. Last, if you can't get to sleep, try reading a relaxing book until you start to feel sleepy. These solutions have helped many people who have trouble falling asleep. If you have insomnia, try them and see if they help you, too.]]></ngml:text>
        </ngml:tip>
      </ngml:tips>
      <ngml:rubric>
        <ngml:text><![CDATA[Write a paragraph about one of the topics listed below (or the topic your teacher assigns). You will have 50 minutes.<BR/><BR/>1. Traffic jams are a problem in all cities. Describe the problem and suggest some solutions.<BR/>2. Many people find it difficult to look for a job. Describe the problems and suggest some solutions.<BR/>3. Many people try to lose weight, but few are successful. Describe the challenges and suggest some solutions.<BR/><BR/><B>Editing Checklist</B><BR/><UL><LI>Are the grammar, sentence structure, mechanics, and punctuation correct?</LI><LI>Is the vocabulary appropriate? Are the words spelled correctly?</LI><LI>Is the paragraph well organized, well developed, and clear?</LI></UL>]]></ngml:text>
      </ngml:rubric>
      <ngml:referenceObjects>
        <ngml:referenceObject layoutX="0" layoutY="0" layoutWidth="700" layoutHeight="493">
          <ngml:text><![CDATA[<div class='reading-frame'><B>Suggesting Solutions to a Problem</B><BR/><BR/>Some paragraphs state or describe a problem. Then they list solutions to the problem. A problem-solution paragraph should include these parts: <BR/><BR/><B>The topic sentence:</B> The topic sentence should name the problem. It can also mention the cause or causes of the problem. For example: <I>Many people who work on a computer all day have pain in their hands, neck, and back.</I> <BR/><BR/><B>Supporting sentences:</B> Divide the body of your paragraph into two parts. Explain or describe the causes of the problem in the first part. Then explain and describe the solution or solutions. <BR/><BR/>You should write a major transition between the problem and the solutions. <BR/>For example:<I> If you are suffering from hand or back pain because of computer use, there are several things you can do to solve the problem.</I> <BR/><BR/><B>The concluding sentence:</B> Say or predict how the solutions you listed will solve the problem. If possible, end with a sentence stating that the situation will improve in the future. <BR/><BR/>Click on the light bulb for a model paragraph.</div>]]></ngml:text>
        </ngml:referenceObject>
      </ngml:referenceObjects>
      <assessmentItemRef identifier="i_2" href="i_2.xml" ngml:layoutX="0" ngml:layoutY="500" ngml:layoutWidth="646" ngml:layoutHeight="882" />
    </assessmentSection>
  </testPart>
</assessmentTest>