<?xml version="1.0" encoding="utf-8"?>
<assessmentTest xmlns:xsi="http://www.w3.org/2001/XMLSchema-instance" xmlns:ngml="http://ioki.com.pl/schema/imsqti_v2p1" xsi:schemaLocation="http://www.imsglobal.org/xsd/imsqti_v2p1 ../../ngml-namespace/imsqti_v2p1_ngml.xsd" title="Appendix 4 Subordinating Conjunctions" identifier="n_200" xmlns="http://www.imsglobal.org/xsd/imsqti_v2p1">
  <ngml:activity type="homework" time="00:00:00" globalId="3a369109-499d-407c-8ea5-6f2550c2b8b2" no-submit="false" checkPunctuation="false" caseSensitivity="false" uid="1003000170000000351" version="11" />
  <ngml:title><![CDATA[Appendix 4 Subordinating Conjunctions]]></ngml:title>
  <testPart identifier="p_1" navigationMode="linear" submissionMode="individual">
    <assessmentSection identifier="section_1" ngml:version="11" ngml:uid="1004000170000000430" visible="true" ngml:pageBreak="false" title="Appendix 4 Subordinating Conjunctions" ngml:layoutHeight="158" ngml:autonumbering="false">
      <ngml:title><![CDATA[Appendix 4 Subordinating Conjunctions]]></ngml:title>
      <ngml:rubric>
        <ngml:text><![CDATA[]]></ngml:text>
      </ngml:rubric>
      <ngml:referenceObjects>
        <ngml:referenceObject layoutX="0" layoutY="0" layoutWidth="0" layoutHeight="0">
          <ngml:asset identifier="n_200--p_1--s_1--block_0--ref_1366193066962" type="image" src="http://media.pearsoncmg.com/intl/elt/compose/mel_writing_2/WL2_A_SC1.jpg" shortVersion="false" layoutWidth="0" layoutHeight="0" />
        </ngml:referenceObject>
        <ngml:referenceObject layoutX="0" layoutY="0" layoutWidth="700" layoutHeight="71">
          <ngml:text><![CDATA[<B>Subordinating Conjunctions</B><BR/><BR/>Subordinating conjunctions are words that introduce dependent clauses. The following are common categories of subordinating conjunctions:]]></ngml:text>
        </ngml:referenceObject>
      </ngml:referenceObjects>
    </assessmentSection>
  </testPart>
</assessmentTest>