<?xml version="1.0" encoding="utf-8"?>
<assessmentItem xmlns:xsi="http://www.w3.org/2001/XMLSchema-instance" xmlns:ngml="http://ioki.com.pl/schema/imsqti_v2p1" xsi:schemaLocation="http://www.imsglobal.org/xsd/imsqti_v2p1 ../../ngml-namespace/imsqti_v2p1_ngml.xsd" title="item-i_1" identifier="i_1" timeDependent="false" adaptive="false" xmlns="http://www.imsglobal.org/xsd/imsqti_v2p1">
  <ngml:question version="10" uid="1001000170000022074" type="single-underline" orientation="vertical" example="false" scoringAlgorithm="dichotomous" />
  <responseDeclaration identifier="RESPONSE_1" cardinality="single" baseType="identifier">
    <correctResponse>
      <value>i_1--underline--15</value>
    </correctResponse>
  </responseDeclaration>
  <itemBody>
    <ngml:text><![CDATA[The two candidates for state senator from Croft County, Jerry Aspen and Carla Haigen, are different in several ways. ]]></ngml:text>
    <ngml:hottextInteraction responseIdentifier="RESPONSE_1" maxChoices="1" example="false">
      <ngml:hottext identifier="i_1--underline--12">
        <ngml:text><![CDATA[To begin, they belong to different political parties. ]]></ngml:text>
      </ngml:hottext>
      <ngml:hottext identifier="i_1--underline--13">
        <ngml:text><![CDATA[Jerry is a Democrat, but Carla is a Republican.]]></ngml:text>
      </ngml:hottext>
      <ngml:text><![CDATA[ ]]></ngml:text>
      <ngml:hottext identifier="i_1--underline--14">
        <ngml:text><![CDATA[Therefore, the candidates have different philosophies about taxes.]]></ngml:text>
      </ngml:hottext>
      <ngml:text><![CDATA[ ]]></ngml:text>
      <ngml:hottext identifier="i_1--underline--15">
        <ngml:text><![CDATA[They do have similar ideas about energy use and preventing pollution.]]></ngml:text>
      </ngml:hottext>
      <ngml:text><![CDATA[ ]]></ngml:text>
      <ngml:hottext identifier="i_1--underline--5">
        <ngml:text><![CDATA[Second, they have different backgrounds.]]></ngml:text>
      </ngml:hottext>
      <ngml:text><![CDATA[ ]]></ngml:text>
      <ngml:hottext identifier="i_1--underline--6">
        <ngml:text><![CDATA[Jerry was born in Croft County and comes from a family of farmers.]]></ngml:text>
      </ngml:hottext>
      <ngml:text><![CDATA[ ]]></ngml:text>
      <ngml:hottext identifier="i_1--underline--7">
        <ngml:text><![CDATA[Carla was born in Chicago and moved to Croft just eight years ago.]]></ngml:text>
      </ngml:hottext>
      <ngml:text><![CDATA[ ]]></ngml:text>
      <ngml:hottext identifier="i_1--underline--8">
        <ngml:text><![CDATA[Jerry and Carla also have different ideas about the future of Croft County.]]></ngml:text>
      </ngml:hottext>
      <ngml:text><![CDATA[ ]]></ngml:text>
      <ngml:hottext identifier="i_1--underline--9">
        <ngml:text><![CDATA[Unlike Carla, Jerry wants the county to stay rural, with a small population.]]></ngml:text>
      </ngml:hottext>
      <ngml:text><![CDATA[ ]]></ngml:text>
      <ngml:hottext identifier="i_1--underline--10">
        <ngml:text><![CDATA[Carla would like to attract more businesses to the county.]]></ngml:text>
      </ngml:hottext>
      <ngml:text><![CDATA[ ]]></ngml:text>
      <ngml:hottext identifier="i_1--underline--11">
        <ngml:text><![CDATA[Both Carla and Jerry are honest and hardworking politicians, but I plan to vote for Jerry Aspen because I agree with most of his ideas.]]></ngml:text>
      </ngml:hottext>
    </ngml:hottextInteraction>
  </itemBody>
  <ngml:feedbacks>
    <ngml:feedback type="generic" responseIdentifier="RESPONSE_1">
      <ngml:feedbackResponse>
        <ngml:text><![CDATA[All the sentences in a contrast paragraph should be about differences. ]]></ngml:text>
      </ngml:feedbackResponse>
    </ngml:feedback>
    <ngml:feedback type="wrong-answer-specific" location="i_1--underline--5" responseIdentifier="RESPONSE_1">
      <ngml:condition>
        <ngml:valueExists>i_1--underline--5</ngml:valueExists>
      </ngml:condition>
      <ngml:feedbackResponse>
        <ngml:text><![CDATA[All the sentences in a contrast paragraph should be about differences. Does this sentence tell us about differences or similarities?]]></ngml:text>
      </ngml:feedbackResponse>
    </ngml:feedback>
    <ngml:feedback type="wrong-answer-specific" location="i_1--underline--6" responseIdentifier="RESPONSE_1">
      <ngml:condition>
        <ngml:valueExists>i_1--underline--6</ngml:valueExists>
      </ngml:condition>
      <ngml:feedbackResponse>
        <ngml:text><![CDATA[All the sentences in a contrast paragraph should be about differences. Does this sentence tell us about differences or similarities?]]></ngml:text>
      </ngml:feedbackResponse>
    </ngml:feedback>
    <ngml:feedback type="wrong-answer-specific" location="i_1--underline--7" responseIdentifier="RESPONSE_1">
      <ngml:condition>
        <ngml:valueExists>i_1--underline--7</ngml:valueExists>
      </ngml:condition>
      <ngml:feedbackResponse>
        <ngml:text><![CDATA[All the sentences in a contrast paragraph should be about differences. Does this sentence tell us about differences or similarities?]]></ngml:text>
      </ngml:feedbackResponse>
    </ngml:feedback>
    <ngml:feedback type="wrong-answer-specific" location="i_1--underline--8" responseIdentifier="RESPONSE_1">
      <ngml:condition>
        <ngml:valueExists>i_1--underline--8</ngml:valueExists>
      </ngml:condition>
      <ngml:feedbackResponse>
        <ngml:text><![CDATA[All the sentences in a contrast paragraph should be about differences. Does this sentence tell us about differences or similarities?]]></ngml:text>
      </ngml:feedbackResponse>
    </ngml:feedback>
    <ngml:feedback type="wrong-answer-specific" location="i_1--underline--9" responseIdentifier="RESPONSE_1">
      <ngml:condition>
        <ngml:valueExists>i_1--underline--9</ngml:valueExists>
      </ngml:condition>
      <ngml:feedbackResponse>
        <ngml:text><![CDATA[All the sentences in a contrast paragraph should be about differences. Does this sentence tell us about differences or similarities?]]></ngml:text>
      </ngml:feedbackResponse>
    </ngml:feedback>
    <ngml:feedback type="wrong-answer-specific" location="i_1--underline--10" responseIdentifier="RESPONSE_1">
      <ngml:condition>
        <ngml:valueExists>i_1--underline--10</ngml:valueExists>
      </ngml:condition>
      <ngml:feedbackResponse>
        <ngml:text><![CDATA[All the sentences in a contrast paragraph should be about differences. Does this sentence tell us about differences or similarities?]]></ngml:text>
      </ngml:feedbackResponse>
    </ngml:feedback>
    <ngml:feedback type="wrong-answer-specific" location="i_1--underline--11" responseIdentifier="RESPONSE_1">
      <ngml:condition>
        <ngml:valueExists>i_1--underline--11</ngml:valueExists>
      </ngml:condition>
      <ngml:feedbackResponse>
        <ngml:text><![CDATA[All the sentences in a contrast paragraph should be about differences. Does this sentence tell us about differences or similarities?]]></ngml:text>
      </ngml:feedbackResponse>
    </ngml:feedback>
  </ngml:feedbacks>
</assessmentItem>