<?xml version="1.0" encoding="utf-8"?>
<assessmentTest xmlns:xsi="http://www.w3.org/2001/XMLSchema-instance" xmlns:ngml="http://ioki.com.pl/schema/imsqti_v2p1" xsi:schemaLocation="http://www.imsglobal.org/xsd/imsqti_v2p1 ../../ngml-namespace/imsqti_v2p1_ngml.xsd" title="Practice 2" identifier="n_119" xmlns="http://www.imsglobal.org/xsd/imsqti_v2p1">
  <ngml:activity type="homework" time="00:00:00" globalId="39df3fd0-f8b7-4ae6-b48c-ec356cb55224" no-submit="false" checkPunctuation="true" caseSensitivity="true" uid="1003000170000000164" version="7" />
  <ngml:title><![CDATA[Practice 2]]></ngml:title>
  <testPart identifier="p_1" navigationMode="linear" submissionMode="individual">
    <assessmentSection identifier="section_1" ngml:version="6" ngml:uid="1004000170000000214" visible="true" ngml:pageBreak="false" title="Practice 2" ngml:layoutHeight="1116" ngml:autonumbering="false">
      <ngml:title><![CDATA[Practice 2]]></ngml:title>
      <ngml:tips>
        <ngml:tip>
          <ngml:text><![CDATA[A complete sentence has a subject and a verb and expresses a complete thought. Follow these rules for proper capitalization and end punctuation of sentences.]]></ngml:text>
          <ngml:asset identifier="n_119--p_1--tip_1364198298487--block_0--ref_1391172186970" type="image" src="http://media.pearsoncmg.com/intl/elt/compose/mel_writing_2/WL2_PM_SP_P2.jpg" shortVersion="false" />
        </ngml:tip>
      </ngml:tips>
      <ngml:rubric>
        <ngml:text><![CDATA[Rewrite each sentence with a capital letter and end punctuation as needed.]]></ngml:text>
      </ngml:rubric>
      <assessmentItemRef identifier="i_1" href="i_1.xml" ngml:layoutX="24" ngml:layoutY="0" ngml:layoutWidth="791" ngml:layoutHeight="91" ngml:itemEnumeration="1" />
      <assessmentItemRef identifier="i_10" href="i_10.xml" ngml:layoutX="24" ngml:layoutY="905" ngml:layoutWidth="770" ngml:layoutHeight="71" ngml:itemEnumeration="10" />
      <assessmentItemRef identifier="i_11" href="i_11.xml" ngml:layoutX="24" ngml:layoutY="1002" ngml:layoutWidth="770" ngml:layoutHeight="71" ngml:itemEnumeration="11" />
      <assessmentItemRef identifier="i_2" href="i_2.xml" ngml:layoutX="24" ngml:layoutY="128" ngml:layoutWidth="770" ngml:layoutHeight="71" ngml:itemEnumeration="2" />
      <assessmentItemRef identifier="i_3" href="i_3.xml" ngml:layoutX="24" ngml:layoutY="225" ngml:layoutWidth="770" ngml:layoutHeight="71" ngml:itemEnumeration="3" />
      <assessmentItemRef identifier="i_4" href="i_4.xml" ngml:layoutX="24" ngml:layoutY="322" ngml:layoutWidth="770" ngml:layoutHeight="71" ngml:itemEnumeration="4" />
      <assessmentItemRef identifier="i_5" href="i_5.xml" ngml:layoutX="24" ngml:layoutY="419" ngml:layoutWidth="770" ngml:layoutHeight="71" ngml:itemEnumeration="5" />
      <assessmentItemRef identifier="i_6" href="i_6.xml" ngml:layoutX="24" ngml:layoutY="516" ngml:layoutWidth="770" ngml:layoutHeight="71" ngml:itemEnumeration="6" />
      <assessmentItemRef identifier="i_7" href="i_7.xml" ngml:layoutX="24" ngml:layoutY="613" ngml:layoutWidth="770" ngml:layoutHeight="71" ngml:itemEnumeration="7" />
      <assessmentItemRef identifier="i_8" href="i_8.xml" ngml:layoutX="24" ngml:layoutY="711" ngml:layoutWidth="770" ngml:layoutHeight="71" ngml:itemEnumeration="8" />
      <assessmentItemRef identifier="i_9" href="i_9.xml" ngml:layoutX="24" ngml:layoutY="808" ngml:layoutWidth="770" ngml:layoutHeight="71" ngml:itemEnumeration="9" />
    </assessmentSection>
  </testPart>
</assessmentTest>