<?xml version="1.0" encoding="utf-8"?>
<assessmentItem xmlns:xsi="http://www.w3.org/2001/XMLSchema-instance" xmlns:ngml="http://ioki.com.pl/schema/imsqti_v2p1" xsi:schemaLocation="http://www.imsglobal.org/xsd/imsqti_v2p1 ../../ngml-namespace/imsqti_v2p1_ngml.xsd" title="item-i_1" identifier="i_1" timeDependent="false" adaptive="false" xmlns="http://www.imsglobal.org/xsd/imsqti_v2p1">
  <ngml:question version="12" uid="1005000170000000922" type="fillin" orientation="vertical" example="true" scoringAlgorithm="dichotomous" />
  <responseDeclaration identifier="RESPONSE_1" cardinality="single" baseType="identifier">
    <correctResponse>
      <value>Last Saturday was my thirtieth birthday.</value>
    </correctResponse>
  </responseDeclaration>
  <itemBody>
    <ngml:text><![CDATA[last Saturday was my thirtieth birthday]]></ngml:text>
    <ngml:text><![CDATA[<BR/>]]></ngml:text>
    <textEntryInteraction responseIdentifier="RESPONSE_1" ngml:example="true" ngml:gapSize="superwide" />
    <ngml:text><![CDATA[ ]]></ngml:text>
  </itemBody>
</assessmentItem>