<?xml version="1.0" encoding="utf-8"?>
<assessmentTest xmlns:xsi="http://www.w3.org/2001/XMLSchema-instance" xmlns:ngml="http://ioki.com.pl/schema/imsqti_v2p1" xsi:schemaLocation="http://www.imsglobal.org/xsd/imsqti_v2p1 ../../ngml-namespace/imsqti_v2p1_ngml.xsd" title="Practice 2" identifier="n_235" xmlns="http://www.imsglobal.org/xsd/imsqti_v2p1">
  <ngml:activity type="homework" time="00:00:00" globalId="d0cb08f3-4143-4196-b6e1-bcceb701f11e" no-submit="false" checkPunctuation="false" caseSensitivity="false" uid="1003000170000000301" version="7" />
  <ngml:title><![CDATA[Practice 2]]></ngml:title>
  <testPart identifier="p_1" navigationMode="linear" submissionMode="individual">
    <assessmentSection identifier="section_1" ngml:version="6" ngml:uid="1004000170000000379" visible="true" ngml:pageBreak="false" title="Practice 2" ngml:layoutHeight="607" ngml:autonumbering="false">
      <ngml:title><![CDATA[Practice 2]]></ngml:title>
      <ngml:tips>
        <ngml:tip>
          <ngml:text><![CDATA[<B>Introducing Effects</B><BR/><BR/>An <B>effect</B> is the result of a cause. A paragraph can include one or more causes and effects of those causes.<BR/>• The topic sentence states the cause. The controlling idea states that there are one or more effects. For example: <BR/><I>Singing can have a number of positive effects on people's health. </I><BR/><I>The slow economy has hurt my hometown in three ways. </I><BR/><I>Forest fires in the southwest part of the state have had terrible effects on wildlife, plant life, and tourism.</I><BR/>• The supporting sentences discuss the effects. There should be one or more sentences for each one. Use listing signals (<I>first, the first effect, second, next, the last effect</I>) to introduce each one.<BR/>• The conclusion should summarize the main idea and offer a final comment, suggestion, etc.<BR/><BR/>Use the following signal words and phrases to introduce effects:]]></ngml:text>
          <ngml:asset identifier="n_235--p_1--tip_1366288385414--block_0--ref_1366288480374" type="image" src="http://media.pearsoncmg.com/intl/elt/compose/mel_writing_2/WL2_PO_IE_P2.jpg" shortVersion="false" />
        </ngml:tip>
      </ngml:tips>
      <ngml:rubric>
        <ngml:text><![CDATA[Read the paragraphs. In each paragraph, click on one sentence that does not belong.]]></ngml:text>
      </ngml:rubric>
      <assessmentItemRef identifier="i_1" href="i_1.xml" ngml:layoutX="0" ngml:layoutY="0" ngml:layoutWidth="770" ngml:layoutHeight="277" />
      <assessmentItemRef identifier="i_2" href="i_2.xml" ngml:layoutX="0" ngml:layoutY="309" ngml:layoutWidth="770" ngml:layoutHeight="248" />
    </assessmentSection>
  </testPart>
</assessmentTest>