<?xml version="1.0" encoding="utf-8"?>
<assessmentItem xmlns:xsi="http://www.w3.org/2001/XMLSchema-instance" xmlns:ngml="http://ioki.com.pl/schema/imsqti_v2p1" xsi:schemaLocation="http://www.imsglobal.org/xsd/imsqti_v2p1 ../../ngml-namespace/imsqti_v2p1_ngml.xsd" title="item-i_1" identifier="i_1" timeDependent="false" adaptive="false" xmlns="http://www.imsglobal.org/xsd/imsqti_v2p1">
  <ngml:question version="9" uid="1005000170000001807" type="single-underline" orientation="vertical" example="false" scoringAlgorithm="dichotomous" />
  <responseDeclaration identifier="RESPONSE_1" cardinality="single" baseType="identifier">
    <correctResponse>
      <value>i_1--underline--4</value>
    </correctResponse>
  </responseDeclaration>
  <itemBody>
    <ngml:text><![CDATA[Paragraph 1]]></ngml:text>
    <ngml:text><![CDATA[<BR/>]]></ngml:text>
    <ngml:text><![CDATA[<BR/>]]></ngml:text>
    <ngml:text><![CDATA[The financial crisis of 2008 has had some serious negative effects on American people, businesses, and towns. ]]></ngml:text>
    <ngml:hottextInteraction responseIdentifier="RESPONSE_1" maxChoices="1" example="false">
      <ngml:hottext identifier="i_1--underline--0">
        <ngml:text><![CDATA[One of the most serious effects is that millions of people have lost their jobs.]]></ngml:text>
      </ngml:hottext>
      <ngml:text><![CDATA[ ]]></ngml:text>
      <ngml:hottext identifier="i_1--underline--1">
        <ngml:text><![CDATA[As a result, many people have also lost their homes because they couldn't pay their mortgage.]]></ngml:text>
      </ngml:hottext>
      <ngml:text><![CDATA[ ]]></ngml:text>
      <ngml:hottext identifier="i_1--underline--11">
        <ngml:text><![CDATA[Also, many high school graduates have cancelled their college plans because they can't afford the cost of tuition.]]></ngml:text>
      </ngml:hottext>
      <ngml:text><![CDATA[ ]]></ngml:text>
      <ngml:hottext identifier="i_1--underline--3">
        <ngml:text><![CDATA[In addition, many college graduates are living with their parents again because they can't find jobs.]]></ngml:text>
      </ngml:hottext>
      <ngml:text><![CDATA[ ]]></ngml:text>
      <ngml:hottext identifier="i_1--underline--4">
        <ngml:text><![CDATA[My cousin, for example, is living with his parents, and he's using his time to develop several new software products.]]></ngml:text>
      </ngml:hottext>
      <ngml:text><![CDATA[ ]]></ngml:text>
      <ngml:hottext identifier="i_1--underline--5">
        <ngml:text><![CDATA[The weak economy has also had a negative effect on businesses.]]></ngml:text>
      </ngml:hottext>
      <ngml:text><![CDATA[ ]]></ngml:text>
      <ngml:hottext identifier="i_1--underline--6">
        <ngml:text><![CDATA[Many people are unemployed; therefore, they can't afford to buy new cars, eat in restaurants, or take vacations.]]></ngml:text>
      </ngml:hottext>
      <ngml:text><![CDATA[ ]]></ngml:text>
      <ngml:hottext identifier="i_1--underline--7">
        <ngml:text><![CDATA[For this reason, many businesses have failed since 2008.]]></ngml:text>
      </ngml:hottext>
      <ngml:text><![CDATA[ ]]></ngml:text>
      <ngml:hottext identifier="i_1--underline--8">
        <ngml:text><![CDATA[Finally, the weak economy has hurt many cities.]]></ngml:text>
      </ngml:hottext>
      <ngml:text><![CDATA[ ]]></ngml:text>
      <ngml:hottext identifier="i_1--underline--9">
        <ngml:text><![CDATA[When people are unemployed, they don't pay taxes.]]></ngml:text>
      </ngml:hottext>
      <ngml:text><![CDATA[ ]]></ngml:text>
      <ngml:hottext identifier="i_1--underline--10">
        <ngml:text><![CDATA[As a result, cities don't have money to pay teachers, fix roads, or provide services to poor people.]]></ngml:text>
      </ngml:hottext>
    </ngml:hottextInteraction>
    <ngml:text><![CDATA[ In conclusion, the financial crisis of 2008 has had a devastating effect on the American economy.]]></ngml:text>
  </itemBody>
  <ngml:feedbacks>
    <ngml:feedback type="generic" responseIdentifier="RESPONSE_1">
      <ngml:feedbackResponse>
        <ngml:text><![CDATA[Read the topic sentences carefully. It is about the effects of the financial crisis. Make sure all the details in the paragraph support the topic sentence and main idea of the paragraph. Find the sentence that does not talk about the effects of the financial crisis.]]></ngml:text>
      </ngml:feedbackResponse>
    </ngml:feedback>
  </ngml:feedbacks>
</assessmentItem>