<?xml version="1.0" encoding="utf-8"?>
<assessmentItem xmlns:xsi="http://www.w3.org/2001/XMLSchema-instance" xmlns:ngml="http://ioki.com.pl/schema/imsqti_v2p1" xsi:schemaLocation="http://www.imsglobal.org/xsd/imsqti_v2p1 ../../ngml-namespace/imsqti_v2p1_ngml.xsd" title="item-i_2" identifier="i_2" timeDependent="false" adaptive="false" xmlns="http://www.imsglobal.org/xsd/imsqti_v2p1">
  <ngml:question version="9" uid="1005000170000001808" type="single-underline" orientation="vertical" example="false" scoringAlgorithm="dichotomous" />
  <responseDeclaration identifier="RESPONSE_1" cardinality="single" baseType="identifier">
    <correctResponse>
      <value>i_2--underline--21</value>
    </correctResponse>
  </responseDeclaration>
  <itemBody>
    <ngml:text><![CDATA[Paragraph 2]]></ngml:text>
    <ngml:text><![CDATA[<BR/>]]></ngml:text>
    <ngml:text><![CDATA[<BR/>]]></ngml:text>
    <ngml:text><![CDATA[For many women in developing countries, going to school and getting an education have positive effects on their lives and on their society. ]]></ngml:text>
    <ngml:hottextInteraction responseIdentifier="RESPONSE_1" maxChoices="1" example="false">
      <ngml:hottext identifier="i_2--underline--18">
        <ngml:text><![CDATA[First, education influences the size and health of women's families.]]></ngml:text>
      </ngml:hottext>
      <ngml:text><![CDATA[ ]]></ngml:text>
      <ngml:hottext identifier="i_2--underline--19">
        <ngml:text><![CDATA[Women who go to school usually get married later and have fewer babies.]]></ngml:text>
      </ngml:hottext>
      <ngml:text><![CDATA[ ]]></ngml:text>
      <ngml:hottext identifier="i_2--underline--20">
        <ngml:text><![CDATA[Since they have smaller families, they can pay more attention to their children, and they have more money to pay for their care and schooling.]]></ngml:text>
      </ngml:hottext>
      <ngml:text><![CDATA[ ]]></ngml:text>
      <ngml:hottext identifier="i_2--underline--21">
        <ngml:text><![CDATA[In many African countries, many children only go to school for three years.]]></ngml:text>
      </ngml:hottext>
      <ngml:text><![CDATA[ ]]></ngml:text>
      <ngml:hottext identifier="i_2--underline--22">
        <ngml:text><![CDATA[Another positive effect of education for women is that they learn skills that can help them get jobs or start businesses.]]></ngml:text>
      </ngml:hottext>
      <ngml:text><![CDATA[ ]]></ngml:text>
      <ngml:hottext identifier="i_2--underline--23">
        <ngml:text><![CDATA[As a result, they are able to make money for their families.]]></ngml:text>
      </ngml:hottext>
      <ngml:text><![CDATA[ ]]></ngml:text>
      <ngml:hottext identifier="i_2--underline--24">
        <ngml:text><![CDATA[Finally, because educated women have smaller families and can make money for themselves, they have more money to spend.]]></ngml:text>
      </ngml:hottext>
      <ngml:text><![CDATA[ ]]></ngml:text>
      <ngml:hottext identifier="i_2--underline--25">
        <ngml:text><![CDATA[This can help them escape poverty and strengthen their local economy. ]]></ngml:text>
      </ngml:hottext>
      <ngml:hottext identifier="i_2--underline--26">
        <ngml:text><![CDATA[In conclusion, it is clear that educating women has a lot of benefits for developing nations.]]></ngml:text>
      </ngml:hottext>
    </ngml:hottextInteraction>
  </itemBody>
  <ngml:feedbacks>
    <ngml:feedback type="generic" responseIdentifier="RESPONSE_1">
      <ngml:feedbackResponse>
        <ngml:text><![CDATA[Read the topic sentence carefully. It is about the effects schooling and education have on women in developing countries. Make sure all the details in the paragraph support the topic sentence and main idea of the paragraph. Find the sentence that does not talk about the effects of schooling and education on women in developing countries.]]></ngml:text>
      </ngml:feedbackResponse>
    </ngml:feedback>
  </ngml:feedbacks>
</assessmentItem>