<?xml version="1.0" encoding="utf-8"?>
<assessmentTest xmlns:xsi="http://www.w3.org/2001/XMLSchema-instance" xmlns:ngml="http://ioki.com.pl/schema/imsqti_v2p1" xsi:schemaLocation="http://www.imsglobal.org/xsd/imsqti_v2p1 ../../ngml-namespace/imsqti_v2p1_ngml.xsd" title="Practice 2" identifier="n_234" xmlns="http://www.imsglobal.org/xsd/imsqti_v2p1">
  <ngml:activity type="homework" time="00:00:00" globalId="b05b530a-d3f1-4172-9d56-e63fa1e0f568" no-submit="false" checkPunctuation="false" caseSensitivity="false" uid="1003000170000000543" version="10" />
  <ngml:title><![CDATA[Practice 2]]></ngml:title>
  <testPart identifier="p_1" navigationMode="linear" submissionMode="individual">
    <assessmentSection identifier="section_1" ngml:version="8" ngml:uid="1004000170000000606" visible="true" ngml:pageBreak="false" title="Practice 2" ngml:layoutHeight="852" ngml:autonumbering="false">
      <ngml:title><![CDATA[Practice 2]]></ngml:title>
      <ngml:tips>
        <ngml:tip>
          <ngml:text><![CDATA[<B>The Simple Present</B><BR/><BR/>Use the simple present to talk about habits or customs, facts, ownership, or opinions in the present.<BR/><BR/><B>Examples: </B><BR/>I always <B>wash</B> my hands before I <B>eat</B>. (habit)<BR/>Katya <B>doesn't eat</B> meat. (habit)<BR/>Many birds <B>fly</B> south for the winter. (fact)<BR/>Penguins <B>don't fly</B>. (fact)<BR/>My house <B>has</B> a formal dining room. (ownership)<BR/>Jim <B>doesn't have</B> a big house. (ownership)<BR/>I <B>think</B> television commercials are annoying. (opinion)<BR/>Keyvan <B>doesn't like</B> tea. (opinion)<BR/><BR/>For pronouns <I>I</I>, <I>you</I>, <I>we</I>, and <I>they</I>, use the base form of the verb. Use <I>do not / don't</I>  + the base form of the verb for negative statements.<BR/>For subjects in third person singular (pronouns <I>he</I>, <I>she</I>, and <I>it</I> ), add –<I>s</I>  to the verb. Use <I>does not / doesn't</I>  + the base form of the verb for negative statements.<BR/><BR/>To form questions, <I>use do / does</I>  + subject + base form of the verb. <BR/><BR/>The verbs <I>be </I> and <I>have </I> are irregular. Be  is irregular in all forms. The irregular third person singular form of <I>have </I> is <I>has</I>.]]></ngml:text>
          <ngml:asset identifier="n_234--p_1--tip_1366287944354--block_0--ref_1366288445285" type="image" src="http://media.pearsoncmg.com/intl/elt/compose/mel_writing_2/WL2_G_SP_P2.jpg" shortVersion="false" />
        </ngml:tip>
      </ngml:tips>
      <ngml:rubric>
        <ngml:text><![CDATA[Complete each sentence with the correct simple present form of the verb in parentheses.]]></ngml:text>
      </ngml:rubric>
      <assessmentItemRef identifier="i_2" href="i_2.xml" ngml:layoutX="24" ngml:layoutY="0" ngml:layoutWidth="791" ngml:layoutHeight="53" ngml:itemEnumeration="1" />
      <assessmentItemRef identifier="i_10" href="i_10.xml" ngml:layoutX="24" ngml:layoutY="689" ngml:layoutWidth="770" ngml:layoutHeight="33" ngml:itemEnumeration="10" />
      <assessmentItemRef identifier="i_11" href="i_11.xml" ngml:layoutX="24" ngml:layoutY="762" ngml:layoutWidth="770" ngml:layoutHeight="33" ngml:itemEnumeration="11" />
      <assessmentItemRef identifier="i_1" href="i_1.xml" ngml:layoutX="24" ngml:layoutY="104" ngml:layoutWidth="770" ngml:layoutHeight="33" ngml:itemEnumeration="2" />
      <assessmentItemRef identifier="i_3" href="i_3.xml" ngml:layoutX="24" ngml:layoutY="177" ngml:layoutWidth="770" ngml:layoutHeight="33" ngml:itemEnumeration="3" />
      <assessmentItemRef identifier="i_4" href="i_4.xml" ngml:layoutX="24" ngml:layoutY="250" ngml:layoutWidth="770" ngml:layoutHeight="33" ngml:itemEnumeration="4" />
      <assessmentItemRef identifier="i_5" href="i_5.xml" ngml:layoutX="24" ngml:layoutY="323" ngml:layoutWidth="770" ngml:layoutHeight="33" ngml:itemEnumeration="5" />
      <assessmentItemRef identifier="i_6" href="i_6.xml" ngml:layoutX="24" ngml:layoutY="396" ngml:layoutWidth="770" ngml:layoutHeight="33" ngml:itemEnumeration="6" />
      <assessmentItemRef identifier="i_7" href="i_7.xml" ngml:layoutX="24" ngml:layoutY="469" ngml:layoutWidth="770" ngml:layoutHeight="33" ngml:itemEnumeration="7" />
      <assessmentItemRef identifier="i_8" href="i_8.xml" ngml:layoutX="24" ngml:layoutY="543" ngml:layoutWidth="770" ngml:layoutHeight="33" ngml:itemEnumeration="8" />
      <assessmentItemRef identifier="i_9" href="i_9.xml" ngml:layoutX="24" ngml:layoutY="616" ngml:layoutWidth="770" ngml:layoutHeight="33" ngml:itemEnumeration="9" />
    </assessmentSection>
  </testPart>
</assessmentTest>