<?xml version="1.0" encoding="utf-8"?>
<assessmentTest xmlns:xsi="http://www.w3.org/2001/XMLSchema-instance" xmlns:ngml="http://ioki.com.pl/schema/imsqti_v2p1" xsi:schemaLocation="http://www.imsglobal.org/xsd/imsqti_v2p1 ../../ngml-namespace/imsqti_v2p1_ngml.xsd" title="Practice 1" identifier="n_215" xmlns="http://www.imsglobal.org/xsd/imsqti_v2p1">
  <ngml:activity type="homework" time="00:00:00" globalId="23b52b65-3953-4cbc-871a-6b0ca5dbdbe6" no-submit="false" checkPunctuation="false" caseSensitivity="false" uid="1003000170000000536" version="6" />
  <ngml:title><![CDATA[Practice 1]]></ngml:title>
  <testPart identifier="p_1" navigationMode="linear" submissionMode="individual">
    <assessmentSection identifier="section_1" ngml:version="6" ngml:uid="1004000170000000600" visible="true" ngml:pageBreak="false" title="Practice 1" ngml:layoutHeight="320" ngml:autonumbering="false">
      <ngml:title><![CDATA[Practice 1]]></ngml:title>
      <ngml:tips>
        <ngml:tip>
          <ngml:text><![CDATA[<B>Prepositions of Time</B><BR/><BR/>Prepositions link nouns, pronouns, and phrases to other words in a sentence.<BR/><BR/>Prepositions of time tell us <I>when</I> something happens. The most common prepositions of time include <I>in</I>, <I>on</I>, <I>at</I>, and <I>from</I>… <I>to</I>.]]></ngml:text>
          <ngml:asset identifier="n_215--p_1--tip_1366269727516--block_0--ref_1366269772798" type="image" src="http://media.pearsoncmg.com/intl/elt/compose/mel_writing_2/WL2_G_PT_P1.jpg" shortVersion="false" />
        </ngml:tip>
      </ngml:tips>
      <ngml:rubric>
        <ngml:text><![CDATA[Click on the correct prepositions of time.]]></ngml:text>
      </ngml:rubric>
      <assessmentItemRef identifier="i_1" href="i_1.xml" ngml:layoutX="24" ngml:layoutY="0" ngml:layoutWidth="770" ngml:layoutHeight="14" ngml:itemEnumeration="1" />
      <assessmentItemRef identifier="i_2" href="i_2.xml" ngml:layoutX="24" ngml:layoutY="46" ngml:layoutWidth="770" ngml:layoutHeight="38" ngml:itemEnumeration="2" />
      <assessmentItemRef identifier="i_3" href="i_3.xml" ngml:layoutX="24" ngml:layoutY="116" ngml:layoutWidth="770" ngml:layoutHeight="38" ngml:itemEnumeration="3" />
      <assessmentItemRef identifier="i_4" href="i_4.xml" ngml:layoutX="24" ngml:layoutY="186" ngml:layoutWidth="770" ngml:layoutHeight="38" ngml:itemEnumeration="4" />
      <assessmentItemRef identifier="i_5" href="i_5.xml" ngml:layoutX="24" ngml:layoutY="256" ngml:layoutWidth="770" ngml:layoutHeight="14" ngml:itemEnumeration="5" />
    </assessmentSection>
  </testPart>
</assessmentTest>