<?xml version="1.0" encoding="utf-8"?>
<assessmentItem xmlns:xsi="http://www.w3.org/2001/XMLSchema-instance" xmlns:ngml="http://ioki.com.pl/schema/imsqti_v2p1" xsi:schemaLocation="http://www.imsglobal.org/xsd/imsqti_v2p1 ../../ngml-namespace/imsqti_v2p1_ngml.xsd" title="item-i_1" identifier="i_1" timeDependent="false" adaptive="false" xmlns="http://www.imsglobal.org/xsd/imsqti_v2p1">
  <ngml:question version="13" uid="1005000170000003244" type="multiple-underline" orientation="vertical" example="false" scoringAlgorithm="dichotomous" />
  <responseDeclaration identifier="RESPONSE_0" cardinality="multiple" baseType="identifier">
    <correctResponse>
      <value>i_1--underline--2</value>
    </correctResponse>
  </responseDeclaration>
  <itemBody>
    <ngml:text><![CDATA[This morning I woke up (]]></ngml:text>
    <ngml:hottextInteraction responseIdentifier="RESPONSE_0" maxChoices="0" example="false">
      <ngml:hottext identifier="i_1--underline--0">
        <ngml:text><![CDATA[in]]></ngml:text>
      </ngml:hottext>
      <ngml:text><![CDATA[ / ]]></ngml:text>
      <ngml:hottext identifier="i_1--underline--1">
        <ngml:text><![CDATA[on]]></ngml:text>
      </ngml:hottext>
      <ngml:text><![CDATA[ / ]]></ngml:text>
      <ngml:hottext identifier="i_1--underline--2">
        <ngml:text><![CDATA[at]]></ngml:text>
      </ngml:hottext>
      <ngml:text><![CDATA[) 7:30 a.m.]]></ngml:text>
    </ngml:hottextInteraction>
  </itemBody>
  <ngml:feedbacks>
    <ngml:feedback type="wrong-answer-specific" location="i_1--underline--0" responseIdentifier="RESPONSE_0">
      <ngml:condition>
        <ngml:valueExists>i_1--underline--0</ngml:valueExists>
      </ngml:condition>
      <ngml:feedbackResponse>
        <ngml:text><![CDATA[7:30 a.m. is a specific time. Which preposition do we use for that?]]></ngml:text>
      </ngml:feedbackResponse>
    </ngml:feedback>
    <ngml:feedback type="wrong-answer-specific" location="i_1--underline--1" responseIdentifier="RESPONSE_0">
      <ngml:condition>
        <ngml:valueExists>i_1--underline--1</ngml:valueExists>
      </ngml:condition>
      <ngml:feedbackResponse>
        <ngml:text><![CDATA[7:30 a.m. is a specific time. Which preposition do we use for that?]]></ngml:text>
      </ngml:feedbackResponse>
    </ngml:feedback>
  </ngml:feedbacks>
</assessmentItem>