<?xml version="1.0" encoding="utf-8"?>
<assessmentItem xmlns:xsi="http://www.w3.org/2001/XMLSchema-instance" xmlns:ngml="http://ioki.com.pl/schema/imsqti_v2p1" xsi:schemaLocation="http://www.imsglobal.org/xsd/imsqti_v2p1 ../../ngml-namespace/imsqti_v2p1_ngml.xsd" title="item-i_2" identifier="i_2" timeDependent="false" adaptive="false" xmlns="http://www.imsglobal.org/xsd/imsqti_v2p1">
  <ngml:question version="11" uid="1005000170000003245" type="multiple-underline" orientation="vertical" example="false" scoringAlgorithm="dichotomous" />
  <responseDeclaration identifier="RESPONSE_0" cardinality="multiple" baseType="identifier">
    <correctResponse>
      <value>i_2--underline--0</value>
      <value>i_2--underline--3</value>
      <value>i_2--underline--6</value>
    </correctResponse>
  </responseDeclaration>
  <itemBody>
    <ngml:text><![CDATA[Mr. Cogan is a writer. He also takes care of his children. He writes (]]></ngml:text>
    <ngml:hottextInteraction responseIdentifier="RESPONSE_0" maxChoices="0" example="false">
      <ngml:hottext identifier="i_2--underline--0">
        <ngml:text><![CDATA[from]]></ngml:text>
      </ngml:hottext>
      <ngml:text><![CDATA[ / ]]></ngml:text>
      <ngml:hottext identifier="i_2--underline--1">
        <ngml:text><![CDATA[in]]></ngml:text>
      </ngml:hottext>
      <ngml:text><![CDATA[ / ]]></ngml:text>
      <ngml:hottext identifier="i_2--underline--2">
        <ngml:text><![CDATA[at]]></ngml:text>
      </ngml:hottext>
      <ngml:text><![CDATA[)  8:00 (]]></ngml:text>
      <ngml:hottext identifier="i_2--underline--3">
        <ngml:text><![CDATA[to]]></ngml:text>
      </ngml:hottext>
      <ngml:text><![CDATA[ / ]]></ngml:text>
      <ngml:hottext identifier="i_2--underline--4">
        <ngml:text><![CDATA[in]]></ngml:text>
      </ngml:hottext>
      <ngml:text><![CDATA[ / ]]></ngml:text>
      <ngml:hottext identifier="i_2--underline--5">
        <ngml:text><![CDATA[on]]></ngml:text>
      </ngml:hottext>
      <ngml:text><![CDATA[)  12:00 every day. Then he picks up his daughter. He takes care of her (]]></ngml:text>
      <ngml:hottext identifier="i_2--underline--8">
        <ngml:text><![CDATA[on]]></ngml:text>
      </ngml:hottext>
      <ngml:text><![CDATA[ / ]]></ngml:text>
      <ngml:hottext identifier="i_2--underline--6">
        <ngml:text><![CDATA[in]]></ngml:text>
      </ngml:hottext>
      <ngml:text><![CDATA[ / ]]></ngml:text>
      <ngml:hottext identifier="i_2--underline--7">
        <ngml:text><![CDATA[from]]></ngml:text>
      </ngml:hottext>
      <ngml:text><![CDATA[)  the afternoon.]]></ngml:text>
    </ngml:hottextInteraction>
  </itemBody>
  <ngml:feedbacks>
    <ngml:feedback type="wrong-answer-specific" location="i_2--underline--1" responseIdentifier="RESPONSE_0">
      <ngml:condition>
        <ngml:valueExists>i_2--underline--1</ngml:valueExists>
      </ngml:condition>
      <ngml:feedbackResponse>
        <ngml:text><![CDATA[Mr. Cogan writes during a specific span of time. Which preposition of time do we use for a span of time?]]></ngml:text>
      </ngml:feedbackResponse>
    </ngml:feedback>
    <ngml:feedback type="wrong-answer-specific" location="i_2--underline--2" responseIdentifier="RESPONSE_0">
      <ngml:condition>
        <ngml:valueExists>i_2--underline--2</ngml:valueExists>
      </ngml:condition>
      <ngml:feedbackResponse>
        <ngml:text><![CDATA[Mr. Cogan writes during a specific span of time. Which preposition of time do we use for a span of time?]]></ngml:text>
      </ngml:feedbackResponse>
    </ngml:feedback>
    <ngml:feedback type="wrong-answer-specific" location="i_2--underline--4" responseIdentifier="RESPONSE_0">
      <ngml:condition>
        <ngml:valueExists>i_2--underline--4</ngml:valueExists>
      </ngml:condition>
      <ngml:feedbackResponse>
        <ngml:text><![CDATA[Mr. Cogan writes during a specific span of time. Which preposition of time do we use for a span of time?]]></ngml:text>
      </ngml:feedbackResponse>
    </ngml:feedback>
    <ngml:feedback type="wrong-answer-specific" location="i_2--underline--5" responseIdentifier="RESPONSE_0">
      <ngml:condition>
        <ngml:valueExists>i_2--underline--5</ngml:valueExists>
      </ngml:condition>
      <ngml:feedbackResponse>
        <ngml:text><![CDATA[Mr. Cogan writes during a specific span of time. Which preposition of time do we use for a span of time?]]></ngml:text>
      </ngml:feedbackResponse>
    </ngml:feedback>
    <ngml:feedback type="wrong-answer-specific" location="i_2--underline--8" responseIdentifier="RESPONSE_0">
      <ngml:condition>
        <ngml:valueExists>i_2--underline--8</ngml:valueExists>
      </ngml:condition>
      <ngml:feedbackResponse>
        <ngml:text><![CDATA[The afternoon is a specific part of the day. Which preposition do we use for that?]]></ngml:text>
      </ngml:feedbackResponse>
    </ngml:feedback>
    <ngml:feedback type="wrong-answer-specific" location="i_2--underline--7" responseIdentifier="RESPONSE_0">
      <ngml:condition>
        <ngml:valueExists>i_2--underline--7</ngml:valueExists>
      </ngml:condition>
      <ngml:feedbackResponse>
        <ngml:text><![CDATA[The afternoon is a specific part of the day. Which preposition do we use for that?]]></ngml:text>
      </ngml:feedbackResponse>
    </ngml:feedback>
  </ngml:feedbacks>
</assessmentItem>