<?xml version="1.0" encoding="utf-8"?>
<assessmentItem xmlns:xsi="http://www.w3.org/2001/XMLSchema-instance" xmlns:ngml="http://ioki.com.pl/schema/imsqti_v2p1" xsi:schemaLocation="http://www.imsglobal.org/xsd/imsqti_v2p1 ../../ngml-namespace/imsqti_v2p1_ngml.xsd" title="item-i_3" identifier="i_3" timeDependent="false" adaptive="false" xmlns="http://www.imsglobal.org/xsd/imsqti_v2p1">
  <ngml:question version="10" uid="1005000170000003246" type="multiple-underline" orientation="vertical" example="false" scoringAlgorithm="dichotomous" />
  <responseDeclaration identifier="RESPONSE_0" cardinality="multiple" baseType="identifier">
    <correctResponse>
      <value>i_3--underline--0</value>
      <value>i_3--underline--3</value>
      <value>i_3--underline--8</value>
    </correctResponse>
  </responseDeclaration>
  <itemBody>
    <ngml:text><![CDATA[Mr. Nagley is a teacher. He teaches (]]></ngml:text>
    <ngml:hottextInteraction responseIdentifier="RESPONSE_0" maxChoices="0" example="false">
      <ngml:hottext identifier="i_3--underline--2">
        <ngml:text><![CDATA[in]]></ngml:text>
      </ngml:hottext>
      <ngml:text><![CDATA[ / ]]></ngml:text>
      <ngml:hottext identifier="i_3--underline--1">
        <ngml:text><![CDATA[at]]></ngml:text>
      </ngml:hottext>
      <ngml:text><![CDATA[ / ]]></ngml:text>
      <ngml:hottext identifier="i_3--underline--0">
        <ngml:text><![CDATA[from]]></ngml:text>
      </ngml:hottext>
      <ngml:text><![CDATA[)  September  (]]></ngml:text>
      <ngml:hottext identifier="i_3--underline--3">
        <ngml:text><![CDATA[to]]></ngml:text>
      </ngml:hottext>
      <ngml:text><![CDATA[ / ]]></ngml:text>
      <ngml:hottext identifier="i_3--underline--4">
        <ngml:text><![CDATA[in]]></ngml:text>
      </ngml:hottext>
      <ngml:text><![CDATA[ / ]]></ngml:text>
      <ngml:hottext identifier="i_3--underline--5">
        <ngml:text><![CDATA[at]]></ngml:text>
      </ngml:hottext>
      <ngml:text><![CDATA[)  June. (]]></ngml:text>
      <ngml:hottext identifier="i_3--underline--6">
        <ngml:text><![CDATA[At]]></ngml:text>
      </ngml:hottext>
      <ngml:text><![CDATA[ / ]]></ngml:text>
      <ngml:hottext identifier="i_3--underline--7">
        <ngml:text><![CDATA[From]]></ngml:text>
      </ngml:hottext>
      <ngml:text><![CDATA[ / ]]></ngml:text>
      <ngml:hottext identifier="i_3--underline--8">
        <ngml:text><![CDATA[In]]></ngml:text>
      </ngml:hottext>
      <ngml:text><![CDATA[)  the summer, he travels and does volunteer work.]]></ngml:text>
    </ngml:hottextInteraction>
  </itemBody>
  <ngml:feedbacks>
    <ngml:feedback type="wrong-answer-specific" location="i_3--underline--2" responseIdentifier="RESPONSE_0">
      <ngml:condition>
        <ngml:valueExists>i_3--underline--2</ngml:valueExists>
      </ngml:condition>
      <ngml:feedbackResponse>
        <ngml:text><![CDATA[Mr. Nagley teaches during a specific span of time. Which preposition of time do we use for a span of time?]]></ngml:text>
      </ngml:feedbackResponse>
    </ngml:feedback>
    <ngml:feedback type="wrong-answer-specific" location="i_3--underline--1" responseIdentifier="RESPONSE_0">
      <ngml:condition>
        <ngml:valueExists>i_3--underline--1</ngml:valueExists>
      </ngml:condition>
      <ngml:feedbackResponse>
        <ngml:text><![CDATA[Mr. Nagley teaches during a specific span of time. Which preposition of time do we use for a span of time?]]></ngml:text>
      </ngml:feedbackResponse>
    </ngml:feedback>
    <ngml:feedback type="wrong-answer-specific" location="i_3--underline--4" responseIdentifier="RESPONSE_0">
      <ngml:condition>
        <ngml:valueExists>i_3--underline--4</ngml:valueExists>
      </ngml:condition>
      <ngml:feedbackResponse>
        <ngml:text><![CDATA[Mr. Nagley teaches during a specific span of time. Which preposition of time do we use for a span of time?]]></ngml:text>
      </ngml:feedbackResponse>
    </ngml:feedback>
    <ngml:feedback type="wrong-answer-specific" location="i_3--underline--5" responseIdentifier="RESPONSE_0">
      <ngml:condition>
        <ngml:valueExists>i_3--underline--5</ngml:valueExists>
      </ngml:condition>
      <ngml:feedbackResponse>
        <ngml:text><![CDATA[Mr. Nagley teaches during a specific span of time. Which preposition of time do we use for a span of time?]]></ngml:text>
      </ngml:feedbackResponse>
    </ngml:feedback>
    <ngml:feedback type="wrong-answer-specific" location="i_3--underline--6" responseIdentifier="RESPONSE_0">
      <ngml:condition>
        <ngml:valueExists>i_3--underline--6</ngml:valueExists>
      </ngml:condition>
      <ngml:feedbackResponse>
        <ngml:text><![CDATA[Summer is a season. Which preposition do we use for seasons?]]></ngml:text>
      </ngml:feedbackResponse>
    </ngml:feedback>
    <ngml:feedback type="wrong-answer-specific" location="i_3--underline--7" responseIdentifier="RESPONSE_0">
      <ngml:condition>
        <ngml:valueExists>i_3--underline--7</ngml:valueExists>
      </ngml:condition>
      <ngml:feedbackResponse>
        <ngml:text><![CDATA[Summer is a season. Which preposition do we use for seasons?]]></ngml:text>
      </ngml:feedbackResponse>
    </ngml:feedback>
  </ngml:feedbacks>
</assessmentItem>