<?xml version="1.0" encoding="utf-8"?>
<assessmentItem xmlns:xsi="http://www.w3.org/2001/XMLSchema-instance" xmlns:ngml="http://ioki.com.pl/schema/imsqti_v2p1" xsi:schemaLocation="http://www.imsglobal.org/xsd/imsqti_v2p1 ../../ngml-namespace/imsqti_v2p1_ngml.xsd" title="item-i_4" identifier="i_4" timeDependent="false" adaptive="false" xmlns="http://www.imsglobal.org/xsd/imsqti_v2p1">
  <ngml:question version="10" uid="1005000170000003247" type="multiple-underline" orientation="vertical" example="false" scoringAlgorithm="dichotomous" />
  <responseDeclaration identifier="RESPONSE_0" cardinality="multiple" baseType="identifier">
    <correctResponse>
      <value>i_4--underline--0</value>
      <value>i_4--underline--4</value>
      <value>i_4--underline--8</value>
    </correctResponse>
  </responseDeclaration>
  <itemBody>
    <ngml:text><![CDATA[My friend Stuart was born (]]></ngml:text>
    <ngml:hottextInteraction responseIdentifier="RESPONSE_0" maxChoices="0" example="false">
      <ngml:hottext identifier="i_4--underline--0">
        <ngml:text><![CDATA[on]]></ngml:text>
      </ngml:hottext>
      <ngml:text><![CDATA[ / ]]></ngml:text>
      <ngml:hottext identifier="i_4--underline--1">
        <ngml:text><![CDATA[in]]></ngml:text>
      </ngml:hottext>
      <ngml:text><![CDATA[ / ]]></ngml:text>
      <ngml:hottext identifier="i_4--underline--2">
        <ngml:text><![CDATA[at]]></ngml:text>
      </ngml:hottext>
      <ngml:text><![CDATA[)  December 31. In other words, he was born (]]></ngml:text>
      <ngml:hottext identifier="i_4--underline--3">
        <ngml:text><![CDATA[in]]></ngml:text>
      </ngml:hottext>
      <ngml:text><![CDATA[ / ]]></ngml:text>
      <ngml:hottext identifier="i_4--underline--4">
        <ngml:text><![CDATA[on]]></ngml:text>
      </ngml:hottext>
      <ngml:text><![CDATA[ / ]]></ngml:text>
      <ngml:hottext identifier="i_4--underline--5">
        <ngml:text><![CDATA[at]]></ngml:text>
      </ngml:hottext>
      <ngml:text><![CDATA[)  New Year's Eve. Naturally he has a big party every year (]]></ngml:text>
      <ngml:hottext identifier="i_4--underline--6">
        <ngml:text><![CDATA[in]]></ngml:text>
      </ngml:hottext>
      <ngml:text><![CDATA[ / ]]></ngml:text>
      <ngml:hottext identifier="i_4--underline--7">
        <ngml:text><![CDATA[at]]></ngml:text>
      </ngml:hottext>
      <ngml:text><![CDATA[ / ]]></ngml:text>
      <ngml:hottext identifier="i_4--underline--8">
        <ngml:text><![CDATA[on]]></ngml:text>
      </ngml:hottext>
      <ngml:text><![CDATA[)  his birthday!]]></ngml:text>
    </ngml:hottextInteraction>
  </itemBody>
  <ngml:feedbacks>
    <ngml:feedback type="wrong-answer-specific" location="i_4--underline--1" responseIdentifier="RESPONSE_0">
      <ngml:condition>
        <ngml:valueExists>i_4--underline--1</ngml:valueExists>
      </ngml:condition>
      <ngml:feedbackResponse>
        <ngml:text><![CDATA[December 31 is a specific date. Which preposition do we use for that?]]></ngml:text>
      </ngml:feedbackResponse>
    </ngml:feedback>
    <ngml:feedback type="wrong-answer-specific" location="i_4--underline--2" responseIdentifier="RESPONSE_0">
      <ngml:condition>
        <ngml:valueExists>i_4--underline--2</ngml:valueExists>
      </ngml:condition>
      <ngml:feedbackResponse>
        <ngml:text><![CDATA[December 31 is a specific date. Which preposition do we use for that?]]></ngml:text>
      </ngml:feedbackResponse>
    </ngml:feedback>
    <ngml:feedback type="wrong-answer-specific" location="i_4--underline--3" responseIdentifier="RESPONSE_0">
      <ngml:condition>
        <ngml:valueExists>i_4--underline--3</ngml:valueExists>
      </ngml:condition>
      <ngml:feedbackResponse>
        <ngml:text><![CDATA[New Year's Eve is a holiday. Which preposition do we use for that?]]></ngml:text>
      </ngml:feedbackResponse>
    </ngml:feedback>
    <ngml:feedback type="wrong-answer-specific" location="i_4--underline--5" responseIdentifier="RESPONSE_0">
      <ngml:condition>
        <ngml:valueExists>i_4--underline--5</ngml:valueExists>
      </ngml:condition>
      <ngml:feedbackResponse>
        <ngml:text><![CDATA[New Year's Eve is a holiday. Which preposition do we use for that?]]></ngml:text>
      </ngml:feedbackResponse>
    </ngml:feedback>
    <ngml:feedback type="wrong-answer-specific" location="i_4--underline--6" responseIdentifier="RESPONSE_0">
      <ngml:condition>
        <ngml:valueExists>i_4--underline--6</ngml:valueExists>
      </ngml:condition>
      <ngml:feedbackResponse>
        <ngml:text><![CDATA[A birthday is a special day. Which preposition do we use for that?]]></ngml:text>
      </ngml:feedbackResponse>
    </ngml:feedback>
    <ngml:feedback type="wrong-answer-specific" location="i_4--underline--7" responseIdentifier="RESPONSE_0">
      <ngml:condition>
        <ngml:valueExists>i_4--underline--7</ngml:valueExists>
      </ngml:condition>
      <ngml:feedbackResponse>
        <ngml:text><![CDATA[A birthday is a special day. Which preposition do we use for that?]]></ngml:text>
      </ngml:feedbackResponse>
    </ngml:feedback>
  </ngml:feedbacks>
</assessmentItem>