<?xml version="1.0" encoding="utf-8"?>
<assessmentItem xmlns:xsi="http://www.w3.org/2001/XMLSchema-instance" xmlns:ngml="http://ioki.com.pl/schema/imsqti_v2p1" xsi:schemaLocation="http://www.imsglobal.org/xsd/imsqti_v2p1 ../../ngml-namespace/imsqti_v2p1_ngml.xsd" title="item-i_5" identifier="i_5" timeDependent="false" adaptive="false" xmlns="http://www.imsglobal.org/xsd/imsqti_v2p1">
  <ngml:question version="11" uid="1005000170000003248" type="multiple-underline" orientation="vertical" example="false" scoringAlgorithm="dichotomous" />
  <responseDeclaration identifier="RESPONSE_0" cardinality="multiple" baseType="identifier">
    <correctResponse>
      <value>i_5--underline--2</value>
      <value>i_5--underline--4</value>
    </correctResponse>
  </responseDeclaration>
  <itemBody>
    <ngml:text><![CDATA[I am expecting an important phone call (]]></ngml:text>
    <ngml:hottextInteraction responseIdentifier="RESPONSE_0" maxChoices="0" example="false">
      <ngml:hottext identifier="i_5--underline--11">
        <ngml:text><![CDATA[in]]></ngml:text>
      </ngml:hottext>
      <ngml:text><![CDATA[ / ]]></ngml:text>
      <ngml:hottext identifier="i_5--underline--1">
        <ngml:text><![CDATA[to]]></ngml:text>
      </ngml:hottext>
      <ngml:text><![CDATA[ / ]]></ngml:text>
      <ngml:hottext identifier="i_5--underline--2">
        <ngml:text><![CDATA[at]]></ngml:text>
      </ngml:hottext>
      <ngml:text><![CDATA[)  1:00 p.m. I can meet you later (]]></ngml:text>
      <ngml:hottext identifier="i_5--underline--3">
        <ngml:text><![CDATA[on]]></ngml:text>
      </ngml:hottext>
      <ngml:text><![CDATA[ / ]]></ngml:text>
      <ngml:hottext identifier="i_5--underline--4">
        <ngml:text><![CDATA[in]]></ngml:text>
      </ngml:hottext>
      <ngml:text><![CDATA[ / ]]></ngml:text>
      <ngml:hottext identifier="i_5--underline--5">
        <ngml:text><![CDATA[at]]></ngml:text>
      </ngml:hottext>
      <ngml:text><![CDATA[)  the afternoon.]]></ngml:text>
    </ngml:hottextInteraction>
  </itemBody>
  <ngml:feedbacks>
    <ngml:feedback type="wrong-answer-specific" location="i_5--underline--11" responseIdentifier="RESPONSE_0">
      <ngml:condition>
        <ngml:valueExists>i_5--underline--11</ngml:valueExists>
      </ngml:condition>
      <ngml:feedbackResponse>
        <ngml:text><![CDATA[1:00 p.m. is a specific time. Which preposition do we use for that?]]></ngml:text>
      </ngml:feedbackResponse>
    </ngml:feedback>
    <ngml:feedback type="wrong-answer-specific" location="i_5--underline--1" responseIdentifier="RESPONSE_0">
      <ngml:condition>
        <ngml:valueExists>i_5--underline--1</ngml:valueExists>
      </ngml:condition>
      <ngml:feedbackResponse>
        <ngml:text><![CDATA[1:00 p.m. is a specific time. Which preposition do we use for that?]]></ngml:text>
      </ngml:feedbackResponse>
    </ngml:feedback>
    <ngml:feedback type="wrong-answer-specific" location="i_5--underline--3" responseIdentifier="RESPONSE_0">
      <ngml:condition>
        <ngml:valueExists>i_5--underline--3</ngml:valueExists>
      </ngml:condition>
      <ngml:feedbackResponse>
        <ngml:text><![CDATA[Afternoon is a specific part of the day. Which preposition do we use for that?]]></ngml:text>
      </ngml:feedbackResponse>
    </ngml:feedback>
    <ngml:feedback type="wrong-answer-specific" location="i_5--underline--5" responseIdentifier="RESPONSE_0">
      <ngml:condition>
        <ngml:valueExists>i_5--underline--5</ngml:valueExists>
      </ngml:condition>
      <ngml:feedbackResponse>
        <ngml:text><![CDATA[Afternoon is a specific part of the day. Which preposition do we use for that?]]></ngml:text>
      </ngml:feedbackResponse>
    </ngml:feedback>
  </ngml:feedbacks>
</assessmentItem>