<?xml version="1.0" encoding="utf-8"?>
<assessmentTest xmlns:xsi="http://www.w3.org/2001/XMLSchema-instance" xmlns:ngml="http://ioki.com.pl/schema/imsqti_v2p1" xsi:schemaLocation="http://www.imsglobal.org/xsd/imsqti_v2p1 ../../ngml-namespace/imsqti_v2p1_ngml.xsd" title="Practice 2" identifier="n_225" xmlns="http://www.imsglobal.org/xsd/imsqti_v2p1">
  <ngml:activity type="homework" time="00:00:00" globalId="eb481b5c-0952-4218-8b2e-894b4740a33e" no-submit="false" checkPunctuation="false" caseSensitivity="false" uid="1003000170000000539" version="17" />
  <ngml:title><![CDATA[Practice 2]]></ngml:title>
  <testPart identifier="p_1" navigationMode="linear" submissionMode="individual">
    <assessmentSection identifier="section_1" ngml:version="17" ngml:uid="1004000170000000602" visible="true" ngml:pageBreak="false" title="Practice 2" ngml:layoutHeight="931" ngml:autonumbering="false">
      <ngml:title><![CDATA[Practice 2]]></ngml:title>
      <ngml:tips>
        <ngml:tip>
          <ngml:text><![CDATA[<B>Prepositions of Place</B><BR/><BR/>Prepositions of place tell us <I>where</I> something is located.<BR/><BR/>Here is an illustration of a man’s office. Look at the list of prepositions in the chart and read the examples.]]></ngml:text>
          <ngml:asset identifier="n_225--p_1--tip_1366277250477--block_0--ref_1366277332822" type="image" src="http://media.pearsoncmg.com/intl/elt/compose/mel_writing_2/WL2_G_PP_P2a.jpg" shortVersion="false" />
          <ngml:asset identifier="n_225--p_1--tip_1366277250477--block_0--ref_1366277342971" type="image" src="http://media.pearsoncmg.com/intl/elt/compose/mel_writing_2/WL2_G_PP_P2b.jpg" shortVersion="false" />
        </ngml:tip>
      </ngml:tips>
      <ngml:rubric>
        <ngml:text><![CDATA[Look at the map of the college campus. Choose the correct prepositions.]]></ngml:text>
      </ngml:rubric>
      <ngml:referenceObjects>
        <ngml:referenceObject layoutX="33" layoutY="0" layoutWidth="743" layoutHeight="349">
          <ngml:asset identifier="n_225--p_1--s_1--block_0--ref_1366277377997" type="image" src="http://media.pearsoncmg.com/intl/elt/compose/mel_writing_2/WL2_G_PP_P2c.jpg" shortVersion="false" layoutWidth="0" layoutHeight="0" />
        </ngml:referenceObject>
      </ngml:referenceObjects>
      <assessmentItemRef identifier="i_13" href="i_13.xml" ngml:layoutX="24" ngml:layoutY="386" ngml:layoutWidth="776" ngml:layoutHeight="74" ngml:itemEnumeration="1" />
      <assessmentItemRef identifier="i_14" href="i_14.xml" ngml:layoutX="24" ngml:layoutY="503" ngml:layoutWidth="755" ngml:layoutHeight="54" ngml:itemEnumeration="2" />
      <assessmentItemRef identifier="i_15" href="i_15.xml" ngml:layoutX="24" ngml:layoutY="589" ngml:layoutWidth="755" ngml:layoutHeight="22" ngml:itemEnumeration="3" />
      <assessmentItemRef identifier="i_16" href="i_16.xml" ngml:layoutX="24" ngml:layoutY="643" ngml:layoutWidth="755" ngml:layoutHeight="22" ngml:itemEnumeration="4" />
      <assessmentItemRef identifier="i_17" href="i_17.xml" ngml:layoutX="24" ngml:layoutY="697" ngml:layoutWidth="755" ngml:layoutHeight="22" ngml:itemEnumeration="5" />
      <assessmentItemRef identifier="i_18" href="i_18.xml" ngml:layoutX="24" ngml:layoutY="751" ngml:layoutWidth="755" ngml:layoutHeight="22" ngml:itemEnumeration="6" />
      <assessmentItemRef identifier="i_19" href="i_19.xml" ngml:layoutX="24" ngml:layoutY="805" ngml:layoutWidth="755" ngml:layoutHeight="22" ngml:itemEnumeration="7" />
      <assessmentItemRef identifier="i_20" href="i_20.xml" ngml:layoutX="24" ngml:layoutY="860" ngml:layoutWidth="755" ngml:layoutHeight="22" ngml:itemEnumeration="8" />
    </assessmentSection>
  </testPart>
</assessmentTest>