<?xml version="1.0" encoding="utf-8"?>
<assessmentItem xmlns:xsi="http://www.w3.org/2001/XMLSchema-instance" xmlns:ngml="http://ioki.com.pl/schema/imsqti_v2p1" xsi:schemaLocation="http://www.imsglobal.org/xsd/imsqti_v2p1 ../../ngml-namespace/imsqti_v2p1_ngml.xsd" title="item-i_13" identifier="i_13" timeDependent="false" adaptive="false" xmlns="http://www.imsglobal.org/xsd/imsqti_v2p1">
  <ngml:question version="11" uid="1005000170000003349" type="inline-drop-down" orientation="vertical" example="true" scoringAlgorithm="dichotomous" />
  <responseDeclaration identifier="RESPONSE_1" cardinality="single" baseType="identifier">
    <correctResponse>
      <value>i_13--inline_choice--1</value>
    </correctResponse>
  </responseDeclaration>
  <itemBody>
    <ngml:text><![CDATA[The undergraduate dormitory is ]]></ngml:text>
    <inlineChoiceInteraction responseIdentifier="RESPONSE_1" shuffle="false">
      <inlineChoice identifier="i_13--inline_choice--1_distractor_1373312074934">
        <ngml:text><![CDATA[behind]]></ngml:text>
      </inlineChoice>
      <inlineChoice identifier="i_13--inline_choice--1">
        <ngml:text><![CDATA[ next to]]></ngml:text>
      </inlineChoice>
      <inlineChoice identifier="i_13--inline_choice--1_distractor_1373312185698">
        <ngml:text><![CDATA[in front of]]></ngml:text>
      </inlineChoice>
    </inlineChoiceInteraction>
    <ngml:text><![CDATA[ the gym.]]></ngml:text>
    <ngml:text><![CDATA[<BR/>]]></ngml:text>
  </itemBody>
</assessmentItem>