<?xml version="1.0" encoding="utf-8"?>
<assessmentTest xmlns:xsi="http://www.w3.org/2001/XMLSchema-instance" xmlns:ngml="http://ioki.com.pl/schema/imsqti_v2p1" xsi:schemaLocation="http://www.imsglobal.org/xsd/imsqti_v2p1 ../../ngml-namespace/imsqti_v2p1_ngml.xsd" title="Practice 2" identifier="n_210" xmlns="http://www.imsglobal.org/xsd/imsqti_v2p1">
  <ngml:activity type="homework" time="00:00:00" globalId="76b7fb50-23ab-4a50-9381-1782c1a9297f" no-submit="false" checkPunctuation="false" caseSensitivity="false" uid="1003000170000000323" version="7" />
  <ngml:title><![CDATA[Practice 2]]></ngml:title>
  <testPart identifier="p_1" navigationMode="linear" submissionMode="individual">
    <assessmentSection identifier="section_1" ngml:version="6" ngml:uid="1004000170000000402" visible="true" ngml:pageBreak="false" title="Practice 2" ngml:layoutHeight="414" ngml:autonumbering="false">
      <ngml:title><![CDATA[Practice 2]]></ngml:title>
      <ngml:tips>
        <ngml:tip>
          <ngml:text><![CDATA[<B>Paragraph Unity</B><BR/><BR/>Good paragraphs have <B>unity</B>. This means all the sentences in the paragraph are about the same main idea. To check your writing for unity, ask yourself these questions:<BR/>• What is my topic?<BR/>• What is my controlling idea?<BR/>• Do all the supporting sentences in my paragraph talk about this topic and this controlling idea?<BR/><B></B><BR/><B>Example</B><BR/>In this example, the underlined sentence does not belong. It's not related to the topic of the paragraph (protect your skin) or the controlling idea (steps).<BR/><BR/>If you have light skin and light eyes, you need to take special steps to protect your skin from the sun.First, you should always wear sunscreen outdoors, even if the sun is not shining. Be sure to re-apply it  every two hours. Next, wear a hat because you can get sunburned under your hair. <U>My grandfather never wore a hat and he got skin cancer</U>. Third, wear a long-sleeved shirt and long pants. These steps may be inconvenient, but they are necessary in order to keep your skin healthy and young looking.]]></ngml:text>
        </ngml:tip>
      </ngml:tips>
      <ngml:rubric>
        <ngml:text><![CDATA[In each paragraph, click on one sentence that does not belong.]]></ngml:text>
      </ngml:rubric>
      <assessmentItemRef identifier="i_1" href="i_1.xml" ngml:layoutX="24" ngml:layoutY="0" ngml:layoutWidth="770" ngml:layoutHeight="107" ngml:itemEnumeration="1" />
      <assessmentItemRef identifier="i_2" href="i_2.xml" ngml:layoutX="24" ngml:layoutY="139" ngml:layoutWidth="770" ngml:layoutHeight="83" ngml:itemEnumeration="2" />
      <assessmentItemRef identifier="i_3" href="i_3.xml" ngml:layoutX="24" ngml:layoutY="254" ngml:layoutWidth="770" ngml:layoutHeight="110" ngml:itemEnumeration="3" />
    </assessmentSection>
  </testPart>
</assessmentTest>