<?xml version="1.0" encoding="utf-8"?>
<assessmentItem xmlns:xsi="http://www.w3.org/2001/XMLSchema-instance" xmlns:ngml="http://ioki.com.pl/schema/imsqti_v2p1" xsi:schemaLocation="http://www.imsglobal.org/xsd/imsqti_v2p1 ../../ngml-namespace/imsqti_v2p1_ngml.xsd" title="item-i_2" identifier="i_2" timeDependent="false" adaptive="false" xmlns="http://www.imsglobal.org/xsd/imsqti_v2p1">
  <ngml:question version="9" uid="1005000170000001912" type="single-underline" orientation="vertical" example="false" scoringAlgorithm="dichotomous" />
  <responseDeclaration identifier="RESPONSE_1" cardinality="single" baseType="identifier">
    <correctResponse>
      <value>i_2--underline--2</value>
    </correctResponse>
  </responseDeclaration>
  <itemBody>
    <ngml:hottextInteraction responseIdentifier="RESPONSE_1" maxChoices="1" example="false">
      <ngml:hottext identifier="i_2--underline--0">
        <ngml:text><![CDATA[Corn is native to North and South America.]]></ngml:text>
      </ngml:hottext>
      <ngml:text><![CDATA[ ]]></ngml:text>
      <ngml:hottext identifier="i_2--underline--1">
        <ngml:text><![CDATA[The Indians grew corn here for thousands of years before Columbus arrived.]]></ngml:text>
      </ngml:hottext>
      <ngml:text><![CDATA[ ]]></ngml:text>
      <ngml:hottext identifier="i_2--underline--2">
        <ngml:text><![CDATA[Today you can see fossils of ancient corn in museums.]]></ngml:text>
      </ngml:hottext>
      <ngml:text><![CDATA[ ]]></ngml:text>
      <ngml:hottext identifier="i_2--underline--3">
        <ngml:text><![CDATA[When Columbus and his ships landed in the Caribbean in 1492, he traded with the natives and took corn back to Spain.]]></ngml:text>
      </ngml:hottext>
      <ngml:text><![CDATA[ ]]></ngml:text>
      <ngml:hottext identifier="i_2--underline--4">
        <ngml:text><![CDATA[From there, corn was introduced to other European countries and, later, to the rest of the world.]]></ngml:text>
      </ngml:hottext>
    </ngml:hottextInteraction>
  </itemBody>
  <ngml:feedbacks>
    <ngml:feedback type="generic" responseIdentifier="RESPONSE_1">
      <ngml:feedbackResponse>
        <ngml:text><![CDATA[To check your writing for unity, ask yourself these questions:<BR/>• What is my topic?<BR/>• What is my controlling idea?<BR/>• Do all the supporting sentences in my paragraph talk about this topic and this controlling idea?]]></ngml:text>
      </ngml:feedbackResponse>
    </ngml:feedback>
  </ngml:feedbacks>
</assessmentItem>