<?xml version="1.0" encoding="utf-8"?>
<assessmentItem xmlns:xsi="http://www.w3.org/2001/XMLSchema-instance" xmlns:ngml="http://ioki.com.pl/schema/imsqti_v2p1" xsi:schemaLocation="http://www.imsglobal.org/xsd/imsqti_v2p1 ../../ngml-namespace/imsqti_v2p1_ngml.xsd" title="item-i_10" identifier="i_10" timeDependent="false" adaptive="false" xmlns="http://www.imsglobal.org/xsd/imsqti_v2p1">
  <ngml:question version="11" uid="1005000170000003308" type="inline-drop-down" orientation="vertical" example="false" scoringAlgorithm="dichotomous" />
  <responseDeclaration identifier="RESPONSE_1" cardinality="single" baseType="identifier">
    <correctResponse>
      <value>i_10--inline_choice--0</value>
    </correctResponse>
  </responseDeclaration>
  <responseDeclaration identifier="RESPONSE_2" cardinality="single" baseType="identifier">
    <correctResponse>
      <value>i_10--inline_choice--1</value>
    </correctResponse>
  </responseDeclaration>
  <responseDeclaration identifier="RESPONSE_3" cardinality="single" baseType="identifier">
    <correctResponse>
      <value>i_10--inline_choice--2</value>
    </correctResponse>
  </responseDeclaration>
  <itemBody>
    <ngmlDialog>
      <ngmlDialogLine>
        <ngmlActor>
          <ngml:text><![CDATA[A:]]></ngml:text>
        </ngmlActor>
        <ngml:text><![CDATA[What ]]></ngml:text>
        <inlineChoiceInteraction responseIdentifier="RESPONSE_1" shuffle="false">
          <inlineChoice identifier="i_10--inline_choice--0_distractor_1366292319181">
            <ngml:text><![CDATA[do you look]]></ngml:text>
          </inlineChoice>
          <inlineChoice identifier="i_10--inline_choice--0">
            <ngml:text><![CDATA[are you looking]]></ngml:text>
          </inlineChoice>
        </inlineChoiceInteraction>
        <ngml:text><![CDATA[ at?]]></ngml:text>
        <ngml:text><![CDATA[<BR/>]]></ngml:text>
      </ngmlDialogLine>
      <ngmlDialogLine>
        <ngmlActor>
          <ngml:text><![CDATA[B:]]></ngml:text>
        </ngmlActor>
        <ngml:text><![CDATA[There! I ]]></ngml:text>
        <inlineChoiceInteraction responseIdentifier="RESPONSE_2" shuffle="false">
          <inlineChoice identifier="i_10--inline_choice--1">
            <ngml:text><![CDATA[think]]></ngml:text>
          </inlineChoice>
          <inlineChoice identifier="i_10--inline_choice--1_distractor_1366292337378">
            <ngml:text><![CDATA[‘m thinking]]></ngml:text>
          </inlineChoice>
        </inlineChoiceInteraction>
        <ngml:text><![CDATA[ it's a whale.]]></ngml:text>
        <ngml:text><![CDATA[<BR/>]]></ngml:text>
      </ngmlDialogLine>
      <ngmlDialogLine>
        <ngmlActor>
          <ngml:text><![CDATA[A:]]></ngml:text>
        </ngmlActor>
        <ngml:text><![CDATA[Where? I ]]></ngml:text>
        <inlineChoiceInteraction responseIdentifier="RESPONSE_3" shuffle="false">
          <inlineChoice identifier="i_10--inline_choice--2_distractor_1366292366346">
            <ngml:text><![CDATA[‘m not seeing]]></ngml:text>
          </inlineChoice>
          <inlineChoice identifier="i_10--inline_choice--2">
            <ngml:text><![CDATA[don't see]]></ngml:text>
          </inlineChoice>
        </inlineChoiceInteraction>
        <ngml:text><![CDATA[ anything.]]></ngml:text>
        <ngml:text><![CDATA[<BR/>]]></ngml:text>
      </ngmlDialogLine>
    </ngmlDialog>
  </itemBody>
  <ngml:feedbacks>
    <ngml:feedback type="generic" responseIdentifier="RESPONSE_1">
      <ngml:feedbackResponse>
        <ngml:text><![CDATA[Does the verb <I>look </I> in this sentence describe an action or someone's appearance?]]></ngml:text>
      </ngml:feedbackResponse>
    </ngml:feedback>
    <ngml:feedback type="generic" responseIdentifier="RESPONSE_2">
      <ngml:feedbackResponse>
        <ngml:text><![CDATA[Does the verb <I>think </I> in this sentence mean <I>believe, </I>or does it describe an action of using one's mind?]]></ngml:text>
      </ngml:feedbackResponse>
    </ngml:feedback>
    <ngml:feedback type="generic" responseIdentifier="RESPONSE_3">
      <ngml:feedbackResponse>
        <ngml:text><![CDATA[Does the verb <I>see </I> in this sentence mean action<I> or </I>non-action?]]></ngml:text>
      </ngml:feedbackResponse>
    </ngml:feedback>
  </ngml:feedbacks>
</assessmentItem>