<?xml version="1.0" encoding="utf-8"?>
<assessmentItem xmlns:xsi="http://www.w3.org/2001/XMLSchema-instance" xmlns:ngml="http://ioki.com.pl/schema/imsqti_v2p1" xsi:schemaLocation="http://www.imsglobal.org/xsd/imsqti_v2p1 ../../ngml-namespace/imsqti_v2p1_ngml.xsd" title="item-i_3" identifier="i_3" timeDependent="false" adaptive="false" xmlns="http://www.imsglobal.org/xsd/imsqti_v2p1">
  <ngml:question version="9" uid="1005000170000003301" type="inline-drop-down" orientation="vertical" example="false" scoringAlgorithm="dichotomous" />
  <responseDeclaration identifier="RESPONSE_1" cardinality="single" baseType="identifier">
    <correctResponse>
      <value>i_3--inline_choice--0</value>
    </correctResponse>
  </responseDeclaration>
  <itemBody>
    <ngmlDialog>
      <ngmlDialogLine>
        <ngmlActor>
          <ngml:text><![CDATA[A:]]></ngml:text>
        </ngmlActor>
        <ngml:text><![CDATA[Hello, is Andrea home?]]></ngml:text>
        <ngml:text><![CDATA[<BR/>]]></ngml:text>
      </ngmlDialogLine>
      <ngmlDialogLine>
        <ngmlActor>
          <ngml:text><![CDATA[B:]]></ngml:text>
        </ngmlActor>
        <ngml:text><![CDATA[No. She ]]></ngml:text>
        <inlineChoiceInteraction responseIdentifier="RESPONSE_1" shuffle="false">
          <inlineChoice identifier="i_3--inline_choice--0_distractor_1366291727013">
            <ngml:text><![CDATA[walks]]></ngml:text>
          </inlineChoice>
          <inlineChoice identifier="i_3--inline_choice--0">
            <ngml:text><![CDATA[is walking]]></ngml:text>
          </inlineChoice>
        </inlineChoiceInteraction>
        <ngml:text><![CDATA[ the dog at the moment.]]></ngml:text>
        <ngml:text><![CDATA[<BR/>]]></ngml:text>
      </ngmlDialogLine>
    </ngmlDialog>
  </itemBody>
  <ngml:feedbacks>
    <ngml:feedback type="generic" responseIdentifier="RESPONSE_1">
      <ngml:feedbackResponse>
        <ngml:text><![CDATA[Is this action happening now, or is it habitual?]]></ngml:text>
      </ngml:feedbackResponse>
    </ngml:feedback>
  </ngml:feedbacks>
</assessmentItem>