<?xml version="1.0" encoding="utf-8"?>
<assessmentItem xmlns:xsi="http://www.w3.org/2001/XMLSchema-instance" xmlns:ngml="http://ioki.com.pl/schema/imsqti_v2p1" xsi:schemaLocation="http://www.imsglobal.org/xsd/imsqti_v2p1 ../../ngml-namespace/imsqti_v2p1_ngml.xsd" title="item-i_9" identifier="i_9" timeDependent="false" adaptive="false" xmlns="http://www.imsglobal.org/xsd/imsqti_v2p1">
  <ngml:question version="9" uid="1005000170000003307" type="inline-drop-down" orientation="vertical" example="false" scoringAlgorithm="dichotomous" />
  <responseDeclaration identifier="RESPONSE_1" cardinality="single" baseType="identifier">
    <correctResponse>
      <value>i_9--inline_choice--0</value>
    </correctResponse>
  </responseDeclaration>
  <responseDeclaration identifier="RESPONSE_2" cardinality="single" baseType="identifier">
    <correctResponse>
      <value>i_9--inline_choice--1</value>
    </correctResponse>
  </responseDeclaration>
  <itemBody>
    <ngmlDialog>
      <ngmlDialogLine>
        <ngmlActor>
          <ngml:text><![CDATA[A:]]></ngml:text>
        </ngmlActor>
        <ngml:text><![CDATA[Hey, are you OK? You ]]></ngml:text>
        <inlineChoiceInteraction responseIdentifier="RESPONSE_1" shuffle="false">
          <inlineChoice identifier="i_9--inline_choice--0_distractor_1366292201067">
            <ngml:text><![CDATA[are seeming]]></ngml:text>
          </inlineChoice>
          <inlineChoice identifier="i_9--inline_choice--0">
            <ngml:text><![CDATA[seem]]></ngml:text>
          </inlineChoice>
        </inlineChoiceInteraction>
        <ngml:text><![CDATA[ sad.]]></ngml:text>
        <ngml:text><![CDATA[<BR/>]]></ngml:text>
      </ngmlDialogLine>
      <ngmlDialogLine>
        <ngmlActor>
          <ngml:text><![CDATA[B:]]></ngml:text>
        </ngmlActor>
        <ngml:text><![CDATA[I ]]></ngml:text>
        <inlineChoiceInteraction responseIdentifier="RESPONSE_2" shuffle="false">
          <inlineChoice identifier="i_9--inline_choice--1">
            <ngml:text><![CDATA['m thinking]]></ngml:text>
          </inlineChoice>
          <inlineChoice identifier="i_9--inline_choice--1_distractor_1366292238383">
            <ngml:text><![CDATA[think]]></ngml:text>
          </inlineChoice>
        </inlineChoiceInteraction>
        <ngml:text><![CDATA[ about my aunt. She's sick.]]></ngml:text>
        <ngml:text><![CDATA[<BR/>]]></ngml:text>
      </ngmlDialogLine>
    </ngmlDialog>
  </itemBody>
  <ngml:feedbacks>
    <ngml:feedback type="generic" responseIdentifier="RESPONSE_1">
      <ngml:feedbackResponse>
        <ngml:text><![CDATA[What kind of verb is <I>seem </I>?]]></ngml:text>
      </ngml:feedbackResponse>
    </ngml:feedback>
    <ngml:feedback type="generic" responseIdentifier="RESPONSE_2">
      <ngml:feedbackResponse>
        <ngml:text><![CDATA[Does the verb <I>think </I> in this sentence mean <I>believe, </I> or does it describe an action of using one's mind?]]></ngml:text>
      </ngml:feedbackResponse>
    </ngml:feedback>
  </ngml:feedbacks>
</assessmentItem>