<?xml version="1.0" encoding="utf-8"?>
<assessmentTest xmlns:xsi="http://www.w3.org/2001/XMLSchema-instance" xmlns:ngml="http://ioki.com.pl/schema/imsqti_v2p1" xsi:schemaLocation="http://www.imsglobal.org/xsd/imsqti_v2p1 ../../ngml-namespace/imsqti_v2p1_ngml.xsd" title="Practice 2" identifier="n_113" xmlns="http://www.imsglobal.org/xsd/imsqti_v2p1">
  <ngml:activity type="homework" time="00:00:00" globalId="96cc8b93-88c4-437a-a343-d750f5dccd6e" no-submit="false" checkPunctuation="false" caseSensitivity="false" uid="1003000170000000156" version="8" />
  <ngml:title><![CDATA[Practice 2]]></ngml:title>
  <testPart identifier="p_1" navigationMode="linear" submissionMode="individual">
    <assessmentSection identifier="section_1" ngml:version="6" ngml:uid="1004000170000000206" visible="true" ngml:pageBreak="false" title="Practice 2" ngml:layoutHeight="1018" ngml:autonumbering="false">
      <ngml:title><![CDATA[Practice 2]]></ngml:title>
      <ngml:tips>
        <ngml:tip>
          <ngml:text><![CDATA[<B>Commas with Transition Signals</B><BR/><BR/>Transition signals are words and phrases that show relationships between<BR/>ideas in two complete sentences. They can introduce additional ideas,<BR/>examples, emphasis, contradictions, similarity, results, etc.<BR/><BR/>Common transition signals include:<BR/><B>Additional ideas:</B> <I>in addition, also, moreover, furthermore</I><BR/><B>Contrasting ideas:</B><I> however, in contrast, on the other hand, instead</I><BR/><B>Emphasis:</B> <I>in fact, actually, surprisingly</I><BR/><B>Examples:</B> <I>for example, for instance</I><BR/><B>Similarity:</B> <I>similarly</I><BR/><B>Results:</B> <I>therefore, as a result</I><BR/><BR/>Follow these rules for using commas with transition signals:]]></ngml:text>
          <ngml:asset identifier="n_113--p_1--tip_1363862763581--block_0--ref_1391172070172" type="image" src="http://media.pearsoncmg.com/intl/elt/compose/mel_writing_2/WL2_PM_CTS_P2.jpg" shortVersion="false" />
        </ngml:tip>
      </ngml:tips>
      <ngml:rubric>
        <ngml:text><![CDATA[The sentences below have been rewritten using the transition signals in parentheses. Choose which of the rewritten sentences have correct punctuation and capitalization. More than one option is correct.]]></ngml:text>
      </ngml:rubric>
      <assessmentItemRef identifier="i_1" href="i_1.xml" ngml:layoutX="24" ngml:layoutY="0" ngml:layoutWidth="791" ngml:layoutHeight="95" ngml:itemEnumeration="1" />
      <assessmentItemRef identifier="i_2" href="i_2.xml" ngml:layoutX="24" ngml:layoutY="139" ngml:layoutWidth="770" ngml:layoutHeight="75" ngml:itemEnumeration="2" />
      <assessmentItemRef identifier="i_3" href="i_3.xml" ngml:layoutX="24" ngml:layoutY="246" ngml:layoutWidth="770" ngml:layoutHeight="96" ngml:itemEnumeration="3" />
      <assessmentItemRef identifier="i_4" href="i_4.xml" ngml:layoutX="24" ngml:layoutY="375" ngml:layoutWidth="770" ngml:layoutHeight="75" ngml:itemEnumeration="4" />
      <assessmentItemRef identifier="i_5" href="i_5.xml" ngml:layoutX="24" ngml:layoutY="483" ngml:layoutWidth="770" ngml:layoutHeight="75" ngml:itemEnumeration="5" />
      <assessmentItemRef identifier="i_6" href="i_6.xml" ngml:layoutX="24" ngml:layoutY="590" ngml:layoutWidth="770" ngml:layoutHeight="96" ngml:itemEnumeration="6" />
      <assessmentItemRef identifier="i_7" href="i_7.xml" ngml:layoutX="24" ngml:layoutY="719" ngml:layoutWidth="770" ngml:layoutHeight="55" ngml:itemEnumeration="7" />
      <assessmentItemRef identifier="i_8" href="i_8.xml" ngml:layoutX="24" ngml:layoutY="806" ngml:layoutWidth="770" ngml:layoutHeight="75" ngml:itemEnumeration="8" />
      <assessmentItemRef identifier="i_9" href="i_9.xml" ngml:layoutX="24" ngml:layoutY="914" ngml:layoutWidth="770" ngml:layoutHeight="55" ngml:itemEnumeration="9" />
    </assessmentSection>
  </testPart>
</assessmentTest>