<?xml version="1.0" encoding="utf-8"?>
<assessmentItem xmlns:xsi="http://www.w3.org/2001/XMLSchema-instance" xmlns:ngml="http://ioki.com.pl/schema/imsqti_v2p1" xsi:schemaLocation="http://www.imsglobal.org/xsd/imsqti_v2p1 ../../ngml-namespace/imsqti_v2p1_ngml.xsd" title="item-i_1" identifier="i_1" timeDependent="false" adaptive="false" xmlns="http://www.imsglobal.org/xsd/imsqti_v2p1">
  <ngml:question version="12" uid="1005000170000000856" type="multiple-choice" orientation="vertical" example="true" scoringAlgorithm="dichotomous" />
  <responseDeclaration identifier="RESPONSE" cardinality="multiple" baseType="identifier">
    <correctResponse>
      <value>i_1--multiple_choice--0</value>
      <value>i_1--multiple_choice--1</value>
    </correctResponse>
  </responseDeclaration>
  <itemBody>
    <ngml:text><![CDATA[An alligator has a wide, round nose. A crocodile's nose is longer and more pointed. (in contrast)<BR/>]]></ngml:text>
    <choiceInteraction responseIdentifier="RESPONSE" shuffle="false" maxChoices="3">
      <simpleChoice identifier="i_1--multiple_choice--0">
        <ngml:text><![CDATA[An alligator has a wide, round nose. In contrast, a crocodile's nose is longer and more pointed.]]></ngml:text>
      </simpleChoice>
      <simpleChoice identifier="i_1--multiple_choice--1">
        <ngml:text><![CDATA[An alligator has a wide, round nose; in contrast, a crocodile's nose is longer and more pointed.]]></ngml:text>
      </simpleChoice>
      <simpleChoice identifier="i_1--multiple_choice--2">
        <ngml:text><![CDATA[An alligator has a wide, round nose in contrast a crocodile's nose is longer and more pointed.]]></ngml:text>
      </simpleChoice>
    </choiceInteraction>
  </itemBody>
</assessmentItem>