<?xml version="1.0" encoding="utf-8"?>
<assessmentItem xmlns:xsi="http://www.w3.org/2001/XMLSchema-instance" xmlns:ngml="http://ioki.com.pl/schema/imsqti_v2p1" xsi:schemaLocation="http://www.imsglobal.org/xsd/imsqti_v2p1 ../../ngml-namespace/imsqti_v2p1_ngml.xsd" title="item-i_4" identifier="i_4" timeDependent="false" adaptive="false" xmlns="http://www.imsglobal.org/xsd/imsqti_v2p1">
  <ngml:question version="13" uid="1005000170000000859" type="multiple-choice" orientation="vertical" example="false" scoringAlgorithm="dichotomous" />
  <responseDeclaration identifier="RESPONSE" cardinality="multiple" baseType="identifier">
    <correctResponse>
      <value>i_4--multiple_choice--1</value>
      <value>i_4--multiple_choice--2</value>
    </correctResponse>
  </responseDeclaration>
  <itemBody>
    <ngml:text><![CDATA[This is untrue. (however)<BR/>]]></ngml:text>
    <choiceInteraction responseIdentifier="RESPONSE" shuffle="false" maxChoices="3">
      <simpleChoice identifier="i_4--multiple_choice--0">
        <ngml:text><![CDATA[This is however untrue.]]></ngml:text>
      </simpleChoice>
      <simpleChoice identifier="i_4--multiple_choice--1">
        <ngml:text><![CDATA[However, this is untrue.]]></ngml:text>
      </simpleChoice>
      <simpleChoice identifier="i_4--multiple_choice--2">
        <ngml:text><![CDATA[This is untrue, however.]]></ngml:text>
      </simpleChoice>
    </choiceInteraction>
  </itemBody>
  <ngml:feedbacks>
    <ngml:feedback type="generic" responseIdentifier="RESPONSE">
      <ngml:feedbackResponse>
        <ngml:text><![CDATA[Put a comma after transitional signals at the beginning of a sentence and a comma before transitional signals at the end of a sentence.]]></ngml:text>
      </ngml:feedbackResponse>
    </ngml:feedback>
  </ngml:feedbacks>
</assessmentItem>