<?xml version="1.0" encoding="utf-8"?>
<assessmentItem xmlns:xsi="http://www.w3.org/2001/XMLSchema-instance" xmlns:ngml="http://ioki.com.pl/schema/imsqti_v2p1" xsi:schemaLocation="http://www.imsglobal.org/xsd/imsqti_v2p1 ../../ngml-namespace/imsqti_v2p1_ngml.xsd" title="item-i_6" identifier="i_6" timeDependent="false" adaptive="false" xmlns="http://www.imsglobal.org/xsd/imsqti_v2p1">
  <ngml:question version="12" uid="1005000170000000861" type="multiple-choice" orientation="vertical" example="false" scoringAlgorithm="dichotomous" />
  <responseDeclaration identifier="RESPONSE" cardinality="multiple" baseType="identifier">
    <correctResponse>
      <value>i_6--multiple_choice--0</value>
      <value>i_6--multiple_choice--1</value>
      <value>i_6--multiple_choice--2</value>
      <value>i_6--multiple_choice--3</value>
    </correctResponse>
  </responseDeclaration>
  <itemBody>
    <ngml:text><![CDATA[Crocodiles are found in many countries. They can only live in warm climates. (however)<BR/>]]></ngml:text>
    <choiceInteraction responseIdentifier="RESPONSE" shuffle="false" maxChoices="4">
      <simpleChoice identifier="i_6--multiple_choice--0">
        <ngml:text><![CDATA[Crocodiles are found in many countries. However, they can only live in warm climates.]]></ngml:text>
      </simpleChoice>
      <simpleChoice identifier="i_6--multiple_choice--1">
        <ngml:text><![CDATA[Crocodiles are found in many countries; however, they can only live in warm climates.]]></ngml:text>
      </simpleChoice>
      <simpleChoice identifier="i_6--multiple_choice--2">
        <ngml:text><![CDATA[Crocodiles are found in many countries. They, however, can only live in warm climates.]]></ngml:text>
      </simpleChoice>
      <simpleChoice identifier="i_6--multiple_choice--3">
        <ngml:text><![CDATA[Crocodiles are found in many countries. They can only live in warm climates, however.]]></ngml:text>
      </simpleChoice>
    </choiceInteraction>
  </itemBody>
  <ngml:feedbacks>
    <ngml:feedback type="generic" responseIdentifier="RESPONSE">
      <ngml:feedbackResponse>
        <ngml:text><![CDATA[To connect two sentences with a transition signal, end the sentence with a period or a semicolon. A comma must follow a transition signal at the beginning of a sentence. A transition signal must begin with a lowercase letter if it follows a semicolon. A transition signal in the middle of a sentence must be separated by commas.]]></ngml:text>
      </ngml:feedbackResponse>
    </ngml:feedback>
  </ngml:feedbacks>
</assessmentItem>