<?xml version="1.0" encoding="utf-8"?>
<assessmentItem xmlns:xsi="http://www.w3.org/2001/XMLSchema-instance" xmlns:ngml="http://ioki.com.pl/schema/imsqti_v2p1" xsi:schemaLocation="http://www.imsglobal.org/xsd/imsqti_v2p1 ../../ngml-namespace/imsqti_v2p1_ngml.xsd" title="item-i_8" identifier="i_8" timeDependent="false" adaptive="false" xmlns="http://www.imsglobal.org/xsd/imsqti_v2p1">
  <ngml:question version="12" uid="1005000170000000863" type="multiple-choice" orientation="vertical" example="false" scoringAlgorithm="dichotomous" />
  <responseDeclaration identifier="RESPONSE" cardinality="multiple" baseType="identifier">
    <correctResponse>
      <value>i_8--multiple_choice--0</value>
      <value>i_8--multiple_choice--1</value>
    </correctResponse>
  </responseDeclaration>
  <itemBody>
    <ngml:text><![CDATA[There are very few crocodiles in North America. Only about 500 remain. (in fact)<BR/>]]></ngml:text>
    <choiceInteraction responseIdentifier="RESPONSE" shuffle="false" maxChoices="3">
      <simpleChoice identifier="i_8--multiple_choice--0">
        <ngml:text><![CDATA[There are very few crocodiles in North America. In fact, only about 500 remain.]]></ngml:text>
      </simpleChoice>
      <simpleChoice identifier="i_8--multiple_choice--1">
        <ngml:text><![CDATA[There are very few crocodiles in North America; in fact, only about 500 remain.]]></ngml:text>
      </simpleChoice>
      <simpleChoice identifier="i_8--multiple_choice--2">
        <ngml:text><![CDATA[There are very few crocodiles in North America in fact only about 500 remain.]]></ngml:text>
      </simpleChoice>
    </choiceInteraction>
  </itemBody>
  <ngml:feedbacks>
    <ngml:feedback type="generic" responseIdentifier="RESPONSE">
      <ngml:feedbackResponse>
        <ngml:text><![CDATA[To connect two sentences with a transition signal, end the sentence with a period or a semicolon. A comma must follow a transition signal at the beginning of a sentence. A transition signal must begin with a lowercase letter if it follows a semicolon.]]></ngml:text>
      </ngml:feedbackResponse>
    </ngml:feedback>
  </ngml:feedbacks>
</assessmentItem>