<?xml version="1.0" encoding="utf-8"?>
<assessmentTest xmlns:xsi="http://www.w3.org/2001/XMLSchema-instance" xmlns:ngml="http://ioki.com.pl/schema/imsqti_v2p1" xsi:schemaLocation="http://www.imsglobal.org/xsd/imsqti_v2p1 ../../ngml-namespace/imsqti_v2p1_ngml.xsd" title="Auto-Graded Post-Test" identifier="n_241" xmlns="http://www.imsglobal.org/xsd/imsqti_v2p1">
  <ngml:activity type="homework" time="00:50:00" globalId="62912523-e0e2-4440-86ca-333a961f991a" no-submit="false" checkPunctuation="false" caseSensitivity="false" uid="1003000170000000363" version="6" />
  <ngml:title><![CDATA[Auto-Graded Post-Test]]></ngml:title>
  <testPart identifier="p_1" navigationMode="linear" submissionMode="individual">
    <assessmentSection identifier="section_1" ngml:version="6" ngml:uid="1004000170000000442" visible="true" ngml:pageBreak="false" title="Auto-Graded Post-Test" ngml:layoutHeight="3812" ngml:autonumbering="false">
      <ngml:title><![CDATA[Auto-Graded Post-Test]]></ngml:title>
      <ngml:rubric>
        <ngml:text><![CDATA[In the timed automatically-graded post-test, you will demonstrate how well you understand sentence structure, grammar, punctuation, mechanics, and organization. You have 50 minutes to complete the test. To mark your answer, click on the correct choice.]]></ngml:text>
      </ngml:rubric>
      <assessmentItemRef identifier="i_1" href="i_1.xml" ngml:layoutX="24" ngml:layoutY="0" ngml:layoutWidth="271" ngml:layoutHeight="101" ngml:itemEnumeration="1" />
      <assessmentItemRef identifier="i_10" href="i_10.xml" ngml:layoutX="399" ngml:layoutY="565" ngml:layoutWidth="271" ngml:layoutHeight="96" ngml:itemEnumeration="10" />
      <assessmentItemRef identifier="i_11" href="i_11.xml" ngml:layoutX="24" ngml:layoutY="715" ngml:layoutWidth="271" ngml:layoutHeight="96" ngml:itemEnumeration="11" />
      <assessmentItemRef identifier="i_12" href="i_12.xml" ngml:layoutX="399" ngml:layoutY="715" ngml:layoutWidth="271" ngml:layoutHeight="96" ngml:itemEnumeration="12" />
      <assessmentItemRef identifier="i_13" href="i_13.xml" ngml:layoutX="24" ngml:layoutY="843" ngml:layoutWidth="271" ngml:layoutHeight="96" ngml:itemEnumeration="13" />
      <assessmentItemRef identifier="i_14" href="i_14.xml" ngml:layoutX="399" ngml:layoutY="843" ngml:layoutWidth="271" ngml:layoutHeight="119" ngml:itemEnumeration="14" />
      <assessmentItemRef identifier="i_15" href="i_15.xml" ngml:layoutX="24" ngml:layoutY="995" ngml:layoutWidth="271" ngml:layoutHeight="96" ngml:itemEnumeration="15" />
      <assessmentItemRef identifier="i_16" href="i_16.xml" ngml:layoutX="399" ngml:layoutY="995" ngml:layoutWidth="271" ngml:layoutHeight="117" ngml:itemEnumeration="16" />
      <assessmentItemRef identifier="i_17" href="i_17.xml" ngml:layoutX="24" ngml:layoutY="1144" ngml:layoutWidth="271" ngml:layoutHeight="96" ngml:itemEnumeration="17" />
      <assessmentItemRef identifier="i_18" href="i_18.xml" ngml:layoutX="399" ngml:layoutY="1144" ngml:layoutWidth="271" ngml:layoutHeight="117" ngml:itemEnumeration="18" />
      <assessmentItemRef identifier="i_19" href="i_19.xml" ngml:layoutX="24" ngml:layoutY="1294" ngml:layoutWidth="271" ngml:layoutHeight="117" ngml:itemEnumeration="19" />
      <assessmentItemRef identifier="i_2" href="i_2.xml" ngml:layoutX="399" ngml:layoutY="0" ngml:layoutWidth="271" ngml:layoutHeight="96" ngml:itemEnumeration="2" />
      <assessmentItemRef identifier="i_20" href="i_20.xml" ngml:layoutX="399" ngml:layoutY="1294" ngml:layoutWidth="271" ngml:layoutHeight="96" ngml:itemEnumeration="20" />
      <assessmentItemRef identifier="i_21" href="i_21.xml" ngml:layoutX="24" ngml:layoutY="1443" ngml:layoutWidth="271" ngml:layoutHeight="96" ngml:itemEnumeration="21" />
      <assessmentItemRef identifier="i_22" href="i_22.xml" ngml:layoutX="399" ngml:layoutY="1443" ngml:layoutWidth="271" ngml:layoutHeight="117" ngml:itemEnumeration="22" />
      <assessmentItemRef identifier="i_23" href="i_23.xml" ngml:layoutX="24" ngml:layoutY="1592" ngml:layoutWidth="271" ngml:layoutHeight="117" ngml:itemEnumeration="23" />
      <assessmentItemRef identifier="i_24" href="i_24.xml" ngml:layoutX="399" ngml:layoutY="1592" ngml:layoutWidth="271" ngml:layoutHeight="96" ngml:itemEnumeration="24" />
      <assessmentItemRef identifier="i_25" href="i_25.xml" ngml:layoutX="24" ngml:layoutY="1742" ngml:layoutWidth="271" ngml:layoutHeight="96" ngml:itemEnumeration="25" />
      <assessmentItemRef identifier="i_26" href="i_26.xml" ngml:layoutX="399" ngml:layoutY="1742" ngml:layoutWidth="271" ngml:layoutHeight="117" ngml:itemEnumeration="26" />
      <assessmentItemRef identifier="i_27" href="i_27.xml" ngml:layoutX="24" ngml:layoutY="1891" ngml:layoutWidth="271" ngml:layoutHeight="117" ngml:itemEnumeration="27" />
      <assessmentItemRef identifier="i_28" href="i_28.xml" ngml:layoutX="399" ngml:layoutY="1891" ngml:layoutWidth="271" ngml:layoutHeight="118" ngml:itemEnumeration="28" />
      <assessmentItemRef identifier="i_29" href="i_29.xml" ngml:layoutX="24" ngml:layoutY="2042" ngml:layoutWidth="271" ngml:layoutHeight="176" ngml:itemEnumeration="29" />
      <assessmentItemRef identifier="i_3" href="i_3.xml" ngml:layoutX="24" ngml:layoutY="133" ngml:layoutWidth="271" ngml:layoutHeight="96" ngml:itemEnumeration="3" />
      <assessmentItemRef identifier="i_31" href="i_31.xml" ngml:layoutX="399" ngml:layoutY="2042" ngml:layoutWidth="271" ngml:layoutHeight="176" ngml:itemEnumeration="30" />
      <assessmentItemRef identifier="i_30" href="i_30.xml" ngml:layoutX="24" ngml:layoutY="2250" ngml:layoutWidth="271" ngml:layoutHeight="243" ngml:itemEnumeration="31" />
      <assessmentItemRef identifier="i_36" href="i_36.xml" ngml:layoutX="399" ngml:layoutY="2250" ngml:layoutWidth="271" ngml:layoutHeight="390" ngml:itemEnumeration="32" />
      <assessmentItemRef identifier="i_37" href="i_37.xml" ngml:layoutX="24" ngml:layoutY="2673" ngml:layoutWidth="271" ngml:layoutHeight="390" ngml:itemEnumeration="33" />
      <assessmentItemRef identifier="i_38" href="i_38.xml" ngml:layoutX="399" ngml:layoutY="2673" ngml:layoutWidth="271" ngml:layoutHeight="159" ngml:itemEnumeration="34" />
      <assessmentItemRef identifier="i_39" href="i_39.xml" ngml:layoutX="24" ngml:layoutY="3095" ngml:layoutWidth="271" ngml:layoutHeight="180" ngml:itemEnumeration="35" />
      <assessmentItemRef identifier="i_40" href="i_40.xml" ngml:layoutX="399" ngml:layoutY="3095" ngml:layoutWidth="271" ngml:layoutHeight="180" ngml:itemEnumeration="36" />
      <assessmentItemRef identifier="i_41" href="i_41.xml" ngml:layoutX="24" ngml:layoutY="3307" ngml:layoutWidth="271" ngml:layoutHeight="201" ngml:itemEnumeration="37" />
      <assessmentItemRef identifier="i_42" href="i_42.xml" ngml:layoutX="399" ngml:layoutY="3307" ngml:layoutWidth="271" ngml:layoutHeight="138" ngml:itemEnumeration="38" />
      <assessmentItemRef identifier="i_43" href="i_43.xml" ngml:layoutX="24" ngml:layoutY="3541" ngml:layoutWidth="271" ngml:layoutHeight="159" ngml:itemEnumeration="39" />
      <assessmentItemRef identifier="i_4" href="i_4.xml" ngml:layoutX="399" ngml:layoutY="133" ngml:layoutWidth="271" ngml:layoutHeight="119" ngml:itemEnumeration="4" />
      <assessmentItemRef identifier="i_44" href="i_44.xml" ngml:layoutX="399" ngml:layoutY="3541" ngml:layoutWidth="271" ngml:layoutHeight="222" ngml:itemEnumeration="40" />
      <assessmentItemRef identifier="i_5" href="i_5.xml" ngml:layoutX="24" ngml:layoutY="285" ngml:layoutWidth="271" ngml:layoutHeight="117" ngml:itemEnumeration="5" />
      <assessmentItemRef identifier="i_6" href="i_6.xml" ngml:layoutX="399" ngml:layoutY="285" ngml:layoutWidth="271" ngml:layoutHeight="96" ngml:itemEnumeration="6" />
      <assessmentItemRef identifier="i_7" href="i_7.xml" ngml:layoutX="24" ngml:layoutY="435" ngml:layoutWidth="271" ngml:layoutHeight="98" ngml:itemEnumeration="7" />
      <assessmentItemRef identifier="i_8" href="i_8.xml" ngml:layoutX="399" ngml:layoutY="435" ngml:layoutWidth="271" ngml:layoutHeight="96" ngml:itemEnumeration="8" />
      <assessmentItemRef identifier="i_9" href="i_9.xml" ngml:layoutX="24" ngml:layoutY="565" ngml:layoutWidth="271" ngml:layoutHeight="117" ngml:itemEnumeration="9" />
    </assessmentSection>
  </testPart>
</assessmentTest>