<?xml version="1.0" encoding="utf-8"?>
<assessmentItem xmlns:xsi="http://www.w3.org/2001/XMLSchema-instance" xmlns:ngml="http://ioki.com.pl/schema/imsqti_v2p1" xsi:schemaLocation="http://www.imsglobal.org/xsd/imsqti_v2p1 ../../ngml-namespace/imsqti_v2p1_ngml.xsd" title="item-i_11" identifier="i_11" timeDependent="false" adaptive="false" xmlns="http://www.imsglobal.org/xsd/imsqti_v2p1">
  <ngml:question version="10" uid="1005000170000002001" type="single-choice" orientation="vertical" example="false" scoringAlgorithm="dichotomous" />
  <responseDeclaration identifier="RESPONSE" cardinality="single" baseType="identifier">
    <correctResponse>
      <value>i_11--multiple_choice--0</value>
    </correctResponse>
  </responseDeclaration>
  <itemBody>
    <ngml:text><![CDATA[My grandfather _____ spicy food.<BR/>]]></ngml:text>
    <choiceInteraction responseIdentifier="RESPONSE" shuffle="false" maxChoices="1">
      <simpleChoice identifier="i_11--multiple_choice--0">
        <ngml:text><![CDATA[enjoys]]></ngml:text>
      </simpleChoice>
      <simpleChoice identifier="i_11--multiple_choice--1">
        <ngml:text><![CDATA[enjoying]]></ngml:text>
      </simpleChoice>
      <simpleChoice identifier="i_11--multiple_choice--2">
        <ngml:text><![CDATA[enjoy]]></ngml:text>
      </simpleChoice>
      <simpleChoice identifier="i_11--multiple_choice--3">
        <ngml:text><![CDATA[is enjoy]]></ngml:text>
      </simpleChoice>
    </choiceInteraction>
  </itemBody>
</assessmentItem>