<?xml version="1.0" encoding="utf-8"?>
<assessmentItem xmlns:xsi="http://www.w3.org/2001/XMLSchema-instance" xmlns:ngml="http://ioki.com.pl/schema/imsqti_v2p1" xsi:schemaLocation="http://www.imsglobal.org/xsd/imsqti_v2p1 ../../ngml-namespace/imsqti_v2p1_ngml.xsd" title="item-i_28" identifier="i_28" timeDependent="false" adaptive="false" xmlns="http://www.imsglobal.org/xsd/imsqti_v2p1">
  <ngml:question version="10" uid="1005000170000002018" type="single-choice" orientation="vertical" example="false" scoringAlgorithm="dichotomous" />
  <responseDeclaration identifier="RESPONSE" cardinality="single" baseType="identifier">
    <correctResponse>
      <value>i_28--multiple_choice--2</value>
    </correctResponse>
  </responseDeclaration>
  <itemBody>
    <ngml:text><![CDATA[Which item is a complete sentence?<BR/>]]></ngml:text>
    <choiceInteraction responseIdentifier="RESPONSE" shuffle="false" maxChoices="1">
      <simpleChoice identifier="i_28--multiple_choice--0">
        <ngml:text><![CDATA[If Pari decides to go to medical school.]]></ngml:text>
      </simpleChoice>
      <simpleChoice identifier="i_28--multiple_choice--1">
        <ngml:text><![CDATA[Apple juice my son's favorite drink.]]></ngml:text>
      </simpleChoice>
      <simpleChoice identifier="i_28--multiple_choice--2">
        <ngml:text><![CDATA[Green tea has several medical benefits.]]></ngml:text>
      </simpleChoice>
      <simpleChoice identifier="i_28--multiple_choice--3">
        <ngml:text><![CDATA[George W. Bush, the 43rd president of the United States.]]></ngml:text>
      </simpleChoice>
    </choiceInteraction>
  </itemBody>
</assessmentItem>