<?xml version="1.0" encoding="utf-8"?>
<assessmentItem xmlns:xsi="http://www.w3.org/2001/XMLSchema-instance" xmlns:ngml="http://ioki.com.pl/schema/imsqti_v2p1" xsi:schemaLocation="http://www.imsglobal.org/xsd/imsqti_v2p1 ../../ngml-namespace/imsqti_v2p1_ngml.xsd" title="item-i_30" identifier="i_30" timeDependent="false" adaptive="false" xmlns="http://www.imsglobal.org/xsd/imsqti_v2p1">
  <ngml:question version="10" uid="1005000170000002020" type="single-choice" orientation="vertical" example="false" scoringAlgorithm="dichotomous" />
  <responseDeclaration identifier="RESPONSE" cardinality="single" baseType="identifier">
    <correctResponse>
      <value>i_30--multiple_choice--1</value>
    </correctResponse>
  </responseDeclaration>
  <itemBody>
    <ngml:text><![CDATA[Yesterday I spent a fun morning with my cousin Barbara. To start the day, she came to my house, and I made French toast with whipped cream and strawberries. It was delicious! ________, we took my dog for a walk around the neighborhood. We saw some neighbors, and I introduced my cousin to them.<BR/>]]></ngml:text>
    <choiceInteraction responseIdentifier="RESPONSE" shuffle="false" maxChoices="1">
      <simpleChoice identifier="i_30--multiple_choice--0">
        <ngml:text><![CDATA[After]]></ngml:text>
      </simpleChoice>
      <simpleChoice identifier="i_30--multiple_choice--1">
        <ngml:text><![CDATA[After that]]></ngml:text>
      </simpleChoice>
      <simpleChoice identifier="i_30--multiple_choice--2">
        <ngml:text><![CDATA[Late]]></ngml:text>
      </simpleChoice>
      <simpleChoice identifier="i_30--multiple_choice--3">
        <ngml:text><![CDATA[Now]]></ngml:text>
      </simpleChoice>
    </choiceInteraction>
  </itemBody>
</assessmentItem>