<?xml version="1.0" encoding="utf-8"?>
<assessmentItem xmlns:xsi="http://www.w3.org/2001/XMLSchema-instance" xmlns:ngml="http://ioki.com.pl/schema/imsqti_v2p1" xsi:schemaLocation="http://www.imsglobal.org/xsd/imsqti_v2p1 ../../ngml-namespace/imsqti_v2p1_ngml.xsd" title="item-i_31" identifier="i_31" timeDependent="false" adaptive="false" xmlns="http://www.imsglobal.org/xsd/imsqti_v2p1">
  <ngml:question version="10" uid="1005000170000002021" type="single-choice" orientation="vertical" example="false" scoringAlgorithm="dichotomous" />
  <responseDeclaration identifier="RESPONSE" cardinality="single" baseType="identifier">
    <correctResponse>
      <value>i_31--multiple_choice--1</value>
    </correctResponse>
  </responseDeclaration>
  <itemBody>
    <ngml:text><![CDATA[Which item is written incorrectly?<BR/>]]></ngml:text>
    <choiceInteraction responseIdentifier="RESPONSE" shuffle="false" maxChoices="1">
      <simpleChoice identifier="i_31--multiple_choice--0">
        <ngml:text><![CDATA[I love my new apartment because it has a lot of light.]]></ngml:text>
      </simpleChoice>
      <simpleChoice identifier="i_31--multiple_choice--1">
        <ngml:text><![CDATA[I love my new apartment, it has a lot of light.]]></ngml:text>
      </simpleChoice>
      <simpleChoice identifier="i_31--multiple_choice--2">
        <ngml:text><![CDATA[I love my new apartment. It has a lot of light.]]></ngml:text>
      </simpleChoice>
      <simpleChoice identifier="i_31--multiple_choice--3">
        <ngml:text><![CDATA[Because it has a lot of light, I love my new apartment.]]></ngml:text>
      </simpleChoice>
    </choiceInteraction>
  </itemBody>
</assessmentItem>