<?xml version="1.0" encoding="utf-8"?>
<assessmentItem xmlns:xsi="http://www.w3.org/2001/XMLSchema-instance" xmlns:ngml="http://ioki.com.pl/schema/imsqti_v2p1" xsi:schemaLocation="http://www.imsglobal.org/xsd/imsqti_v2p1 ../../ngml-namespace/imsqti_v2p1_ngml.xsd" title="item-i_36" identifier="i_36" timeDependent="false" adaptive="false" xmlns="http://www.imsglobal.org/xsd/imsqti_v2p1">
  <ngml:question version="10" uid="1005000170000002022" type="single-choice" orientation="vertical" example="false" scoringAlgorithm="dichotomous" />
  <responseDeclaration identifier="RESPONSE" cardinality="single" baseType="identifier">
    <correctResponse>
      <value>i_36--multiple_choice--2</value>
    </correctResponse>
  </responseDeclaration>
  <itemBody>
    <ngml:text><![CDATA[A good language teacher has several important qualities. First of all, a good teacher has knowledge of the subject. If the subject is English, the teacher should be an expert on English grammar, vocabulary, and pronunciation. Second, a good teacher needs to care about her students. If a student is having a problem, for example, the teacher should spend time talking to the student and trying to help. ___________, a good teacher knows how to explain information clearly. For example, she should use words that her students understand, and she shouldn't speak too fast.<BR/>]]></ngml:text>
    <choiceInteraction responseIdentifier="RESPONSE" shuffle="false" maxChoices="1">
      <simpleChoice identifier="i_36--multiple_choice--0">
        <ngml:text><![CDATA[Another]]></ngml:text>
      </simpleChoice>
      <simpleChoice identifier="i_36--multiple_choice--1">
        <ngml:text><![CDATA[Therefore]]></ngml:text>
      </simpleChoice>
      <simpleChoice identifier="i_36--multiple_choice--2">
        <ngml:text><![CDATA[Most important]]></ngml:text>
      </simpleChoice>
      <simpleChoice identifier="i_36--multiple_choice--3">
        <ngml:text><![CDATA[Because]]></ngml:text>
      </simpleChoice>
    </choiceInteraction>
  </itemBody>
</assessmentItem>