<?xml version="1.0" encoding="utf-8"?>
<assessmentItem xmlns:xsi="http://www.w3.org/2001/XMLSchema-instance" xmlns:ngml="http://ioki.com.pl/schema/imsqti_v2p1" xsi:schemaLocation="http://www.imsglobal.org/xsd/imsqti_v2p1 ../../ngml-namespace/imsqti_v2p1_ngml.xsd" title="item-i_37" identifier="i_37" timeDependent="false" adaptive="false" xmlns="http://www.imsglobal.org/xsd/imsqti_v2p1">
  <ngml:question version="10" uid="1005000170000002023" type="single-choice" orientation="vertical" example="false" scoringAlgorithm="dichotomous" />
  <responseDeclaration identifier="RESPONSE" cardinality="single" baseType="identifier">
    <correctResponse>
      <value>i_37--multiple_choice--3</value>
    </correctResponse>
  </responseDeclaration>
  <itemBody>
    <ngml:text><![CDATA[The City Art Museum is not well organized. It consists of four rooms. As you enter the museum, you enter a room with 19th century American landscapes by artists such as William Paxton and Edward Hicks. The room _____ the first one contains sculptures from different time periods. Some are very ancient and others are quite modern. Continuing to walk, you come to a room that contains religious paintings from different countries. The last room contains contemporary American paintings. For example, there is a painting by Andy Warhol of a can of soup.<BR/>]]></ngml:text>
    <choiceInteraction responseIdentifier="RESPONSE" shuffle="false" maxChoices="1">
      <simpleChoice identifier="i_37--multiple_choice--0">
        <ngml:text><![CDATA[between]]></ngml:text>
      </simpleChoice>
      <simpleChoice identifier="i_37--multiple_choice--1">
        <ngml:text><![CDATA[in the center ]]></ngml:text>
      </simpleChoice>
      <simpleChoice identifier="i_37--multiple_choice--2">
        <ngml:text><![CDATA[on the end]]></ngml:text>
      </simpleChoice>
      <simpleChoice identifier="i_37--multiple_choice--3">
        <ngml:text><![CDATA[behind]]></ngml:text>
      </simpleChoice>
    </choiceInteraction>
  </itemBody>
</assessmentItem>