<?xml version="1.0" encoding="utf-8"?>
<assessmentItem xmlns:xsi="http://www.w3.org/2001/XMLSchema-instance" xmlns:ngml="http://ioki.com.pl/schema/imsqti_v2p1" xsi:schemaLocation="http://www.imsglobal.org/xsd/imsqti_v2p1 ../../ngml-namespace/imsqti_v2p1_ngml.xsd" title="item-i_39" identifier="i_39" timeDependent="false" adaptive="false" xmlns="http://www.imsglobal.org/xsd/imsqti_v2p1">
  <ngml:question version="10" uid="1005000170000002025" type="single-choice" orientation="vertical" example="false" scoringAlgorithm="dichotomous" />
  <responseDeclaration identifier="RESPONSE" cardinality="single" baseType="identifier">
    <correctResponse>
      <value>i_39--multiple_choice--3</value>
    </correctResponse>
  </responseDeclaration>
  <itemBody>
    <ngml:text><![CDATA[Getting a full-time job has had several negative effects on my health. First, I don't have enough time to exercise. ______, I have gained five pounds since I started this job.<BR/>]]></ngml:text>
    <choiceInteraction responseIdentifier="RESPONSE" shuffle="false" maxChoices="1">
      <simpleChoice identifier="i_39--multiple_choice--0">
        <ngml:text><![CDATA[Because of]]></ngml:text>
      </simpleChoice>
      <simpleChoice identifier="i_39--multiple_choice--1">
        <ngml:text><![CDATA[And]]></ngml:text>
      </simpleChoice>
      <simpleChoice identifier="i_39--multiple_choice--2">
        <ngml:text><![CDATA[Since]]></ngml:text>
      </simpleChoice>
      <simpleChoice identifier="i_39--multiple_choice--3">
        <ngml:text><![CDATA[Therefore]]></ngml:text>
      </simpleChoice>
    </choiceInteraction>
  </itemBody>
</assessmentItem>