<?xml version="1.0" encoding="utf-8"?>
<assessmentItem xmlns:xsi="http://www.w3.org/2001/XMLSchema-instance" xmlns:ngml="http://ioki.com.pl/schema/imsqti_v2p1" xsi:schemaLocation="http://www.imsglobal.org/xsd/imsqti_v2p1 ../../ngml-namespace/imsqti_v2p1_ngml.xsd" title="item-i_40" identifier="i_40" timeDependent="false" adaptive="false" xmlns="http://www.imsglobal.org/xsd/imsqti_v2p1">
  <ngml:question version="10" uid="1005000170000002026" type="single-choice" orientation="vertical" example="false" scoringAlgorithm="dichotomous" />
  <responseDeclaration identifier="RESPONSE" cardinality="single" baseType="identifier">
    <correctResponse>
      <value>i_40--multiple_choice--1</value>
    </correctResponse>
  </responseDeclaration>
  <itemBody>
    <ngml:text><![CDATA[My two best friends, Amy and Sandra, are similar in several ways. First, Amy is a lawyer. Her specialty is family law. __________, Sandra is a lawyer. She works for the U.S. government.<BR/>]]></ngml:text>
    <choiceInteraction responseIdentifier="RESPONSE" shuffle="false" maxChoices="1">
      <simpleChoice identifier="i_40--multiple_choice--0">
        <ngml:text><![CDATA[Like]]></ngml:text>
      </simpleChoice>
      <simpleChoice identifier="i_40--multiple_choice--1">
        <ngml:text><![CDATA[Similarly]]></ngml:text>
      </simpleChoice>
      <simpleChoice identifier="i_40--multiple_choice--2">
        <ngml:text><![CDATA[Alike]]></ngml:text>
      </simpleChoice>
      <simpleChoice identifier="i_40--multiple_choice--3">
        <ngml:text><![CDATA[Same]]></ngml:text>
      </simpleChoice>
    </choiceInteraction>
  </itemBody>
</assessmentItem>