<?xml version="1.0" encoding="utf-8"?>
<assessmentItem xmlns:xsi="http://www.w3.org/2001/XMLSchema-instance" xmlns:ngml="http://ioki.com.pl/schema/imsqti_v2p1" xsi:schemaLocation="http://www.imsglobal.org/xsd/imsqti_v2p1 ../../ngml-namespace/imsqti_v2p1_ngml.xsd" title="item-i_41" identifier="i_41" timeDependent="false" adaptive="false" xmlns="http://www.imsglobal.org/xsd/imsqti_v2p1">
  <ngml:question version="10" uid="1005000170000002027" type="single-choice" orientation="vertical" example="false" scoringAlgorithm="dichotomous" />
  <responseDeclaration identifier="RESPONSE" cardinality="single" baseType="identifier">
    <correctResponse>
      <value>i_41--multiple_choice--2</value>
    </correctResponse>
  </responseDeclaration>
  <itemBody>
    <ngml:text><![CDATA[The Boeing 737 and Boeing 747 are very different airplanes. First, the 737 is a narrow-body plane used for flying medium distances. _____, the 747 is a wide-body plane that can fly long distances.<BR/>]]></ngml:text>
    <choiceInteraction responseIdentifier="RESPONSE" shuffle="false" maxChoices="1">
      <simpleChoice identifier="i_41--multiple_choice--0">
        <ngml:text><![CDATA[Similarly]]></ngml:text>
      </simpleChoice>
      <simpleChoice identifier="i_41--multiple_choice--1">
        <ngml:text><![CDATA[Different]]></ngml:text>
      </simpleChoice>
      <simpleChoice identifier="i_41--multiple_choice--2">
        <ngml:text><![CDATA[In contrast]]></ngml:text>
      </simpleChoice>
      <simpleChoice identifier="i_41--multiple_choice--3">
        <ngml:text><![CDATA[Then]]></ngml:text>
      </simpleChoice>
    </choiceInteraction>
  </itemBody>
</assessmentItem>