<?xml version="1.0" encoding="utf-8"?>
<assessmentItem xmlns:xsi="http://www.w3.org/2001/XMLSchema-instance" xmlns:ngml="http://ioki.com.pl/schema/imsqti_v2p1" xsi:schemaLocation="http://www.imsglobal.org/xsd/imsqti_v2p1 ../../ngml-namespace/imsqti_v2p1_ngml.xsd" title="item-i_42" identifier="i_42" timeDependent="false" adaptive="false" xmlns="http://www.imsglobal.org/xsd/imsqti_v2p1">
  <ngml:question version="10" uid="1005000170000002028" type="single-choice" orientation="vertical" example="false" scoringAlgorithm="dichotomous" />
  <responseDeclaration identifier="RESPONSE" cardinality="single" baseType="identifier">
    <correctResponse>
      <value>i_42--multiple_choice--0</value>
    </correctResponse>
  </responseDeclaration>
  <itemBody>
    <ngml:text><![CDATA[_____ it should be illegal for people to use cell phones in movie theaters. I have several reasons for my opinion.<BR/>]]></ngml:text>
    <choiceInteraction responseIdentifier="RESPONSE" shuffle="false" maxChoices="1">
      <simpleChoice identifier="i_42--multiple_choice--0">
        <ngml:text><![CDATA[I think that]]></ngml:text>
      </simpleChoice>
      <simpleChoice identifier="i_42--multiple_choice--1">
        <ngml:text><![CDATA[According to me,]]></ngml:text>
      </simpleChoice>
      <simpleChoice identifier="i_42--multiple_choice--2">
        <ngml:text><![CDATA[I am against]]></ngml:text>
      </simpleChoice>
      <simpleChoice identifier="i_42--multiple_choice--3">
        <ngml:text><![CDATA[Because]]></ngml:text>
      </simpleChoice>
    </choiceInteraction>
  </itemBody>
</assessmentItem>