<?xml version="1.0" encoding="utf-8"?>
<assessmentItem xmlns:xsi="http://www.w3.org/2001/XMLSchema-instance" xmlns:ngml="http://ioki.com.pl/schema/imsqti_v2p1" xsi:schemaLocation="http://www.imsglobal.org/xsd/imsqti_v2p1 ../../ngml-namespace/imsqti_v2p1_ngml.xsd" title="item-i_44" identifier="i_44" timeDependent="false" adaptive="false" xmlns="http://www.imsglobal.org/xsd/imsqti_v2p1">
  <ngml:question version="10" uid="1005000170000002030" type="single-choice" orientation="vertical" example="false" scoringAlgorithm="dichotomous" />
  <responseDeclaration identifier="RESPONSE" cardinality="single" baseType="identifier">
    <correctResponse>
      <value>i_44--multiple_choice--3</value>
    </correctResponse>
  </responseDeclaration>
  <itemBody>
    <ngml:text><![CDATA[Which words in the following topic sentence are the controlling idea? (The controlling idea tells what specific details the paragraph will discuss.)<BR/><B>Topic sentence: </B>The process of writing a research paper for a college class involves four stages.<BR/>]]></ngml:text>
    <choiceInteraction responseIdentifier="RESPONSE" shuffle="false" maxChoices="1">
      <simpleChoice identifier="i_44--multiple_choice--0">
        <ngml:text><![CDATA[the process]]></ngml:text>
      </simpleChoice>
      <simpleChoice identifier="i_44--multiple_choice--1">
        <ngml:text><![CDATA[writing a research paper]]></ngml:text>
      </simpleChoice>
      <simpleChoice identifier="i_44--multiple_choice--2">
        <ngml:text><![CDATA[a college class]]></ngml:text>
      </simpleChoice>
      <simpleChoice identifier="i_44--multiple_choice--3">
        <ngml:text><![CDATA[involves four stages]]></ngml:text>
      </simpleChoice>
    </choiceInteraction>
  </itemBody>
</assessmentItem>