<?xml version="1.0" encoding="utf-8"?>
<assessmentTest xmlns:xsi="http://www.w3.org/2001/XMLSchema-instance" xmlns:ngml="http://ioki.com.pl/schema/imsqti_v2p1" xsi:schemaLocation="http://www.imsglobal.org/xsd/imsqti_v2p1 ../../ngml-namespace/imsqti_v2p1_ngml.xsd" title="Describing a Place" identifier="n_248" xmlns="http://www.imsglobal.org/xsd/imsqti_v2p1">
  <ngml:activity type="homework" time="00:50:00" globalId="36a100bb-8dd7-4f99-90d0-488255264509" no-submit="false" checkPunctuation="false" caseSensitivity="false" uid="1003000170000000334" version="14" />
  <ngml:title><![CDATA[Describing a Place]]></ngml:title>
  <testPart identifier="p_1" navigationMode="linear" submissionMode="individual">
    <assessmentSection identifier="section_1" ngml:version="14" ngml:uid="1004000170000000413" visible="true" ngml:pageBreak="false" title="Describing a Place" ngml:layoutHeight="1657" ngml:autonumbering="false">
      <ngml:title><![CDATA[Describing a Place]]></ngml:title>
      <ngml:tips>
        <ngml:tip>
          <ngml:text><![CDATA[<B>Model Paragraph</B><BR/><BR/><B>The Public Park</B><BR/><B></B><BR/>The public park near my house is a great place to relax and have fun. It has many enjoyable features. When you enter the park, on your left you will see two volleyball nets set up on the grass. Behind the volleyball nets, there is a beautiful blue swimming pool surrounded by a tall fence. In the summer, it is usually full of people in brightly colored swimsuits laughing, splashing, and swimming. Next to the pool on the right side, there is a colorful new playground. It is busy all the time with lots of energetic children. In the middle of the playground, there is a structure that looks like a big mushroom. On hot days, it sprays water into the air to keep everybody cool. Behind the playground, there is a big green soccer field. A jogging track goes all around the field. On the track, you can see people walking, jogging, and even riding bicycles. To the right of the soccer field, there are outdoor basketball courts that are always in use. You can hear the sound of the basketballs bouncing on the pavement and the laughing and shouting of the players. Finally, in between all these places, there are grassy areas with picnic tables, grills for cooking, and shady trees. You can see people relaxing on blankets in the grass, and you can smell meat cooking on the grill. I love to spend time at the park. It is an enjoyable, relaxing place.]]></ngml:text>
        </ngml:tip>
      </ngml:tips>
      <ngml:rubric>
        <ngml:text><![CDATA[Write a paragraph about one of the topics listed below (or the topic your teacher assigns). You will have 50 minutes.<BR/>1. Describe your country, its geography, and its most important regions and cities.<BR/>2. Describe a classroom at your school, explaining where everything is located in the room.<BR/>3. Describe the inside of a museum, mall, theater, or other building you are familiar with, explaining where things are located and what the building looks like inside.<BR/><B></B><BR/><B>Editing Checklist</B><BR/><UL><LI>Are the grammar, sentence structure, mechanics, and punctuation correct?</LI></UL><UL><LI>Is the vocabulary appropriate? Are the words spelled correctly?</LI></UL><UL><LI>Is the paragraph well organized, well developed, and clear?</LI></UL>]]></ngml:text>
      </ngml:rubric>
      <ngml:referenceObjects>
        <ngml:referenceObject layoutX="0" layoutY="0" layoutWidth="700" layoutHeight="724">
          <ngml:text><![CDATA[<div class='reading-frame'><B>Describing a Place</B><BR/><BR/>When you describe a place, you tell what it looks like and where things in it are located. There are two keys to writing a good description of a place:<BR/><UL><LI>use space order</LI></UL><UL><LI>use lots of adjectives and colorful details</LI></UL><BR/>A paragraph describing a place should include these parts: <BR/><BR/><B>The topic sentence: </B>The topic sentence should name the place you are  going to describe. Then it should make a general statement about the place. For example: “The public park near my house is a great place to relax and have fun.”<BR/><BR/><B>Supporting sentences: </B>These sentences provide details about what the place looks like and how the items in it are organized. Here are some of the ways that you can organize these details:<BR/><BR/><UL><LI>left to right or right to left</LI></UL><UL><LI>front to back or back to front</LI></UL><UL><LI>top to bottom or bottom to top</LI></UL><UL><LI>inside to outside or outside to inside</LI></UL><UL><LI>near to far or far to near</LI></UL><UL><LI>clockwise or counter-clockwise</LI></UL><BR/>Connect the locations with prepositions phrases. For example: <I>on the right</I>, <I>next to the</I> ____, <I>in front of the</I> ___, <I>by the</I> _____, and so on.<BR/><BR/><B>The concluding sentence:</B> This sentence may repeat the general statement you made in your topic sentence. However, it should use different words. For example: “I love spending time in the park near my house. It’s an enjoyable, relaxing place.”<BR/><BR/>Click on the light bulb for a model paragraph.</div>]]></ngml:text>
        </ngml:referenceObject>
      </ngml:referenceObjects>
      <assessmentItemRef identifier="i_2" href="i_2.xml" ngml:layoutX="0" ngml:layoutY="731" ngml:layoutWidth="646" ngml:layoutHeight="882" />
    </assessmentSection>
  </testPart>
</assessmentTest>