<?xml version="1.0" encoding="utf-8"?>
<assessmentTest xmlns:xsi="http://www.w3.org/2001/XMLSchema-instance" xmlns:ngml="http://ioki.com.pl/schema/imsqti_v2p1" xsi:schemaLocation="http://www.imsglobal.org/xsd/imsqti_v2p1 ../../ngml-namespace/imsqti_v2p1_ngml.xsd" title="Practice 1" identifier="n_116" xmlns="http://www.imsglobal.org/xsd/imsqti_v2p1">
  <ngml:activity type="homework" time="00:00:00" globalId="fa3b22a1-15b6-49ed-934b-0a3fcf5ffc2f" no-submit="false" checkPunctuation="false" caseSensitivity="false" uid="1003000170000000160" version="7" />
  <ngml:title><![CDATA[Practice 1]]></ngml:title>
  <testPart identifier="p_1" navigationMode="linear" submissionMode="individual">
    <assessmentSection identifier="section_1" ngml:version="7" ngml:uid="1004000170000000210" visible="true" ngml:pageBreak="false" title="Practice 1" ngml:layoutHeight="1469" ngml:autonumbering="false">
      <ngml:title><![CDATA[Practice 1]]></ngml:title>
      <ngml:tips>
        <ngml:tip>
          <ngml:text><![CDATA[<B>Punctuation in Letters</B><BR/><BR/>The following rules describe how to use commas in property addresses and in openings and closings of letters.]]></ngml:text>
          <ngml:asset identifier="n_116--p_1--tip_1366371764578--block_0--ref_1366371777813" type="image" src="http://media.pearsoncmg.com/intl/elt/compose/mel_writing_2/WL2_PM_PIL_P1.jpg" shortVersion="false" />
        </ngml:tip>
      </ngml:tips>
      <ngml:rubric>
        <ngml:text><![CDATA[Is the item correct? Select <I>Correct </I>or <I>Incorrect</I>.]]></ngml:text>
      </ngml:rubric>
      <assessmentItemRef identifier="i_1" href="i_1.xml" ngml:layoutX="24" ngml:layoutY="0" ngml:layoutWidth="791" ngml:layoutHeight="117" ngml:itemEnumeration="1" />
      <assessmentItemRef identifier="i_10" href="i_10.xml" ngml:layoutX="24" ngml:layoutY="1067" ngml:layoutWidth="770" ngml:layoutHeight="181" ngml:itemEnumeration="10" />
      <assessmentItemRef identifier="i_11" href="i_11.xml" ngml:layoutX="24" ngml:layoutY="1281" ngml:layoutWidth="770" ngml:layoutHeight="139" ngml:itemEnumeration="11" />
      <assessmentItemRef identifier="i_2" href="i_2.xml" ngml:layoutX="24" ngml:layoutY="160" ngml:layoutWidth="770" ngml:layoutHeight="76" ngml:itemEnumeration="2" />
      <assessmentItemRef identifier="i_3" href="i_3.xml" ngml:layoutX="24" ngml:layoutY="268" ngml:layoutWidth="770" ngml:layoutHeight="55" ngml:itemEnumeration="3" />
      <assessmentItemRef identifier="i_4" href="i_4.xml" ngml:layoutX="24" ngml:layoutY="355" ngml:layoutWidth="770" ngml:layoutHeight="118" ngml:itemEnumeration="4" />
      <assessmentItemRef identifier="i_5" href="i_5.xml" ngml:layoutX="24" ngml:layoutY="506" ngml:layoutWidth="770" ngml:layoutHeight="55" ngml:itemEnumeration="5" />
      <assessmentItemRef identifier="i_6" href="i_6.xml" ngml:layoutX="24" ngml:layoutY="593" ngml:layoutWidth="770" ngml:layoutHeight="76" ngml:itemEnumeration="6" />
      <assessmentItemRef identifier="i_7" href="i_7.xml" ngml:layoutX="24" ngml:layoutY="701" ngml:layoutWidth="770" ngml:layoutHeight="160" ngml:itemEnumeration="7" />
      <assessmentItemRef identifier="i_8" href="i_8.xml" ngml:layoutX="24" ngml:layoutY="893" ngml:layoutWidth="770" ngml:layoutHeight="55" ngml:itemEnumeration="8" />
      <assessmentItemRef identifier="i_9" href="i_9.xml" ngml:layoutX="24" ngml:layoutY="980" ngml:layoutWidth="770" ngml:layoutHeight="55" ngml:itemEnumeration="9" />
    </assessmentSection>
  </testPart>
</assessmentTest>