<?xml version="1.0" encoding="utf-8"?>
<assessmentTest xmlns:xsi="http://www.w3.org/2001/XMLSchema-instance" xmlns:ngml="http://ioki.com.pl/schema/imsqti_v2p1" xsi:schemaLocation="http://www.imsglobal.org/xsd/imsqti_v2p1 ../../ngml-namespace/imsqti_v2p1_ngml.xsd" title="Practice 2" identifier="n_257" xmlns="http://www.imsglobal.org/xsd/imsqti_v2p1">
  <ngml:activity type="homework" time="00:00:00" globalId="1087f0f4-9dc3-42f8-a2f7-c76daa4cd13f" no-submit="false" checkPunctuation="false" caseSensitivity="false" uid="1003000170000000552" version="8" />
  <ngml:title><![CDATA[Practice 2]]></ngml:title>
  <testPart identifier="p_1" navigationMode="linear" submissionMode="individual">
    <assessmentSection identifier="section_1" ngml:version="7" ngml:uid="1004000170000000609" visible="true" ngml:pageBreak="false" title="Practice 2" ngml:layoutHeight="495" ngml:autonumbering="false">
      <ngml:title><![CDATA[Practice 2]]></ngml:title>
      <ngml:tips>
        <ngml:tip>
          <ngml:text><![CDATA[<B>The Past Progressive</B><BR/><BR/>To form the past progressive, use:  <BR/><I></I><BR/><I>I / he / she / it </I><B><I>was (not)</I></B><B>  + verb + -</B><B><I>ing</I></B><BR/><B></B><BR/><B>Examples:</B> I was sleeping.<BR/>Joe wasn't eating dinner.<BR/><I></I><BR/><I>you / we / they </I><B><I>were (not)</I></B><B>  + verb + -</B><B><I>ing</I></B><BR/><B></B><BR/><B>Examples:</B> We were watching TV.<BR/>You weren't listening.<BR/><BR/>Use the past progressive in these situations:]]></ngml:text>
          <ngml:asset identifier="n_257--p_1--tip_1366369217767--block_0--ref_1366370081115" type="image" src="http://media.pearsoncmg.com/intl/elt/compose/mel_writing_2/WL2_G_PPR_P2.jpg" shortVersion="false" />
        </ngml:tip>
      </ngml:tips>
      <ngml:rubric>
        <ngml:text><![CDATA[Complete each sentence with the past progressive form of the verb in parentheses.]]></ngml:text>
      </ngml:rubric>
      <assessmentItemRef identifier="i_1" href="i_1.xml" ngml:layoutX="24" ngml:layoutY="0" ngml:layoutWidth="791" ngml:layoutHeight="54" ngml:itemEnumeration="1" />
      <assessmentItemRef identifier="i_2" href="i_2.xml" ngml:layoutX="24" ngml:layoutY="92" ngml:layoutWidth="770" ngml:layoutHeight="186" ngml:itemEnumeration="2" />
      <assessmentItemRef identifier="i_3" href="i_3.xml" ngml:layoutX="24" ngml:layoutY="305" ngml:layoutWidth="770" ngml:layoutHeight="146" ngml:itemEnumeration="3" />
    </assessmentSection>
  </testPart>
</assessmentTest>