<?xml version="1.0" encoding="utf-8"?>
<assessmentItem xmlns:xsi="http://www.w3.org/2001/XMLSchema-instance" xmlns:ngml="http://ioki.com.pl/schema/imsqti_v2p1" xsi:schemaLocation="http://www.imsglobal.org/xsd/imsqti_v2p1 ../../ngml-namespace/imsqti_v2p1_ngml.xsd" title="item-i_2" identifier="i_2" timeDependent="false" adaptive="false" xmlns="http://www.imsglobal.org/xsd/imsqti_v2p1">
  <ngml:question version="16" uid="1005000170000003347" type="fillin" orientation="vertical" example="false" scoringAlgorithm="dichotomous" />
  <responseDeclaration identifier="RESPONSE_1" cardinality="single" baseType="identifier">
    <correctResponse>
      <value>was walking</value>
    </correctResponse>
  </responseDeclaration>
  <responseDeclaration identifier="RESPONSE_2" cardinality="single" baseType="identifier">
    <correctResponse>
      <value>were sleeping</value>
    </correctResponse>
  </responseDeclaration>
  <responseDeclaration identifier="RESPONSE_3" cardinality="single" baseType="identifier">
    <correctResponse>
      <value>wasn't snowing</value>
      <value>was not snowing</value>
    </correctResponse>
  </responseDeclaration>
  <responseDeclaration identifier="RESPONSE_4" cardinality="single" baseType="identifier">
    <correctResponse>
      <value>was standing</value>
    </correctResponse>
  </responseDeclaration>
  <responseDeclaration identifier="RESPONSE_5" cardinality="single" baseType="identifier">
    <correctResponse>
      <value>was waiting</value>
    </correctResponse>
  </responseDeclaration>
  <itemBody>
    <ngml:text><![CDATA[Last night I had a strange dream. In my dream it was 2 a.m. I ]]></ngml:text>
    <textEntryInteraction responseIdentifier="RESPONSE_1" ngml:gapSize="normal" />
    <ngml:text><![CDATA[ (walk) down the street. All my neighbors ]]></ngml:text>
    <textEntryInteraction responseIdentifier="RESPONSE_2" ngml:gapSize="normal" />
    <ngml:text><![CDATA[ (sleep). It was perfectly quiet. It ]]></ngml:text>
    <textEntryInteraction responseIdentifier="RESPONSE_3" ngml:gapSize="normal" />
    <ngml:text><![CDATA[ (not snow). Suddenly I saw an elephant. It ]]></ngml:text>
    <textEntryInteraction responseIdentifier="RESPONSE_4" ngml:gapSize="normal" />
    <ngml:text><![CDATA[ (stand) next to my car. I walked over and I asked the elephant, "Why are you here?" The elephant answered, "I ]]></ngml:text>
    <textEntryInteraction responseIdentifier="RESPONSE_5" ngml:gapSize="normal" />
    <ngml:text><![CDATA[ (wait) for you. Can you take me to the airport?"]]></ngml:text>
    <ngml:text><![CDATA[<BR/>]]></ngml:text>
  </itemBody>
  <ngml:feedbacks>
    <ngml:feedback type="generic" responseIdentifier="RESPONSE_1">
      <ngml:feedbackResponse>
        <ngml:text><![CDATA[The past progressive is formed with <I>was / were</I>  + verb + <I>-ing</I>. <I>Was</I> and <I>were</I> must agree with the subject.]]></ngml:text>
      </ngml:feedbackResponse>
    </ngml:feedback>
    <ngml:feedback type="generic" responseIdentifier="RESPONSE_2">
      <ngml:feedbackResponse>
        <ngml:text><![CDATA[The past progressive is formed with<I> was / were</I>  + verb + <I>-ing</I>. <I>Was</I> and <I>were</I> must agree with the subject.]]></ngml:text>
      </ngml:feedbackResponse>
    </ngml:feedback>
    <ngml:feedback type="generic" responseIdentifier="RESPONSE_3">
      <ngml:feedbackResponse>
        <ngml:text><![CDATA[The past progressive is formed with <I>was / were</I>  + <I>not</I> + verb + <I>-ing</I>. <I>Was</I> and <I>were</I> must agree with the subject.]]></ngml:text>
      </ngml:feedbackResponse>
    </ngml:feedback>
    <ngml:feedback type="generic" responseIdentifier="RESPONSE_4">
      <ngml:feedbackResponse>
        <ngml:text><![CDATA[The past progressive is formed with <I>was / were</I>  + verb + <I>-ing</I>. <I>Was</I> and <I>were</I> must agree with the subject.]]></ngml:text>
      </ngml:feedbackResponse>
    </ngml:feedback>
    <ngml:feedback type="generic" responseIdentifier="RESPONSE_5">
      <ngml:feedbackResponse>
        <ngml:text><![CDATA[The past progressive is formed with <I>was / were</I>  + verb + <I>-ing</I>. <I>Was</I> and <I>were</I> must agree with the subject.]]></ngml:text>
      </ngml:feedbackResponse>
    </ngml:feedback>
  </ngml:feedbacks>
</assessmentItem>