<?xml version="1.0" encoding="utf-8"?>
<assessmentItem xmlns:xsi="http://www.w3.org/2001/XMLSchema-instance" xmlns:ngml="http://ioki.com.pl/schema/imsqti_v2p1" xsi:schemaLocation="http://www.imsglobal.org/xsd/imsqti_v2p1 ../../ngml-namespace/imsqti_v2p1_ngml.xsd" title="item-i_3" identifier="i_3" timeDependent="false" adaptive="false" xmlns="http://www.imsglobal.org/xsd/imsqti_v2p1">
  <ngml:question version="18" uid="1005000170000003348" type="fillin" orientation="vertical" example="false" scoringAlgorithm="dichotomous" />
  <responseDeclaration identifier="RESPONSE_1" cardinality="single" baseType="identifier">
    <correctResponse>
      <value>was listening</value>
    </correctResponse>
  </responseDeclaration>
  <responseDeclaration identifier="RESPONSE_2" cardinality="single" baseType="identifier">
    <correctResponse>
      <value>were reading</value>
    </correctResponse>
  </responseDeclaration>
  <responseDeclaration identifier="RESPONSE_3" cardinality="single" baseType="identifier">
    <correctResponse>
      <value>was talking</value>
    </correctResponse>
  </responseDeclaration>
  <responseDeclaration identifier="RESPONSE_4" cardinality="single" baseType="identifier">
    <correctResponse>
      <value>was eating</value>
    </correctResponse>
  </responseDeclaration>
  <responseDeclaration identifier="RESPONSE_5" cardinality="single" baseType="identifier">
    <correctResponse>
      <value>weren't doing</value>
      <value>were not doing</value>
    </correctResponse>
  </responseDeclaration>
  <itemBody>
    <ngml:text><![CDATA[This morning, I was on an elevator with seven or eight other people. It was interesting to watch them. One guy ]]></ngml:text>
    <textEntryInteraction responseIdentifier="RESPONSE_1" ngml:gapSize="normal" />
    <ngml:text><![CDATA[ (listen) to music. Two people ]]></ngml:text>
    <textEntryInteraction responseIdentifier="RESPONSE_2" ngml:gapSize="normal" />
    <ngml:text><![CDATA[ (read) the newspaper. One woman ]]></ngml:text>
    <textEntryInteraction responseIdentifier="RESPONSE_3" ngml:gapSize="normal" />
    <ngml:text><![CDATA[ (talk) on the phone. Another guy ]]></ngml:text>
    <textEntryInteraction responseIdentifier="RESPONSE_4" ngml:gapSize="normal" />
    <ngml:text><![CDATA[ (eat) a muffin. The rest of us ]]></ngml:text>
    <textEntryInteraction responseIdentifier="RESPONSE_5" ngml:gapSize="normal" />
    <ngml:text><![CDATA[ (not do) anything special.]]></ngml:text>
  </itemBody>
  <ngml:feedbacks>
    <ngml:feedback type="generic" responseIdentifier="RESPONSE_1">
      <ngml:feedbackResponse>
        <ngml:text><![CDATA[The past progressive is formed with <I>was / were</I>  + verb + <I>-ing</I>. <I>Was</I> and <I>were</I> must agree with the subject.]]></ngml:text>
      </ngml:feedbackResponse>
    </ngml:feedback>
    <ngml:feedback type="generic" responseIdentifier="RESPONSE_2">
      <ngml:feedbackResponse>
        <ngml:text><![CDATA[The past progressive is formed with <I>was / were</I>  + verb + <I>-ing</I>. <I>Was</I> and <I>were</I> must agree with the subject.]]></ngml:text>
      </ngml:feedbackResponse>
    </ngml:feedback>
    <ngml:feedback type="generic" responseIdentifier="RESPONSE_3">
      <ngml:feedbackResponse>
        <ngml:text><![CDATA[The past progressive is formed with <I>was / were</I>  + verb + <I>-ing</I>. <I>Was</I> and <I>were</I> must agree with the subject.]]></ngml:text>
      </ngml:feedbackResponse>
    </ngml:feedback>
    <ngml:feedback type="generic" responseIdentifier="RESPONSE_4">
      <ngml:feedbackResponse>
        <ngml:text><![CDATA[The past progressive is formed with <I>was / were</I>  + verb + <I>-ing</I>. <I>Was</I> and <I>were</I> must agree with the subject.]]></ngml:text>
      </ngml:feedbackResponse>
    </ngml:feedback>
    <ngml:feedback type="generic" responseIdentifier="RESPONSE_5">
      <ngml:feedbackResponse>
        <ngml:text><![CDATA[The past progressive is formed with <I>was / were</I>  + <I>not</I> + verb + <I>-ing</I>. <I>Was</I> and <I>were</I> must agree with the subject.]]></ngml:text>
      </ngml:feedbackResponse>
    </ngml:feedback>
  </ngml:feedbacks>
</assessmentItem>