<?xml version="1.0" encoding="utf-8"?>
<assessmentItem xmlns:xsi="http://www.w3.org/2001/XMLSchema-instance" xmlns:ngml="http://ioki.com.pl/schema/imsqti_v2p1" xsi:schemaLocation="http://www.imsglobal.org/xsd/imsqti_v2p1 ../../ngml-namespace/imsqti_v2p1_ngml.xsd" title="item-i_6" identifier="i_6" timeDependent="false" adaptive="false" xmlns="http://www.imsglobal.org/xsd/imsqti_v2p1">
  <ngml:question version="9" uid="1005000170000003340" type="inline-drop-down" orientation="vertical" example="false" scoringAlgorithm="dichotomous" />
  <responseDeclaration identifier="RESPONSE_1" cardinality="single" baseType="identifier">
    <correctResponse>
      <value>i_6--inline_choice--0</value>
    </correctResponse>
  </responseDeclaration>
  <itemBody>
    <ngml:text><![CDATA[It was a typical Saturday morning at the park. Some children ]]></ngml:text>
    <inlineChoiceInteraction responseIdentifier="RESPONSE_1" shuffle="false">
      <inlineChoice identifier="i_6--inline_choice--0_distractor_1366367218210">
        <ngml:text><![CDATA[digging]]></ngml:text>
      </inlineChoice>
      <inlineChoice identifier="i_6--inline_choice--0">
        <ngml:text><![CDATA[were digging]]></ngml:text>
      </inlineChoice>
      <inlineChoice identifier="i_6--inline_choice--0_distractor_1366367229844">
        <ngml:text><![CDATA[was digging]]></ngml:text>
      </inlineChoice>
    </inlineChoiceInteraction>
    <ngml:text><![CDATA[ in the sandbox.]]></ngml:text>
  </itemBody>
  <ngml:feedbacks>
    <ngml:feedback type="generic" responseIdentifier="RESPONSE_1">
      <ngml:feedbackResponse>
        <ngml:text><![CDATA[The past progressive is formed with <I>was / were </I>+ verb + <I>–ing.</I> <I>Was</I> and <I>were</I> must agree with the subject.]]></ngml:text>
      </ngml:feedbackResponse>
    </ngml:feedback>
  </ngml:feedbacks>
</assessmentItem>