<?xml version="1.0" encoding="utf-8"?>
<assessmentItem xmlns:xsi="http://www.w3.org/2001/XMLSchema-instance" xmlns:ngml="http://ioki.com.pl/schema/imsqti_v2p1" xsi:schemaLocation="http://www.imsglobal.org/xsd/imsqti_v2p1 ../../ngml-namespace/imsqti_v2p1_ngml.xsd" title="item-i_9" identifier="i_9" timeDependent="false" adaptive="false" xmlns="http://www.imsglobal.org/xsd/imsqti_v2p1">
  <ngml:question version="9" uid="1005000170000003343" type="inline-drop-down" orientation="vertical" example="false" scoringAlgorithm="dichotomous" />
  <responseDeclaration identifier="RESPONSE_1" cardinality="single" baseType="identifier">
    <correctResponse>
      <value>i_9--inline_choice--0</value>
    </correctResponse>
  </responseDeclaration>
  <responseDeclaration identifier="RESPONSE_2" cardinality="single" baseType="identifier">
    <correctResponse>
      <value>i_9--inline_choice--1</value>
    </correctResponse>
  </responseDeclaration>
  <itemBody>
    <ngml:text><![CDATA[A woman ]]></ngml:text>
    <inlineChoiceInteraction responseIdentifier="RESPONSE_1" shuffle="false">
      <inlineChoice identifier="i_9--inline_choice--0_distractor_1366368190423">
        <ngml:text><![CDATA[sit]]></ngml:text>
      </inlineChoice>
      <inlineChoice identifier="i_9--inline_choice--0">
        <ngml:text><![CDATA[was sitting]]></ngml:text>
      </inlineChoice>
      <inlineChoice identifier="i_9--inline_choice--0_distractor_1366368195993">
        <ngml:text><![CDATA[sitting]]></ngml:text>
      </inlineChoice>
    </inlineChoiceInteraction>
    <ngml:text><![CDATA[ on a bench. She ]]></ngml:text>
    <inlineChoiceInteraction responseIdentifier="RESPONSE_2" shuffle="false">
      <inlineChoice identifier="i_9--inline_choice--1_distractor_1366368295972">
        <ngml:text><![CDATA[read]]></ngml:text>
      </inlineChoice>
      <inlineChoice identifier="i_9--inline_choice--1">
        <ngml:text><![CDATA[was reading]]></ngml:text>
      </inlineChoice>
      <inlineChoice identifier="i_9--inline_choice--1_distractor_1366368321612">
        <ngml:text><![CDATA[were reading]]></ngml:text>
      </inlineChoice>
    </inlineChoiceInteraction>
    <ngml:text><![CDATA[ a newspaper.]]></ngml:text>
  </itemBody>
  <ngml:feedbacks>
    <ngml:feedback type="generic" responseIdentifier="RESPONSE_1">
      <ngml:feedbackResponse>
        <ngml:text><![CDATA[The past progressive is formed with <I>was / were </I>+ verb + <I>–ing.</I> <I>Was</I> and <I>were</I> must agree with the subject.]]></ngml:text>
      </ngml:feedbackResponse>
    </ngml:feedback>
    <ngml:feedback type="generic" responseIdentifier="RESPONSE_2">
      <ngml:feedbackResponse>
        <ngml:text><![CDATA[The past progressive is formed with <I>was / were </I>+ verb + <I>–ing.</I> <I>Was</I> and <I>were</I> must agree with the subject.]]></ngml:text>
      </ngml:feedbackResponse>
    </ngml:feedback>
  </ngml:feedbacks>
</assessmentItem>