<?xml version="1.0" encoding="utf-8"?>
<assessmentTest xmlns:xsi="http://www.w3.org/2001/XMLSchema-instance" xmlns:ngml="http://ioki.com.pl/schema/imsqti_v2p1" xsi:schemaLocation="http://www.imsglobal.org/xsd/imsqti_v2p1 ../../ngml-namespace/imsqti_v2p1_ngml.xsd" title="Practice 2" identifier="n_220" xmlns="http://www.imsglobal.org/xsd/imsqti_v2p1">
  <ngml:activity type="homework" time="00:00:00" globalId="86954ed6-ac8b-4172-a95f-dfb6081486d7" no-submit="false" checkPunctuation="true" caseSensitivity="false" uid="1003000170000000313" version="7" />
  <ngml:title><![CDATA[Practice 2]]></ngml:title>
  <testPart identifier="p_1" navigationMode="linear" submissionMode="individual">
    <assessmentSection identifier="section_1" ngml:version="7" ngml:uid="1004000170000000392" visible="true" ngml:pageBreak="false" title="Practice 2" ngml:layoutHeight="1188" ngml:autonumbering="false">
      <ngml:title><![CDATA[Practice 2]]></ngml:title>
      <ngml:tips>
        <ngml:tip>
          <ngml:text><![CDATA[<B>Giving Examples</B><BR/><BR/>Examples are a common type of supporting detail. Examples can support the topic sentence directly, or they can support a major sub-point of the topic sentence. For example:<BR/><BR/><B>Topic sentence:</B> My friend Ari enjoys every kind of outdoor sport.<BR/><B>Example:</B> For example, he loves playing basketball with his friends.<BR/><BR/><B>Topic sentence:</B> My friend Susanna can cook almost any kind of ethnic food.<BR/><B>Sub-point:</B> First of all, she makes excellent Mexican food.<BR/><B>Example:</B> For example, she knows how to prepare delicious fish tacos.<BR/><BR/>Use the transitions <I>for example</I>, <I>for instance</I>, and <I>such as</I> to introduce examples.<BR/>• <I>For example</I> and <I>for instance</I> are the same. You can put them at the beginning of a sentence or in the middle.<BR/>• <I>Such as</I> can only go in the middle of a sentence.<BR/><BR/>Notice the use of commas with these transitions.]]></ngml:text>
          <ngml:asset identifier="n_220--p_1--tip_1366273506049--block_0--ref_1366273584498" type="image" src="http://media.pearsoncmg.com/intl/elt/compose/mel_writing_2/WL2_PO_GE_P2.jpg" shortVersion="false" />
        </ngml:tip>
      </ngml:tips>
      <ngml:rubric>
        <ngml:text><![CDATA[Join the sentence parts and transitions. Pay attention to commas and capital letters.]]></ngml:text>
      </ngml:rubric>
      <assessmentItemRef identifier="i_1" href="i_1.xml" ngml:layoutX="24" ngml:layoutY="0" ngml:layoutWidth="791" ngml:layoutHeight="90" ngml:itemEnumeration="1" />
      <assessmentItemRef identifier="i_10" href="i_10.xml" ngml:layoutX="24" ngml:layoutY="976" ngml:layoutWidth="770" ngml:layoutHeight="71" ngml:itemEnumeration="10" />
      <assessmentItemRef identifier="i_11" href="i_11.xml" ngml:layoutX="24" ngml:layoutY="1073" ngml:layoutWidth="770" ngml:layoutHeight="71" ngml:itemEnumeration="11" />
      <assessmentItemRef identifier="i_2" href="i_2.xml" ngml:layoutX="24" ngml:layoutY="127" ngml:layoutWidth="770" ngml:layoutHeight="70" ngml:itemEnumeration="2" />
      <assessmentItemRef identifier="i_3" href="i_3.xml" ngml:layoutX="24" ngml:layoutY="223" ngml:layoutWidth="770" ngml:layoutHeight="71" ngml:itemEnumeration="3" />
      <assessmentItemRef identifier="i_4" href="i_4.xml" ngml:layoutX="24" ngml:layoutY="320" ngml:layoutWidth="770" ngml:layoutHeight="71" ngml:itemEnumeration="4" />
      <assessmentItemRef identifier="i_5" href="i_5.xml" ngml:layoutX="24" ngml:layoutY="417" ngml:layoutWidth="770" ngml:layoutHeight="71" ngml:itemEnumeration="5" />
      <assessmentItemRef identifier="i_6" href="i_6.xml" ngml:layoutX="24" ngml:layoutY="515" ngml:layoutWidth="770" ngml:layoutHeight="71" ngml:itemEnumeration="6" />
      <assessmentItemRef identifier="i_7" href="i_7.xml" ngml:layoutX="24" ngml:layoutY="612" ngml:layoutWidth="770" ngml:layoutHeight="108" ngml:itemEnumeration="7" />
      <assessmentItemRef identifier="i_8" href="i_8.xml" ngml:layoutX="24" ngml:layoutY="746" ngml:layoutWidth="770" ngml:layoutHeight="108" ngml:itemEnumeration="8" />
      <assessmentItemRef identifier="i_9" href="i_9.xml" ngml:layoutX="24" ngml:layoutY="880" ngml:layoutWidth="770" ngml:layoutHeight="70" ngml:itemEnumeration="9" />
    </assessmentSection>
  </testPart>
</assessmentTest>