<?xml version="1.0" encoding="utf-8"?>
<assessmentItem xmlns:xsi="http://www.w3.org/2001/XMLSchema-instance" xmlns:ngml="http://ioki.com.pl/schema/imsqti_v2p1" xsi:schemaLocation="http://www.imsglobal.org/xsd/imsqti_v2p1 ../../ngml-namespace/imsqti_v2p1_ngml.xsd" title="item-i_3" identifier="i_3" timeDependent="false" adaptive="false" xmlns="http://www.imsglobal.org/xsd/imsqti_v2p1">
  <ngml:question version="13" uid="1005000170000001865" type="fillin" orientation="vertical" example="false" scoringAlgorithm="dichotomous" />
  <responseDeclaration identifier="RESPONSE_1" cardinality="single" baseType="identifier">
    <correctResponse>
      <value>such as the Nissan Leaf and the Chevy Volt</value>
    </correctResponse>
  </responseDeclaration>
  <itemBody>
    <ngml:text><![CDATA[There are several all-electric cars on the market / such as / the Nissan Leaf and the Chevy Volt. ]]></ngml:text>
    <ngml:text><![CDATA[<BR/>]]></ngml:text>
    <ngml:text><![CDATA[There are several all-electric cars on the market, ]]></ngml:text>
    <textEntryInteraction responseIdentifier="RESPONSE_1" ngml:gapSize="superwide" />
    <ngml:text><![CDATA[.]]></ngml:text>
  </itemBody>
  <ngml:feedbacks>
    <ngml:feedback type="generic" responseIdentifier="RESPONSE_1">
      <ngml:feedbackResponse>
        <ngml:text><![CDATA[Transitions <I>for example</I>, <I>for instance</I>, and <I>such as</I> introduce examples. <I>For example</I> and <I>for instance</I> are the same. You can put them at the beginning of a sentence or in the middle. <I>Such as </I>can only go in the middle of a sentence.]]></ngml:text>
      </ngml:feedbackResponse>
    </ngml:feedback>
  </ngml:feedbacks>
</assessmentItem>