<?xml version="1.0" encoding="utf-8"?>
<assessmentTest xmlns:xsi="http://www.w3.org/2001/XMLSchema-instance" xmlns:ngml="http://ioki.com.pl/schema/imsqti_v2p1" xsi:schemaLocation="http://www.imsglobal.org/xsd/imsqti_v2p1 ../../ngml-namespace/imsqti_v2p1_ngml.xsd" title="Practice 2" identifier="n_217" xmlns="http://www.imsglobal.org/xsd/imsqti_v2p1">
  <ngml:activity type="homework" time="00:00:00" globalId="94bc398a-2caf-49a5-a6b6-95baf5fd3b64" no-submit="false" checkPunctuation="false" caseSensitivity="false" uid="1003000170000000310" version="8" />
  <ngml:title><![CDATA[Practice 2]]></ngml:title>
  <testPart identifier="p_1" navigationMode="linear" submissionMode="individual">
    <assessmentSection identifier="section_1" ngml:version="7" ngml:uid="1004000170000000389" visible="true" ngml:pageBreak="false" title="Practice 2" ngml:layoutHeight="471" ngml:autonumbering="false">
      <ngml:title><![CDATA[Practice 2]]></ngml:title>
      <ngml:tips>
        <ngml:tip>
          <ngml:text><![CDATA[<B>Providing Details</B><BR/><BR/>• Details tell <I>who, what, when, where, why, how, how much, how many</I>.<BR/>• All the details in a paragraph must be related to the main idea stated in the topic sentence.<BR/>• Types of details include facts, statistics, examples, and reasons.]]></ngml:text>
          <ngml:asset identifier="n_217--p_1--tip_1366271298000--block_0--ref_1366271336377" type="image" src="http://media.pearsoncmg.com/intl/elt/compose/mel_writing_2/WL2_PO_PD_P2.jpg" shortVersion="false" />
        </ngml:tip>
      </ngml:tips>
      <ngml:rubric>
        <ngml:text><![CDATA[Read the topic sentences. In each item, click on three details that provide good support.]]></ngml:text>
      </ngml:rubric>
      <assessmentItemRef identifier="i_1" href="i_1.xml" ngml:layoutX="24" ngml:layoutY="0" ngml:layoutWidth="770" ngml:layoutHeight="119" ngml:itemEnumeration="1" />
      <assessmentItemRef identifier="i_2" href="i_2.xml" ngml:layoutX="24" ngml:layoutY="151" ngml:layoutWidth="770" ngml:layoutHeight="119" ngml:itemEnumeration="2" />
      <assessmentItemRef identifier="i_3" href="i_3.xml" ngml:layoutX="24" ngml:layoutY="302" ngml:layoutWidth="770" ngml:layoutHeight="119" ngml:itemEnumeration="3" />
    </assessmentSection>
  </testPart>
</assessmentTest>