<?xml version="1.0" encoding="utf-8"?>
<assessmentTest xmlns:xsi="http://www.w3.org/2001/XMLSchema-instance" xmlns:ngml="http://ioki.com.pl/schema/imsqti_v2p1" xsi:schemaLocation="http://www.imsglobal.org/xsd/imsqti_v2p1 ../../ngml-namespace/imsqti_v2p1_ngml.xsd" title="Practice 2" identifier="n_258" xmlns="http://www.imsglobal.org/xsd/imsqti_v2p1">
  <ngml:activity type="homework" time="00:00:00" globalId="90019116-eb03-4e61-abf2-477691f3eea0" no-submit="false" checkPunctuation="false" caseSensitivity="false" uid="1003000170000000162" version="7" />
  <ngml:title><![CDATA[Practice 2]]></ngml:title>
  <testPart identifier="p_1" navigationMode="linear" submissionMode="individual">
    <assessmentSection identifier="section_1" ngml:version="6" ngml:uid="1004000170000000212" visible="true" ngml:pageBreak="false" title="Practice 2" ngml:layoutHeight="1041" ngml:autonumbering="false">
      <ngml:title><![CDATA[Practice 2]]></ngml:title>
      <ngml:tips>
        <ngml:tip>
          <ngml:text><![CDATA[<B>Punctuation in Letters</B><BR/><BR/>The following rules describe how to use commas in property addresses and in openings and closings of letters.]]></ngml:text>
          <ngml:asset identifier="n_258--p_1--tip_1366375209187--block_0--ref_1366375216433" type="image" src="http://media.pearsoncmg.com/intl/elt/compose/mel_writing_2/WL2_PM_PIL_P2.jpg" shortVersion="false" />
        </ngml:tip>
      </ngml:tips>
      <ngml:rubric>
        <ngml:text><![CDATA[Click on the correctly punctuated openings, closings, and addresses.]]></ngml:text>
      </ngml:rubric>
      <assessmentItemRef identifier="i_2" href="i_2.xml" ngml:layoutX="24" ngml:layoutY="0" ngml:layoutWidth="791" ngml:layoutHeight="100" ngml:itemEnumeration="1" />
      <assessmentItemRef identifier="i_11" href="i_11.xml" ngml:layoutX="24" ngml:layoutY="848" ngml:layoutWidth="770" ngml:layoutHeight="56" ngml:itemEnumeration="10" />
      <assessmentItemRef identifier="i_12" href="i_12.xml" ngml:layoutX="24" ngml:layoutY="936" ngml:layoutWidth="770" ngml:layoutHeight="56" ngml:itemEnumeration="11" />
      <assessmentItemRef identifier="i_3" href="i_3.xml" ngml:layoutX="24" ngml:layoutY="143" ngml:layoutWidth="770" ngml:layoutHeight="35" ngml:itemEnumeration="2" />
      <assessmentItemRef identifier="i_4" href="i_4.xml" ngml:layoutX="24" ngml:layoutY="210" ngml:layoutWidth="770" ngml:layoutHeight="56" ngml:itemEnumeration="3" />
      <assessmentItemRef identifier="i_5" href="i_5.xml" ngml:layoutX="24" ngml:layoutY="298" ngml:layoutWidth="770" ngml:layoutHeight="35" ngml:itemEnumeration="4" />
      <assessmentItemRef identifier="i_6" href="i_6.xml" ngml:layoutX="24" ngml:layoutY="365" ngml:layoutWidth="770" ngml:layoutHeight="56" ngml:itemEnumeration="5" />
      <assessmentItemRef identifier="i_7" href="i_7.xml" ngml:layoutX="24" ngml:layoutY="453" ngml:layoutWidth="770" ngml:layoutHeight="77" ngml:itemEnumeration="6" />
      <assessmentItemRef identifier="i_8" href="i_8.xml" ngml:layoutX="24" ngml:layoutY="562" ngml:layoutWidth="770" ngml:layoutHeight="77" ngml:itemEnumeration="7" />
      <assessmentItemRef identifier="i_9" href="i_9.xml" ngml:layoutX="24" ngml:layoutY="672" ngml:layoutWidth="770" ngml:layoutHeight="56" ngml:itemEnumeration="8" />
      <assessmentItemRef identifier="i_10" href="i_10.xml" ngml:layoutX="24" ngml:layoutY="760" ngml:layoutWidth="770" ngml:layoutHeight="56" ngml:itemEnumeration="9" />
    </assessmentSection>
  </testPart>
</assessmentTest>