<?xml version="1.0" encoding="utf-8"?>
<assessmentTest xmlns:xsi="http://www.w3.org/2001/XMLSchema-instance" xmlns:ngml="http://ioki.com.pl/schema/imsqti_v2p1" xsi:schemaLocation="http://www.imsglobal.org/xsd/imsqti_v2p1 ../../ngml-namespace/imsqti_v2p1_ngml.xsd" title="Appendix 8 Common Noncount Nouns" identifier="n_204" xmlns="http://www.imsglobal.org/xsd/imsqti_v2p1">
  <ngml:activity type="homework" time="00:00:00" globalId="1a19f90b-c0fa-4f32-8ef6-1032dec8108c" no-submit="false" checkPunctuation="false" caseSensitivity="false" uid="1003000170000000356" version="9" />
  <ngml:title><![CDATA[Appendix 8 Common Noncount Nouns]]></ngml:title>
  <testPart identifier="p_1" navigationMode="linear" submissionMode="individual">
    <assessmentSection identifier="section_1" ngml:version="9" ngml:uid="1004000170000000435" visible="true" ngml:pageBreak="false" title="Appendix 8 Common Noncount Nouns" ngml:layoutHeight="495" ngml:autonumbering="false">
      <ngml:title><![CDATA[Appendix 8 Common Noncount Nouns]]></ngml:title>
      <ngml:rubric>
        <ngml:text><![CDATA[]]></ngml:text>
      </ngml:rubric>
      <ngml:referenceObjects>
        <ngml:referenceObject layoutX="0" layoutY="0" layoutWidth="700" layoutHeight="77">
          <ngml:text><![CDATA[<B>Common Noncount Nouns</B><BR/><BR/>Noncount nouns are nouns that can't be counted. They are always singular.]]></ngml:text>
        </ngml:referenceObject>
        <ngml:referenceObject layoutX="200" layoutY="77" layoutWidth="300" layoutHeight="351">
          <ngml:asset identifier="n_204--p_1--s_1--block_0--ref_1366193992809" type="image" src="http://media.pearsoncmg.com/intl/elt/compose/mel_writing_2/WL2_A_CNN.jpg" shortVersion="false" layoutWidth="0" layoutHeight="0" />
        </ngml:referenceObject>
      </ngml:referenceObjects>
    </assessmentSection>
  </testPart>
</assessmentTest>