<?xml version="1.0" encoding="utf-8"?>
<assessmentTest xmlns:xsi="http://www.w3.org/2001/XMLSchema-instance" xmlns:ngml="http://ioki.com.pl/schema/imsqti_v2p1" xsi:schemaLocation="http://www.imsglobal.org/xsd/imsqti_v2p1 ../../ngml-namespace/imsqti_v2p1_ngml.xsd" title="Writing a Business Letter" identifier="n_264" xmlns="http://www.imsglobal.org/xsd/imsqti_v2p1">
  <ngml:activity type="homework" time="00:50:00" globalId="8cd2c81e-a968-4874-8f4d-52cab503bcf5" no-submit="false" checkPunctuation="false" caseSensitivity="false" uid="1003000170000000345" version="13" />
  <ngml:title><![CDATA[Writing a Business Letter]]></ngml:title>
  <testPart identifier="p_1" navigationMode="linear" submissionMode="individual">
    <assessmentSection identifier="section_1" ngml:version="12" ngml:uid="1004000170000000424" visible="true" ngml:pageBreak="false" title="Writing a Business Letter" ngml:layoutHeight="1615" ngml:autonumbering="false">
      <ngml:title><![CDATA[Writing a Business Letter]]></ngml:title>
      <ngml:tips>
        <ngml:tip>
          <ngml:text><![CDATA[<B>Model Business Letter </B><BR/><BR/>12502 Burbank Boulevard <BR/>Los Angeles, CA 91404<BR/><BR/>July 10, 2012<BR/><BR/>Fitness For You Corporate Office<BR/>13496 Denton Boulevard<BR/>Los Angeles, CA 92854<BR/><BR/>To Whom It May Concern:<BR/><BR/>I am writing to cancel my membership at your gym. I have been a member of this gym for five years, but lately I have noticed that the quality has suffered. When I first joined, your gym was clean, modern, and friendly, but that has changed. A lot of the equipment is broken all the time, and the locker rooms are a mess. I even saw three cockroaches in the showers the last time I was there. Also, the people who work at the front desk are rude. They just look at their phones the whole time. They don't talk to anyone, and it makes me feel insignificant. <BR/><BR/>I have complained about these problems, but nobody did anything to address them. And now I notice that you are raising your prices. This is wrong, and I cannot agree to be a member of your gym anymore. <BR/><BR/>Please cancel my membership immediately.<BR/><BR/>Thank you in advance.<BR/><BR/>Sincerely,<BR/><I></I><BR/><I>Alexandra Smith</I><BR/><BR/>Alexandra Smith]]></ngml:text>
        </ngml:tip>
      </ngml:tips>
      <ngml:rubric>
        <ngml:text><![CDATA[Write a business letter about one of the topics listed below or about the topic your teacher assigns. You will have 50 minutes.<BR/><BR/>1. Write a letter to the manager of a restaurant or store. Tell the manager about the great service you received at his or her business.<BR/><BR/>2. Write a letter to the manager of a hotel. Complain to the manager about the terrible service you received at that hotel. <BR/> <BR/><B>Editing Checklist</B><BR/><UL><LI>Are the grammar, sentence structure, mechanics, and punctuation correct? </LI></UL><UL><LI>Is the vocabulary appropriate? Are the words spelled correctly? </LI></UL><UL><LI>Is the letter well organized, well developed, and clear?</LI></UL>]]></ngml:text>
      </ngml:rubric>
      <ngml:referenceObjects>
        <ngml:referenceObject layoutX="0" layoutY="0" layoutWidth="700" layoutHeight="682">
          <ngml:text><![CDATA[<div class='reading-frame'><B>Writing a Personal Letter</B><BR/><BR/>These days most people use email or other electronic devices to keep in touch, but many people still enjoy writing and receiving personal letters. Personal letters are also called “friendly letters.” You write them to a friend or relative. <BR/><BR/>Personal letters normally include information about your life. They are informal and are often handwritten. <BR/><BR/>Personal letters typically include these parts:<BR/><BR/><UL><LI>Date</LI></UL><BR/><UL><LI>Greeting </LI></UL><BR/><UL><LI>Body / Message</LI></UL><BR/><UL><LI>Closing </LI></UL><BR/><UL><LI>Signature</LI></UL><BR/>Keep these tips in mind when you write a personal letter:<BR/><BR/><UL><LI>The greeting and closing are followed by commas (for example: Dear Bob,; Love, Adam)</LI></UL><BR/><UL><LI>Use informal language. In other words, write the way you speak.</LI></UL><BR/><UL><LI>Remember to ask questions and show interest in the person you are writing to.</LI></UL><BR/>Click on the light bulb for a model personal letter.</div>]]></ngml:text>
        </ngml:referenceObject>
      </ngml:referenceObjects>
      <assessmentItemRef identifier="i_2" href="i_2.xml" ngml:layoutX="0" ngml:layoutY="689" ngml:layoutWidth="646" ngml:layoutHeight="882" />
    </assessmentSection>
  </testPart>
</assessmentTest>