<?xml version="1.0" encoding="utf-8"?>
<assessmentTest xmlns:xsi="http://www.w3.org/2001/XMLSchema-instance" xmlns:ngml="http://ioki.com.pl/schema/imsqti_v2p1" xsi:schemaLocation="http://www.imsglobal.org/xsd/imsqti_v2p1 ../../ngml-namespace/imsqti_v2p1_ngml.xsd" title="Practice 2" identifier="n_214" xmlns="http://www.imsglobal.org/xsd/imsqti_v2p1">
  <ngml:activity type="homework" time="00:00:00" globalId="91b958a9-1b3d-4204-bd18-d295199b8ab6" no-submit="false" checkPunctuation="false" caseSensitivity="false" uid="1003000170000000309" version="6" />
  <ngml:title><![CDATA[Practice 2]]></ngml:title>
  <testPart identifier="p_1" navigationMode="linear" submissionMode="individual">
    <assessmentSection identifier="section_1" ngml:version="6" ngml:uid="1004000170000000388" visible="true" ngml:pageBreak="false" title="Practice 2" ngml:layoutHeight="791" ngml:autonumbering="false">
      <ngml:title><![CDATA[Practice 2]]></ngml:title>
      <ngml:tips>
        <ngml:tip>
          <ngml:text><![CDATA[<B>Providing Reasons</B><BR/><BR/>Reasons support your argument. They answer the question <I>why?</I> For example, you can use reasons to explain why you did something, decided something, or chose something.<BR/><BR/>When you give a list of reasons, you should use transitions to introduce each one. You should also use a transition to signal that you have reached the conclusion. Study the examples.]]></ngml:text>
          <ngml:asset identifier="n_214--p_1--tip_1366267702956--block_0--ref_1366267741611" type="image" src="http://media.pearsoncmg.com/intl/elt/compose/mel_writing_2/WL2_PO_PR_P2.jpg" shortVersion="false" />
        </ngml:tip>
      </ngml:tips>
      <ngml:rubric>
        <ngml:text><![CDATA[Number the sentences in the correct order to form a paragraph supported by reasons.]]></ngml:text>
      </ngml:rubric>
      <assessmentItemRef identifier="i_1" href="i_1.xml" ngml:layoutX="0" ngml:layoutY="0" ngml:layoutWidth="770" ngml:layoutHeight="369" />
      <assessmentItemRef identifier="i_2" href="i_2.xml" ngml:layoutX="0" ngml:layoutY="402" ngml:layoutWidth="770" ngml:layoutHeight="339" />
    </assessmentSection>
  </testPart>
</assessmentTest>