<?xml version="1.0" encoding="utf-8"?>
<assessmentItem xmlns:xsi="http://www.w3.org/2001/XMLSchema-instance" xmlns:ngml="http://ioki.com.pl/schema/imsqti_v2p1" xsi:schemaLocation="http://www.imsglobal.org/xsd/imsqti_v2p1 ../../ngml-namespace/imsqti_v2p1_ngml.xsd" title="item-i_1" identifier="i_1" timeDependent="false" adaptive="false" xmlns="http://www.imsglobal.org/xsd/imsqti_v2p1">
  <ngml:question version="10" uid="1005000170000001856" type="hangman" orientation="vertical" example="false" scoringAlgorithm="dichotomous" />
  <responseDeclaration identifier="RESPONSE_1" cardinality="single" baseType="identifier">
    <correctResponse>
      <value>6</value>
    </correctResponse>
  </responseDeclaration>
  <responseDeclaration identifier="RESPONSE_2" cardinality="single" baseType="identifier">
    <correctResponse>
      <value>3</value>
    </correctResponse>
  </responseDeclaration>
  <responseDeclaration identifier="RESPONSE_3" cardinality="single" baseType="identifier">
    <correctResponse>
      <value>1</value>
    </correctResponse>
  </responseDeclaration>
  <responseDeclaration identifier="RESPONSE_4" cardinality="single" baseType="identifier">
    <correctResponse>
      <value>2</value>
    </correctResponse>
  </responseDeclaration>
  <responseDeclaration identifier="RESPONSE_5" cardinality="single" baseType="identifier">
    <correctResponse>
      <value>5</value>
    </correctResponse>
  </responseDeclaration>
  <responseDeclaration identifier="RESPONSE_6" cardinality="single" baseType="identifier">
    <correctResponse>
      <value>4</value>
    </correctResponse>
  </responseDeclaration>
  <itemBody>
    <ngml:text><![CDATA[<U>Paragraph 1</U>]]></ngml:text>
    <ngml:text><![CDATA[<BR/>]]></ngml:text>
    <ngml:text><![CDATA[<BR/>]]></ngml:text>
    <textEntryInteraction responseIdentifier="RESPONSE_1" ngml:example="false">
      <ngml:predefinedCharacters>
        <ngml:character />
      </ngml:predefinedCharacters>
    </textEntryInteraction>
    <ngml:text><![CDATA[ For all these reasons, I plan to get one or more pets as soon as I have my first child.]]></ngml:text>
    <ngml:text><![CDATA[<BR/>]]></ngml:text>
    <textEntryInteraction responseIdentifier="RESPONSE_2" ngml:example="false">
      <ngml:predefinedCharacters>
        <ngml:character />
      </ngml:predefinedCharacters>
    </textEntryInteraction>
    <ngml:text><![CDATA[ A second reason to get a pet when children are small is that it teaches them responsibility. Even a three-year-old can help feed the dog or give water to the cat.]]></ngml:text>
    <ngml:text><![CDATA[<BR/>]]></ngml:text>
    <textEntryInteraction responseIdentifier="RESPONSE_3" ngml:example="false">
      <ngml:predefinedCharacters>
        <ngml:character />
      </ngml:predefinedCharacters>
    </textEntryInteraction>
    <ngml:text><![CDATA[ There are several reasons why experts say it's good for small children to have pets.]]></ngml:text>
    <ngml:text><![CDATA[<BR/>]]></ngml:text>
    <textEntryInteraction responseIdentifier="RESPONSE_4" ngml:example="false">
      <ngml:predefinedCharacters>
        <ngml:character />
      </ngml:predefinedCharacters>
    </textEntryInteraction>
    <ngml:text><![CDATA[ First of all, pets are fun to play with. Children can interact with living creatures instead of watching them passively on television.]]></ngml:text>
    <ngml:text><![CDATA[<BR/>]]></ngml:text>
    <textEntryInteraction responseIdentifier="RESPONSE_5" ngml:example="false">
      <ngml:predefinedCharacters>
        <ngml:character />
      </ngml:predefinedCharacters>
    </textEntryInteraction>
    <ngml:text><![CDATA[ Finally, having pets is good for children's health. For example, research shows that owning a pet can help prevent allergies in children.]]></ngml:text>
    <ngml:text><![CDATA[<BR/>]]></ngml:text>
    <textEntryInteraction responseIdentifier="RESPONSE_6" ngml:example="false">
      <ngml:predefinedCharacters>
        <ngml:character />
      </ngml:predefinedCharacters>
    </textEntryInteraction>
    <ngml:text><![CDATA[ Third, owning a pet teaches children to respect other living things. For example, they learn that their kitten will cry if they squeeze it too hard.]]></ngml:text>
  </itemBody>
  <ngml:feedbacks>
    <ngml:feedback type="generic" responseIdentifier="RESPONSE_1">
      <ngml:feedbackResponse>
        <ngml:text><![CDATA[Transition signals help you identify the topic sentence, reasons, and the concluding sentence.]]></ngml:text>
      </ngml:feedbackResponse>
    </ngml:feedback>
    <ngml:feedback type="generic" responseIdentifier="RESPONSE_2">
      <ngml:feedbackResponse>
        <ngml:text><![CDATA[Transition signals help you identify the topic sentence, reasons, and the concluding sentence.]]></ngml:text>
      </ngml:feedbackResponse>
    </ngml:feedback>
    <ngml:feedback type="generic" responseIdentifier="RESPONSE_3">
      <ngml:feedbackResponse>
        <ngml:text><![CDATA[Transition signals help you identify the topic sentence, reasons, and the concluding sentence.]]></ngml:text>
      </ngml:feedbackResponse>
    </ngml:feedback>
    <ngml:feedback type="generic" responseIdentifier="RESPONSE_4">
      <ngml:feedbackResponse>
        <ngml:text><![CDATA[Transition signals help you identify the topic sentence, reasons, and the concluding sentence.]]></ngml:text>
      </ngml:feedbackResponse>
    </ngml:feedback>
    <ngml:feedback type="generic" responseIdentifier="RESPONSE_5">
      <ngml:feedbackResponse>
        <ngml:text><![CDATA[Transition signals help you identify the topic sentence, reasons, and the concluding sentence.]]></ngml:text>
      </ngml:feedbackResponse>
    </ngml:feedback>
    <ngml:feedback type="generic" responseIdentifier="RESPONSE_6">
      <ngml:feedbackResponse>
        <ngml:text><![CDATA[Transition signals help you identify the topic sentence, reasons, and the concluding sentence.]]></ngml:text>
      </ngml:feedbackResponse>
    </ngml:feedback>
  </ngml:feedbacks>
</assessmentItem>