<?xml version="1.0" encoding="utf-8"?>
<assessmentItem xmlns:xsi="http://www.w3.org/2001/XMLSchema-instance" xmlns:ngml="http://ioki.com.pl/schema/imsqti_v2p1" xsi:schemaLocation="http://www.imsglobal.org/xsd/imsqti_v2p1 ../../ngml-namespace/imsqti_v2p1_ngml.xsd" title="item-i_2" identifier="i_2" timeDependent="false" adaptive="false" xmlns="http://www.imsglobal.org/xsd/imsqti_v2p1">
  <ngml:question version="10" uid="1005000170000001857" type="hangman" orientation="vertical" example="false" scoringAlgorithm="dichotomous" />
  <responseDeclaration identifier="RESPONSE_1" cardinality="single" baseType="identifier">
    <correctResponse>
      <value>2</value>
    </correctResponse>
  </responseDeclaration>
  <responseDeclaration identifier="RESPONSE_2" cardinality="single" baseType="identifier">
    <correctResponse>
      <value>6</value>
    </correctResponse>
  </responseDeclaration>
  <responseDeclaration identifier="RESPONSE_3" cardinality="single" baseType="identifier">
    <correctResponse>
      <value>1</value>
    </correctResponse>
  </responseDeclaration>
  <responseDeclaration identifier="RESPONSE_4" cardinality="single" baseType="identifier">
    <correctResponse>
      <value>4</value>
    </correctResponse>
  </responseDeclaration>
  <responseDeclaration identifier="RESPONSE_5" cardinality="single" baseType="identifier">
    <correctResponse>
      <value>5</value>
    </correctResponse>
  </responseDeclaration>
  <responseDeclaration identifier="RESPONSE_6" cardinality="single" baseType="identifier">
    <correctResponse>
      <value>3</value>
    </correctResponse>
  </responseDeclaration>
  <itemBody>
    <ngml:text><![CDATA[<U>Paragraph 2</U>]]></ngml:text>
    <ngml:text><![CDATA[<BR/>]]></ngml:text>
    <ngml:text><![CDATA[<BR/>]]></ngml:text>
    <textEntryInteraction responseIdentifier="RESPONSE_1" ngml:example="false">
      <ngml:predefinedCharacters>
        <ngml:character />
      </ngml:predefinedCharacters>
    </textEntryInteraction>
    <ngml:text><![CDATA[ The first reason is that swimming is a vigorous sport. There is constant movement, which is good for the heart.]]></ngml:text>
    <ngml:text><![CDATA[<BR/>]]></ngml:text>
    <textEntryInteraction responseIdentifier="RESPONSE_2" ngml:example="false">
      <ngml:predefinedCharacters>
        <ngml:character />
      </ngml:predefinedCharacters>
    </textEntryInteraction>
    <ngml:text><![CDATA[ All these reasons explain why I like swimming better than any other sport.]]></ngml:text>
    <ngml:text><![CDATA[<BR/>]]></ngml:text>
    <textEntryInteraction responseIdentifier="RESPONSE_3" ngml:example="false">
      <ngml:predefinedCharacters>
        <ngml:character />
      </ngml:predefinedCharacters>
    </textEntryInteraction>
    <ngml:text><![CDATA[ There are four reasons why swimming is my favorite physical activity.]]></ngml:text>
    <ngml:text><![CDATA[<BR/>]]></ngml:text>
    <textEntryInteraction responseIdentifier="RESPONSE_4" ngml:example="false">
      <ngml:predefinedCharacters>
        <ngml:character />
      </ngml:predefinedCharacters>
    </textEntryInteraction>
    <ngml:text><![CDATA[ A third reason why I enjoy swimming is that it feels good. I love the feeling of water on my skin. It feels cool and clean.]]></ngml:text>
    <ngml:text><![CDATA[<BR/>]]></ngml:text>
    <textEntryInteraction responseIdentifier="RESPONSE_5" ngml:example="false">
      <ngml:predefinedCharacters>
        <ngml:character />
      </ngml:predefinedCharacters>
    </textEntryInteraction>
    <ngml:text><![CDATA[ The last reason I love swimming is the quiet. In the pool nobody is talking and there is no loud music playing. It's my favorite place to think.]]></ngml:text>
    <ngml:text><![CDATA[<BR/>]]></ngml:text>
    <textEntryInteraction responseIdentifier="RESPONSE_6" ngml:example="false">
      <ngml:predefinedCharacters>
        <ngml:character />
      </ngml:predefinedCharacters>
    </textEntryInteraction>
    <ngml:text><![CDATA[ Second, swimming is good for flexibility. It is especially good for stretching the muscles of the back and shoulders. Because of swimming, I have never had any back or shoulder pain.]]></ngml:text>
  </itemBody>
  <ngml:feedbacks>
    <ngml:feedback type="generic" responseIdentifier="RESPONSE_1">
      <ngml:feedbackResponse>
        <ngml:text><![CDATA[Transition signals help you identify the topic sentence, reasons, and the concluding sentence.]]></ngml:text>
      </ngml:feedbackResponse>
    </ngml:feedback>
    <ngml:feedback type="generic" responseIdentifier="RESPONSE_2">
      <ngml:feedbackResponse>
        <ngml:text><![CDATA[Transition signals help you identify the topic sentence, reasons, and the concluding sentence.]]></ngml:text>
      </ngml:feedbackResponse>
    </ngml:feedback>
    <ngml:feedback type="generic" responseIdentifier="RESPONSE_3">
      <ngml:feedbackResponse>
        <ngml:text><![CDATA[Transition signals help you identify the topic sentence, reasons, and the concluding sentence.]]></ngml:text>
      </ngml:feedbackResponse>
    </ngml:feedback>
    <ngml:feedback type="generic" responseIdentifier="RESPONSE_4">
      <ngml:feedbackResponse>
        <ngml:text><![CDATA[Transition signals help you identify the topic sentence, reasons, and the concluding sentence.]]></ngml:text>
      </ngml:feedbackResponse>
    </ngml:feedback>
    <ngml:feedback type="generic" responseIdentifier="RESPONSE_5">
      <ngml:feedbackResponse>
        <ngml:text><![CDATA[Transition signals help you identify the topic sentence, reasons, and the concluding sentence.]]></ngml:text>
      </ngml:feedbackResponse>
    </ngml:feedback>
    <ngml:feedback type="generic" responseIdentifier="RESPONSE_6">
      <ngml:feedbackResponse>
        <ngml:text><![CDATA[Transition signals help you identify the topic sentence, reasons, and the concluding sentence.]]></ngml:text>
      </ngml:feedbackResponse>
    </ngml:feedback>
  </ngml:feedbacks>
</assessmentItem>