<?xml version="1.0" encoding="utf-8"?>
<assessmentTest xmlns:xsi="http://www.w3.org/2001/XMLSchema-instance" xmlns:ngml="http://ioki.com.pl/schema/imsqti_v2p1" xsi:schemaLocation="http://www.imsglobal.org/xsd/imsqti_v2p1 ../../ngml-namespace/imsqti_v2p1_ngml.xsd" title="Practice 1" identifier="n_100" xmlns="http://www.imsglobal.org/xsd/imsqti_v2p1">
  <ngml:activity type="homework" time="00:00:00" globalId="bfd9b02c-2398-406f-8c22-83d17c83e60a" no-submit="false" checkPunctuation="false" caseSensitivity="false" uid="1003000170000000138" version="9" />
  <ngml:title><![CDATA[Practice 1]]></ngml:title>
  <testPart identifier="p_1" navigationMode="linear" submissionMode="individual">
    <assessmentSection identifier="section_1" ngml:version="8" ngml:uid="1004000170000000188" visible="true" ngml:pageBreak="false" title="Practice 1" ngml:layoutHeight="908" ngml:autonumbering="false">
      <ngml:title><![CDATA[Practice 1]]></ngml:title>
      <ngml:tips>
        <ngml:tip>
          <ngml:text><![CDATA[<B>Capital Letters: Proper Nouns and Pronouns</B><BR/><BR/>Capitalize the following words in English:]]></ngml:text>
          <ngml:asset identifier="n_100--p_1--tip_1363610681889--block_0--ref_1363610703519" type="image" src="http://media.pearsoncmg.com/intl/elt/compose/mel_writing_2/WL2_PM_CLPNP_P1.jpg" shortVersion="false" />
        </ngml:tip>
      </ngml:tips>
      <ngml:rubric>
        <ngml:text><![CDATA[Choose the words that are correctly capitalized.]]></ngml:text>
      </ngml:rubric>
      <assessmentItemRef identifier="i_6" href="i_6.xml" ngml:layoutX="24" ngml:layoutY="0" ngml:layoutWidth="791" ngml:layoutHeight="66" ngml:itemEnumeration="1" />
      <assessmentItemRef identifier="i_15" href="i_15.xml" ngml:layoutX="24" ngml:layoutY="734" ngml:layoutWidth="770" ngml:layoutHeight="46" ngml:itemEnumeration="10" />
      <assessmentItemRef identifier="i_16" href="i_16.xml" ngml:layoutX="24" ngml:layoutY="812" ngml:layoutWidth="770" ngml:layoutHeight="46" ngml:itemEnumeration="11" />
      <assessmentItemRef identifier="i_7" href="i_7.xml" ngml:layoutX="24" ngml:layoutY="109" ngml:layoutWidth="770" ngml:layoutHeight="46" ngml:itemEnumeration="2" />
      <assessmentItemRef identifier="i_8" href="i_8.xml" ngml:layoutX="24" ngml:layoutY="187" ngml:layoutWidth="770" ngml:layoutHeight="46" ngml:itemEnumeration="3" />
      <assessmentItemRef identifier="i_9" href="i_9.xml" ngml:layoutX="24" ngml:layoutY="265" ngml:layoutWidth="770" ngml:layoutHeight="46" ngml:itemEnumeration="4" />
      <assessmentItemRef identifier="i_10" href="i_10.xml" ngml:layoutX="24" ngml:layoutY="344" ngml:layoutWidth="770" ngml:layoutHeight="46" ngml:itemEnumeration="5" />
      <assessmentItemRef identifier="i_11" href="i_11.xml" ngml:layoutX="24" ngml:layoutY="422" ngml:layoutWidth="770" ngml:layoutHeight="46" ngml:itemEnumeration="6" />
      <assessmentItemRef identifier="i_12" href="i_12.xml" ngml:layoutX="24" ngml:layoutY="500" ngml:layoutWidth="770" ngml:layoutHeight="46" ngml:itemEnumeration="7" />
      <assessmentItemRef identifier="i_13" href="i_13.xml" ngml:layoutX="24" ngml:layoutY="578" ngml:layoutWidth="770" ngml:layoutHeight="46" ngml:itemEnumeration="8" />
      <assessmentItemRef identifier="i_14" href="i_14.xml" ngml:layoutX="24" ngml:layoutY="656" ngml:layoutWidth="770" ngml:layoutHeight="46" ngml:itemEnumeration="9" />
    </assessmentSection>
  </testPart>
</assessmentTest>