<?xml version="1.0" encoding="utf-8"?>
<assessmentItem xmlns:xsi="http://www.w3.org/2001/XMLSchema-instance" xmlns:ngml="http://ioki.com.pl/schema/imsqti_v2p1" xsi:schemaLocation="http://www.imsglobal.org/xsd/imsqti_v2p1 ../../ngml-namespace/imsqti_v2p1_ngml.xsd" title="item-i_15" identifier="i_15" timeDependent="false" adaptive="false" xmlns="http://www.imsglobal.org/xsd/imsqti_v2p1">
  <ngml:question version="12" uid="1005000170000000718" type="inline-drop-down" orientation="vertical" example="false" scoringAlgorithm="dichotomous" />
  <responseDeclaration identifier="RESPONSE_1" cardinality="single" baseType="identifier">
    <correctResponse>
      <value>i_15--inline_choice--0</value>
    </correctResponse>
  </responseDeclaration>
  <responseDeclaration identifier="RESPONSE_2" cardinality="single" baseType="identifier">
    <correctResponse>
      <value>i_15--inline_choice--1</value>
    </correctResponse>
  </responseDeclaration>
  <itemBody>
    <ngml:text><![CDATA[I love ]]></ngml:text>
    <inlineChoiceInteraction responseIdentifier="RESPONSE_1" shuffle="false">
      <inlineChoice identifier="i_15--inline_choice--0_distractor_1363674924358">
        <ngml:text><![CDATA[italian]]></ngml:text>
      </inlineChoice>
      <inlineChoice identifier="i_15--inline_choice--0">
        <ngml:text><![CDATA[Italian]]></ngml:text>
      </inlineChoice>
    </inlineChoiceInteraction>
    <ngml:text><![CDATA[ food, especially ]]></ngml:text>
    <inlineChoiceInteraction responseIdentifier="RESPONSE_2" shuffle="false">
      <inlineChoice identifier="i_15--inline_choice--1">
        <ngml:text><![CDATA[pizza]]></ngml:text>
      </inlineChoice>
      <inlineChoice identifier="i_15--inline_choice--1_distractor_1363674943244">
        <ngml:text><![CDATA[Pizza]]></ngml:text>
      </inlineChoice>
    </inlineChoiceInteraction>
    <ngml:text><![CDATA[.]]></ngml:text>
  </itemBody>
  <ngml:feedbacks>
    <ngml:feedback type="generic" responseIdentifier="RESPONSE_1">
      <ngml:feedbackResponse>
        <ngml:text><![CDATA[Do we capitalize nationalities?]]></ngml:text>
      </ngml:feedbackResponse>
    </ngml:feedback>
    <ngml:feedback type="generic" responseIdentifier="RESPONSE_2">
      <ngml:feedbackResponse>
        <ngml:text><![CDATA[Is this word a proper noun?]]></ngml:text>
      </ngml:feedbackResponse>
    </ngml:feedback>
  </ngml:feedbacks>
</assessmentItem>