<?xml version="1.0" encoding="utf-8"?>
<assessmentItem xmlns:xsi="http://www.w3.org/2001/XMLSchema-instance" xmlns:ngml="http://ioki.com.pl/schema/imsqti_v2p1" xsi:schemaLocation="http://www.imsglobal.org/xsd/imsqti_v2p1 ../../ngml-namespace/imsqti_v2p1_ngml.xsd" title="item-i_6" identifier="i_6" timeDependent="false" adaptive="false" xmlns="http://www.imsglobal.org/xsd/imsqti_v2p1">
  <ngml:question version="12" uid="1005000170000000709" type="inline-drop-down" orientation="vertical" example="true" scoringAlgorithm="dichotomous" />
  <responseDeclaration identifier="RESPONSE_1" cardinality="single" baseType="identifier">
    <correctResponse>
      <value>i_6--inline_choice--0</value>
    </correctResponse>
  </responseDeclaration>
  <responseDeclaration identifier="RESPONSE_2" cardinality="single" baseType="identifier">
    <correctResponse>
      <value>i_6--inline_choice--1</value>
    </correctResponse>
  </responseDeclaration>
  <itemBody>
    <inlineChoiceInteraction responseIdentifier="RESPONSE_1" shuffle="false" ngml:example="true">
      <inlineChoice identifier="i_6--inline_choice--0_distractor_1363675633951">
        <ngml:text><![CDATA[the]]></ngml:text>
      </inlineChoice>
      <inlineChoice identifier="i_6--inline_choice--0">
        <ngml:text><![CDATA[The]]></ngml:text>
      </inlineChoice>
    </inlineChoiceInteraction>
    <ngml:text><![CDATA[ concert is on ]]></ngml:text>
    <inlineChoiceInteraction responseIdentifier="RESPONSE_2" shuffle="false" ngml:example="true">
      <inlineChoice identifier="i_6--inline_choice--1_distractor_1363612236313">
        <ngml:text><![CDATA[friday]]></ngml:text>
      </inlineChoice>
      <inlineChoice identifier="i_6--inline_choice--1">
        <ngml:text><![CDATA[Friday]]></ngml:text>
      </inlineChoice>
    </inlineChoiceInteraction>
    <ngml:text><![CDATA[ night.]]></ngml:text>
  </itemBody>
</assessmentItem>