<?xml version="1.0" encoding="utf-8"?>
<assessmentItem xmlns:xsi="http://www.w3.org/2001/XMLSchema-instance" xmlns:ngml="http://ioki.com.pl/schema/imsqti_v2p1" xsi:schemaLocation="http://www.imsglobal.org/xsd/imsqti_v2p1 ../../ngml-namespace/imsqti_v2p1_ngml.xsd" title="item-i_9" identifier="i_9" timeDependent="false" adaptive="false" xmlns="http://www.imsglobal.org/xsd/imsqti_v2p1">
  <ngml:question version="12" uid="1005000170000000712" type="inline-drop-down" orientation="vertical" example="false" scoringAlgorithm="dichotomous" />
  <responseDeclaration identifier="RESPONSE_1" cardinality="single" baseType="identifier">
    <correctResponse>
      <value>i_9--inline_choice--0</value>
    </correctResponse>
  </responseDeclaration>
  <responseDeclaration identifier="RESPONSE_2" cardinality="single" baseType="identifier">
    <correctResponse>
      <value>i_9--inline_choice--1</value>
    </correctResponse>
  </responseDeclaration>
  <itemBody>
    <ngml:text><![CDATA[I visited my ]]></ngml:text>
    <inlineChoiceInteraction responseIdentifier="RESPONSE_1" shuffle="false">
      <inlineChoice identifier="i_9--inline_choice--0">
        <ngml:text><![CDATA[cousin]]></ngml:text>
      </inlineChoice>
      <inlineChoice identifier="i_9--inline_choice--0_distractor_1363613362935">
        <ngml:text><![CDATA[Cousin]]></ngml:text>
      </inlineChoice>
    </inlineChoiceInteraction>
    <ngml:text><![CDATA[, who is a student at ]]></ngml:text>
    <inlineChoiceInteraction responseIdentifier="RESPONSE_2" shuffle="false">
      <inlineChoice identifier="i_9--inline_choice--1_distractor_1363613378325">
        <ngml:text><![CDATA[yale university]]></ngml:text>
      </inlineChoice>
      <inlineChoice identifier="i_9--inline_choice--1">
        <ngml:text><![CDATA[Yale University]]></ngml:text>
      </inlineChoice>
    </inlineChoiceInteraction>
    <ngml:text><![CDATA[.]]></ngml:text>
  </itemBody>
  <ngml:feedbacks>
    <ngml:feedback type="generic" responseIdentifier="RESPONSE_1">
      <ngml:feedbackResponse>
        <ngml:text><![CDATA[Is this word a proper noun?]]></ngml:text>
      </ngml:feedbackResponse>
    </ngml:feedback>
    <ngml:feedback type="generic" responseIdentifier="RESPONSE_2">
      <ngml:feedbackResponse>
        <ngml:text><![CDATA[Is this word a proper noun?]]></ngml:text>
      </ngml:feedbackResponse>
    </ngml:feedback>
  </ngml:feedbacks>
</assessmentItem>