<?xml version="1.0" encoding="utf-8"?>
<assessmentTest xmlns:xsi="http://www.w3.org/2001/XMLSchema-instance" xmlns:ngml="http://ioki.com.pl/schema/imsqti_v2p1" xsi:schemaLocation="http://www.imsglobal.org/xsd/imsqti_v2p1 ../../ngml-namespace/imsqti_v2p1_ngml.xsd" title="Practice 2" identifier="n_228" xmlns="http://www.imsglobal.org/xsd/imsqti_v2p1">
  <ngml:activity type="homework" time="00:00:00" globalId="7986695e-5a74-4906-9035-8e8fb82a8289" no-submit="false" checkPunctuation="false" caseSensitivity="false" uid="1003000170000000304" version="7" />
  <ngml:title><![CDATA[Practice 2]]></ngml:title>
  <testPart identifier="p_1" navigationMode="linear" submissionMode="individual">
    <assessmentSection identifier="section_1" ngml:version="6" ngml:uid="1004000170000000383" visible="true" ngml:pageBreak="false" title="Practice 2" ngml:layoutHeight="401" ngml:autonumbering="false">
      <ngml:title><![CDATA[Practice 2]]></ngml:title>
      <ngml:tips>
        <ngml:tip>
          <ngml:text><![CDATA[<B>Comparison</B><BR/><BR/>In a paragraph of comparison, you talk about ways that two or more things are similar.<BR/>• The topic sentence names the things you are comparing and states how you plan to compare them. For example: Seattle, Washington and London, England have similar weather.<BR/>• All the sentences in the paragraph should talk about similarities. There should be no sentences about differences.<BR/><BR/>Here are some common expressions you can use to signal comparisons.<BR/>Notice the grammar and punctuation of each word and phrase.]]></ngml:text>
          <ngml:asset identifier="n_228--p_1--tip_1366282278946--block_0--ref_1370543345853" type="image" src="http://media.pearsoncmg.com/intl/elt/compose/mel_writing_2/WL2_PO_CC_P2.jpg" shortVersion="false" />
        </ngml:tip>
      </ngml:tips>
      <ngml:rubric>
        <ngml:text><![CDATA[Read the comparison paragraphs. Choose the best topic sentence for each paragraph.]]></ngml:text>
      </ngml:rubric>
      <assessmentItemRef identifier="i_1" href="i_1.xml" ngml:layoutX="24" ngml:layoutY="0" ngml:layoutWidth="770" ngml:layoutHeight="159" ngml:itemEnumeration="1" />
      <assessmentItemRef identifier="i_2" href="i_2.xml" ngml:layoutX="24" ngml:layoutY="192" ngml:layoutWidth="770" ngml:layoutHeight="159" ngml:itemEnumeration="2" />
    </assessmentSection>
  </testPart>
</assessmentTest>