<?xml version="1.0" encoding="utf-8"?>
<assessmentItem xmlns:xsi="http://www.w3.org/2001/XMLSchema-instance" xmlns:ngml="http://ioki.com.pl/schema/imsqti_v2p1" xsi:schemaLocation="http://www.imsglobal.org/xsd/imsqti_v2p1 ../../ngml-namespace/imsqti_v2p1_ngml.xsd" title="item-i_1" identifier="i_1" timeDependent="false" adaptive="false" xmlns="http://www.imsglobal.org/xsd/imsqti_v2p1">
  <ngml:question version="11" uid="1005000170000001821" type="single-choice" orientation="vertical" example="false" scoringAlgorithm="dichotomous" />
  <responseDeclaration identifier="RESPONSE" cardinality="single" baseType="identifier">
    <correctResponse>
      <value>i_1--multiple_choice--0</value>
    </correctResponse>
  </responseDeclaration>
  <itemBody>
    <ngml:text><![CDATA[_________ . First, the two sports have the same objective: to score a goal by putting a ball into a net. In each sport, a goal is equal to one point. The judges in both sports are called referees, and a referee can call a penalty or foul if a player breaks the rules of the game. Soccer is a very physical game, and it is easy for players to get injured. Similarly, water polo can be a very rough sport even though it is played in water. I have played both water polo and soccer since I was ten years old, and I love both games equally. <BR/>]]></ngml:text>
    <choiceInteraction responseIdentifier="RESPONSE" shuffle="false" maxChoices="1">
      <simpleChoice identifier="i_1--multiple_choice--0">
        <ngml:text><![CDATA[Water polo and soccer appear to be very different sports, but they are similar in several ways.]]></ngml:text>
      </simpleChoice>
      <simpleChoice identifier="i_1--multiple_choice--1">
        <ngml:text><![CDATA[Two of my favorite sports are soccer and water polo.]]></ngml:text>
      </simpleChoice>
      <simpleChoice identifier="i_1--multiple_choice--2">
        <ngml:text><![CDATA[I play water polo and soccer at different times of the year.]]></ngml:text>
      </simpleChoice>
    </choiceInteraction>
  </itemBody>
  <ngml:feedbacks>
    <ngml:feedback type="generic" responseIdentifier="RESPONSE">
      <ngml:feedbackResponse>
        <ngml:text><![CDATA[The topic sentence names the things you are comparing and states how you plan to compare them.]]></ngml:text>
      </ngml:feedbackResponse>
    </ngml:feedback>
  </ngml:feedbacks>
</assessmentItem>