<?xml version="1.0" encoding="utf-8"?>
<assessmentItem xmlns:xsi="http://www.w3.org/2001/XMLSchema-instance" xmlns:ngml="http://ioki.com.pl/schema/imsqti_v2p1" xsi:schemaLocation="http://www.imsglobal.org/xsd/imsqti_v2p1 ../../ngml-namespace/imsqti_v2p1_ngml.xsd" title="item-i_2" identifier="i_2" timeDependent="false" adaptive="false" xmlns="http://www.imsglobal.org/xsd/imsqti_v2p1">
  <ngml:question version="10" uid="1005000170000001822" type="single-choice" orientation="vertical" example="false" scoringAlgorithm="dichotomous" />
  <responseDeclaration identifier="RESPONSE" cardinality="single" baseType="identifier">
    <correctResponse>
      <value>i_2--multiple_choice--1</value>
    </correctResponse>
  </responseDeclaration>
  <itemBody>
    <ngml:text><![CDATA[_________ . In fact, they are almost the same genetically. To begin, both dogs and wolves have 42 teeth, and both animal species are meat eaters. Like wolves, dogs have excellent senses of hearing and smell. Dogs and wolves are also similar in the way they communicate. When they hear something, their ears stand up. When they are afraid, their tail goes down. Finally, neither dogs nor wolves have sweat glands, so they must pant in order to release heat from their bodies. These similarities are not surprising because dogs descended from wolves only about 15,000 years ago.<BR/>]]></ngml:text>
    <choiceInteraction responseIdentifier="RESPONSE" shuffle="false" maxChoices="1">
      <simpleChoice identifier="i_2--multiple_choice--0">
        <ngml:text><![CDATA[Many people have attempted to raise wolves as pets.]]></ngml:text>
      </simpleChoice>
      <simpleChoice identifier="i_2--multiple_choice--1">
        <ngml:text><![CDATA[Wolves and dogs are alike in many ways.]]></ngml:text>
      </simpleChoice>
      <simpleChoice identifier="i_2--multiple_choice--2">
        <ngml:text><![CDATA[My neighbor has a dog that is part wolf.]]></ngml:text>
      </simpleChoice>
    </choiceInteraction>
  </itemBody>
  <ngml:feedbacks>
    <ngml:feedback type="generic" responseIdentifier="RESPONSE">
      <ngml:feedbackResponse>
        <ngml:text><![CDATA[The topic sentence names the things you are comparing and states how you plan to compare them.]]></ngml:text>
      </ngml:feedbackResponse>
    </ngml:feedback>
  </ngml:feedbacks>
</assessmentItem>