<?xml version="1.0" encoding="utf-8"?>
<assessmentTest xmlns:xsi="http://www.w3.org/2001/XMLSchema-instance" xmlns:ngml="http://ioki.com.pl/schema/imsqti_v2p1" xsi:schemaLocation="http://www.imsglobal.org/xsd/imsqti_v2p1 ../../ngml-namespace/imsqti_v2p1_ngml.xsd" title="Practice 1" identifier="n_240" xmlns="http://www.imsglobal.org/xsd/imsqti_v2p1">
  <ngml:activity type="homework" time="00:00:00" globalId="36aaa932-9309-4225-964a-4504526bb539" no-submit="false" checkPunctuation="false" caseSensitivity="false" uid="1003000170000000546" version="7" />
  <ngml:title><![CDATA[Practice 1]]></ngml:title>
  <testPart identifier="p_1" navigationMode="linear" submissionMode="individual">
    <assessmentSection identifier="section_1" ngml:version="6" ngml:uid="1004000170000000613" visible="true" ngml:pageBreak="false" title="Practice 1" ngml:layoutHeight="723" ngml:autonumbering="false">
      <ngml:title><![CDATA[Practice 1]]></ngml:title>
      <ngml:tips>
        <ngml:tip>
          <ngml:text><![CDATA[<B>The Simple Past</B><BR/><BR/>Use the simple past to write about events that began and ended in the past. To form the simple past, add –<I>ed </I> to the base form of the verb.]]></ngml:text>
          <ngml:asset identifier="n_240--p_1--tip_1366294591363--block_0--ref_1366294620865" type="image" src="http://media.pearsoncmg.com/intl/elt/compose/mel_writing_2/WL2_G_SPT_P1.jpg" shortVersion="false" />
        </ngml:tip>
      </ngml:tips>
      <ngml:rubric>
        <ngml:text><![CDATA[Complete the sentences with the past forms of the verbs in parentheses.]]></ngml:text>
      </ngml:rubric>
      <assessmentItemRef identifier="i_1" href="i_1.xml" ngml:layoutX="24" ngml:layoutY="0" ngml:layoutWidth="791" ngml:layoutHeight="54" ngml:itemEnumeration="1" />
      <assessmentItemRef identifier="i_10" href="i_10.xml" ngml:layoutX="24" ngml:layoutY="582" ngml:layoutWidth="770" ngml:layoutHeight="35" ngml:itemEnumeration="10" />
      <assessmentItemRef identifier="i_11" href="i_11.xml" ngml:layoutX="24" ngml:layoutY="644" ngml:layoutWidth="770" ngml:layoutHeight="35" ngml:itemEnumeration="11" />
      <assessmentItemRef identifier="i_2" href="i_2.xml" ngml:layoutX="24" ngml:layoutY="92" ngml:layoutWidth="770" ngml:layoutHeight="35" ngml:itemEnumeration="2" />
      <assessmentItemRef identifier="i_3" href="i_3.xml" ngml:layoutX="24" ngml:layoutY="153" ngml:layoutWidth="770" ngml:layoutHeight="35" ngml:itemEnumeration="3" />
      <assessmentItemRef identifier="i_4" href="i_4.xml" ngml:layoutX="24" ngml:layoutY="215" ngml:layoutWidth="770" ngml:layoutHeight="34" ngml:itemEnumeration="4" />
      <assessmentItemRef identifier="i_5" href="i_5.xml" ngml:layoutX="24" ngml:layoutY="276" ngml:layoutWidth="770" ngml:layoutHeight="35" ngml:itemEnumeration="5" />
      <assessmentItemRef identifier="i_6" href="i_6.xml" ngml:layoutX="24" ngml:layoutY="337" ngml:layoutWidth="770" ngml:layoutHeight="35" ngml:itemEnumeration="6" />
      <assessmentItemRef identifier="i_7" href="i_7.xml" ngml:layoutX="24" ngml:layoutY="398" ngml:layoutWidth="770" ngml:layoutHeight="35" ngml:itemEnumeration="7" />
      <assessmentItemRef identifier="i_8" href="i_8.xml" ngml:layoutX="24" ngml:layoutY="460" ngml:layoutWidth="770" ngml:layoutHeight="35" ngml:itemEnumeration="8" />
      <assessmentItemRef identifier="i_9" href="i_9.xml" ngml:layoutX="24" ngml:layoutY="521" ngml:layoutWidth="770" ngml:layoutHeight="35" ngml:itemEnumeration="9" />
    </assessmentSection>
  </testPart>
</assessmentTest>