<?xml version="1.0" encoding="utf-8"?>
<assessmentTest xmlns:xsi="http://www.w3.org/2001/XMLSchema-instance" xmlns:ngml="http://ioki.com.pl/schema/imsqti_v2p1" xsi:schemaLocation="http://www.imsglobal.org/xsd/imsqti_v2p1 ../../ngml-namespace/imsqti_v2p1_ngml.xsd" title="Teacher-Graded Post-Test" identifier="n_238" xmlns="http://www.imsglobal.org/xsd/imsqti_v2p1">
  <ngml:activity type="homework" time="00:50:00" globalId="46b47980-9a2b-415e-bcad-3678bf7eb14d" no-submit="false" checkPunctuation="false" caseSensitivity="false" uid="1003000170000000364" version="13" />
  <ngml:title><![CDATA[Teacher-Graded Post-Test]]></ngml:title>
  <testPart identifier="p_1" navigationMode="linear" submissionMode="individual">
    <assessmentSection identifier="section_1" ngml:version="12" ngml:uid="1004000170000000443" visible="true" ngml:pageBreak="false" title="Teacher-Graded Post-Test" ngml:layoutHeight="1048" ngml:autonumbering="false">
      <ngml:title><![CDATA[Teacher-Graded Post-Test]]></ngml:title>
      <ngml:rubric>
        <ngml:text><![CDATA[In the [timed] teacher-graded post-test, you will demonstrate how well you can write about a topic. Pay  attention to sentence structure, grammar, punctuation, mechanics, organization, and vocabulary.<BR/><BR/>Write about the following topic or the topic your teacher assigns.<BR/>You have 50 minutes to complete the test.]]></ngml:text>
      </ngml:rubric>
      <ngml:referenceObjects>
        <ngml:referenceObject layoutX="0" layoutY="0" layoutWidth="700" layoutHeight="115">
          <ngml:text><![CDATA[<div class='reading-frame'>Write a paragraph telling your life story. When and where were you born? What was your childhood like? Where did you go to school? What are you doing now?</div>]]></ngml:text>
        </ngml:referenceObject>
      </ngml:referenceObjects>
      <assessmentItemRef identifier="i_2" href="i_2.xml" ngml:layoutX="0" ngml:layoutY="122" ngml:layoutWidth="646" ngml:layoutHeight="882" />
    </assessmentSection>
  </testPart>
</assessmentTest>