<?xml version="1.0" encoding="utf-8"?>
<assessmentTest xmlns:xsi="http://www.w3.org/2001/XMLSchema-instance" xmlns:ngml="http://ioki.com.pl/schema/imsqti_v2p1" xsi:schemaLocation="http://www.imsglobal.org/xsd/imsqti_v2p1 ../../ngml-namespace/imsqti_v2p1_ngml.xsd" title="Practice 1" identifier="n_219" xmlns="http://www.imsglobal.org/xsd/imsqti_v2p1">
  <ngml:activity type="homework" time="00:00:00" globalId="ea857b97-a959-4253-b566-beab54cc19ed" no-submit="false" checkPunctuation="false" caseSensitivity="false" uid="1003000170000000311" version="8" />
  <ngml:title><![CDATA[Practice 1]]></ngml:title>
  <testPart identifier="p_1" navigationMode="linear" submissionMode="individual">
    <assessmentSection identifier="section_1" ngml:version="8" ngml:uid="1004000170000000390" visible="true" ngml:pageBreak="false" title="Practice 1" ngml:layoutHeight="730" ngml:autonumbering="false">
      <ngml:title><![CDATA[Practice 1]]></ngml:title>
      <ngml:tips>
        <ngml:tip>
          <ngml:text><![CDATA[<B>Giving Examples</B><BR/><BR/>Examples are a common type of supporting detail. Examples can support the topic sentence directly, or they can support a major sub-point of the topic sentence. For example:<BR/><BR/><B>Topic sentence:</B> My friend Ari enjoys every kind of outdoor sport.<BR/><B>Example:</B> For example, he loves playing basketball with his friends.<BR/><BR/><B>Topic sentence:</B> My friend Susanna can cook almost any kind of ethnic food.<BR/><B>Sub-point:</B> First of all, she makes excellent Mexican food.<BR/><B>Example</B>: For example, she knows how to prepare delicious fish tacos.<BR/><BR/>Use the transitions <I>for example</I>, <I>for instance</I>, and <I>such as</I> to introduce examples.<BR/>• <I>For example</I> and <I>for instance</I> are the same. You can put them at the beginning of a sentence or in the middle.<BR/>• <I>Such as</I> can only go in the middle of a sentence.<BR/><BR/>Notice the use of commas with these transitions.]]></ngml:text>
          <ngml:asset identifier="n_219--p_1--tip_1366272185903--block_0--ref_1366272527657" type="image" src="http://media.pearsoncmg.com/intl/elt/compose/mel_writing_2/WL2_PO_GE_P1.jpg" shortVersion="false" />
        </ngml:tip>
      </ngml:tips>
      <ngml:rubric>
        <ngml:text><![CDATA[Match the general statements on the left with the specific examples on the right.]]></ngml:text>
      </ngml:rubric>
      <assessmentItemRef identifier="i_1" href="i_1.xml" ngml:layoutX="0" ngml:layoutY="0" ngml:layoutWidth="824" ngml:layoutHeight="619" />
    </assessmentSection>
  </testPart>
</assessmentTest>