<?xml version="1.0" encoding="utf-8"?>
<assessmentItem xmlns:xsi="http://www.w3.org/2001/XMLSchema-instance" xmlns:ngml="http://ioki.com.pl/schema/imsqti_v2p1" xsi:schemaLocation="http://www.imsglobal.org/xsd/imsqti_v2p1 ../../ngml-namespace/imsqti_v2p1_ngml.xsd" title="item-i_1" identifier="i_1" timeDependent="false" adaptive="false" xmlns="http://www.imsglobal.org/xsd/imsqti_v2p1">
  <ngml:question version="21" uid="1005000170000001861" type="matching" orientation="vertical" example="false" scoringAlgorithm="dichotomous" />
  <responseDeclaration identifier="RESPONSE" cardinality="multiple" baseType="directedPair">
    <correctResponse>
      <value>i_1--matching--0_left i_1--matching--0_right</value>
      <value>i_1--matching--1_left i_1--matching--1_right</value>
      <value>i_1--matching--2_left i_1--matching--2_right</value>
      <value>i_1--matching--3_left i_1--matching--3_right</value>
      <value>i_1--matching--4_left i_1--matching--4_right</value>
      <value>i_1--matching--5_left i_1--matching--5_right</value>
      <value>i_1--matching--6_left i_1--matching--6_right</value>
      <value>i_1--matching--7_left i_1--matching--7_right</value>
      <value>i_1--matching--8_left i_1--matching--8_right</value>
      <value>i_1--matching--9_left i_1--matching--9_right</value>
    </correctResponse>
  </responseDeclaration>
  <itemBody>
    <matchInteraction responseIdentifier="RESPONSE" shuffle="false" maxAssociations="10">
      <ngml:singleSimpleMatchSet>
        <ngml:singleSimpleAssociableChoice identifier="i_1--matching--0_left" matchMax="1">
          <ngml:text><![CDATA[My grandmother never wastes anything.]]></ngml:text>
        </ngml:singleSimpleAssociableChoice>
        <ngml:singleSimpleAssociableChoice identifier="i_1--matching--1_left" matchMax="1">
          <ngml:text><![CDATA[Dorian has several unusual hobbies.]]></ngml:text>
        </ngml:singleSimpleAssociableChoice>
        <ngml:singleSimpleAssociableChoice identifier="i_1--matching--2_left" matchMax="1">
          <ngml:text><![CDATA[Honeybees communicate the location of food by dancing.]]></ngml:text>
        </ngml:singleSimpleAssociableChoice>
        <ngml:singleSimpleAssociableChoice identifier="i_1--matching--3_left" matchMax="1">
          <ngml:text><![CDATA[2011 was a year of amazing scientific discoveries.]]></ngml:text>
        </ngml:singleSimpleAssociableChoice>
        <ngml:singleSimpleAssociableChoice identifier="i_1--matching--4_left" matchMax="1">
          <ngml:text><![CDATA[In recent years, my city's newspaper has changed in many ways.]]></ngml:text>
        </ngml:singleSimpleAssociableChoice>
        <ngml:singleSimpleAssociableChoice identifier="i_1--matching--5_left" matchMax="1">
          <ngml:text><![CDATA[In my city, the weather can be very unpredictable in June.]]></ngml:text>
        </ngml:singleSimpleAssociableChoice>
        <ngml:singleSimpleAssociableChoice identifier="i_1--matching--6_left" matchMax="1">
          <ngml:text><![CDATA[I have a special drawer where I keep my "treasures."]]></ngml:text>
        </ngml:singleSimpleAssociableChoice>
        <ngml:singleSimpleAssociableChoice identifier="i_1--matching--7_left" matchMax="1">
          <ngml:text><![CDATA[Several human foods are toxic to dogs.]]></ngml:text>
        </ngml:singleSimpleAssociableChoice>
        <ngml:singleSimpleAssociableChoice identifier="i_1--matching--8_left" matchMax="1">
          <ngml:text><![CDATA[My sister doesn't look like anyone else in the family.]]></ngml:text>
        </ngml:singleSimpleAssociableChoice>
        <ngml:singleSimpleAssociableChoice identifier="i_1--matching--9_left" matchMax="1">
          <ngml:text><![CDATA[Different kinds of wood are useful for different purposes.]]></ngml:text>
        </ngml:singleSimpleAssociableChoice>
      </ngml:singleSimpleMatchSet>
      <ngml:singleSimpleMatchSet>
        <ngml:singleSimpleAssociableChoice identifier="i_1--matching--0_right" matchMax="1">
          <ngml:text><![CDATA[For instance, she washes and reuses plastic bags.]]></ngml:text>
        </ngml:singleSimpleAssociableChoice>
        <ngml:singleSimpleAssociableChoice identifier="i_1--matching--8_right" matchMax="1">
          <ngml:text><![CDATA[For example, she has blond hair and blue eyes, but the rest of us have dark hair and brown eyes.]]></ngml:text>
        </ngml:singleSimpleAssociableChoice>
        <ngml:singleSimpleAssociableChoice identifier="i_1--matching--3_right" matchMax="1">
          <ngml:text><![CDATA[For instance, scientists at Oxford University developed the first vaccine against malaria.]]></ngml:text>
        </ngml:singleSimpleAssociableChoice>
        <ngml:singleSimpleAssociableChoice identifier="i_1--matching--6_right" matchMax="1">
          <ngml:text><![CDATA[For example, this drawer is where I keep letters from my grandfather.]]></ngml:text>
        </ngml:singleSimpleAssociableChoice>
        <ngml:singleSimpleAssociableChoice identifier="i_1--matching--2_right" matchMax="1">
          <ngml:text><![CDATA[A movement called the "waggle dance," for example, indicates that food is far away.]]></ngml:text>
        </ngml:singleSimpleAssociableChoice>
        <ngml:singleSimpleAssociableChoice identifier="i_1--matching--7_right" matchMax="1">
          <ngml:text><![CDATA[Fruits, such as grapes and raisins, can lead to kidney failure in dogs.]]></ngml:text>
        </ngml:singleSimpleAssociableChoice>
        <ngml:singleSimpleAssociableChoice identifier="i_1--matching--5_right" matchMax="1">
          <ngml:text><![CDATA[For instance, the temperature can go up or down by 20 degrees in one day.]]></ngml:text>
        </ngml:singleSimpleAssociableChoice>
        <ngml:singleSimpleAssociableChoice identifier="i_1--matching--4_right" matchMax="1">
          <ngml:text><![CDATA[For example, it no longer has a weekly health section.]]></ngml:text>
        </ngml:singleSimpleAssociableChoice>
        <ngml:singleSimpleAssociableChoice identifier="i_1--matching--1_right" matchMax="1">
          <ngml:text><![CDATA[For example, she goes to a belly dancing class once a week.]]></ngml:text>
        </ngml:singleSimpleAssociableChoice>
        <ngml:singleSimpleAssociableChoice identifier="i_1--matching--9_right" matchMax="1">
          <ngml:text><![CDATA[Oak, for example, is useful for making strong furniture like dining tables because it is very heavy.]]></ngml:text>
        </ngml:singleSimpleAssociableChoice>
      </ngml:singleSimpleMatchSet>
    </matchInteraction>
  </itemBody>
  <ngml:feedbacks>
    <ngml:feedback type="generic" location="i_1--matching--0_left" responseIdentifier="RESPONSE">
      <ngml:feedbackResponse>
        <ngml:text><![CDATA[Examples are introduced by phrases indicating they are examples.]]></ngml:text>
      </ngml:feedbackResponse>
    </ngml:feedback>
    <ngml:feedback type="generic" location="i_1--matching--1_left" responseIdentifier="RESPONSE">
      <ngml:feedbackResponse>
        <ngml:text><![CDATA[Examples are introduced by phrases indicating they are examples.]]></ngml:text>
      </ngml:feedbackResponse>
    </ngml:feedback>
    <ngml:feedback type="generic" location="i_1--matching--2_left" responseIdentifier="RESPONSE">
      <ngml:feedbackResponse>
        <ngml:text><![CDATA[Examples are introduced by phrases indicating they are examples.]]></ngml:text>
      </ngml:feedbackResponse>
    </ngml:feedback>
    <ngml:feedback type="generic" location="i_1--matching--3_left" responseIdentifier="RESPONSE">
      <ngml:feedbackResponse>
        <ngml:text><![CDATA[Examples are introduced by phrases indicating they are examples.]]></ngml:text>
      </ngml:feedbackResponse>
    </ngml:feedback>
    <ngml:feedback type="generic" location="i_1--matching--4_left" responseIdentifier="RESPONSE">
      <ngml:feedbackResponse>
        <ngml:text><![CDATA[Examples are introduced by phrases indicating they are examples.]]></ngml:text>
      </ngml:feedbackResponse>
    </ngml:feedback>
    <ngml:feedback type="generic" location="i_1--matching--5_left" responseIdentifier="RESPONSE">
      <ngml:feedbackResponse>
        <ngml:text><![CDATA[Examples are introduced by phrases indicating they are examples.]]></ngml:text>
      </ngml:feedbackResponse>
    </ngml:feedback>
    <ngml:feedback type="generic" location="i_1--matching--6_left" responseIdentifier="RESPONSE">
      <ngml:feedbackResponse>
        <ngml:text><![CDATA[Examples are introduced by phrases indicating they are examples.]]></ngml:text>
      </ngml:feedbackResponse>
    </ngml:feedback>
    <ngml:feedback type="generic" location="i_1--matching--7_left" responseIdentifier="RESPONSE">
      <ngml:feedbackResponse>
        <ngml:text><![CDATA[Examples are introduced by phrases indicating they are examples.]]></ngml:text>
      </ngml:feedbackResponse>
    </ngml:feedback>
    <ngml:feedback type="generic" location="i_1--matching--8_left" responseIdentifier="RESPONSE">
      <ngml:feedbackResponse>
        <ngml:text><![CDATA[Examples are introduced by phrases indicating they are examples.]]></ngml:text>
      </ngml:feedbackResponse>
    </ngml:feedback>
    <ngml:feedback type="generic" location="i_1--matching--9_left" responseIdentifier="RESPONSE">
      <ngml:feedbackResponse>
        <ngml:text><![CDATA[Examples are introduced by phrases indicating they are examples.]]></ngml:text>
      </ngml:feedbackResponse>
    </ngml:feedback>
  </ngml:feedbacks>
</assessmentItem>