<?xml version="1.0" encoding="utf-8"?>
<assessmentTest xmlns:xsi="http://www.w3.org/2001/XMLSchema-instance" xmlns:ngml="http://ioki.com.pl/schema/imsqti_v2p1" xsi:schemaLocation="http://www.imsglobal.org/xsd/imsqti_v2p1 ../../ngml-namespace/imsqti_v2p1_ngml.xsd" title="Practice 1" identifier="n_122" xmlns="http://www.imsglobal.org/xsd/imsqti_v2p1">
  <ngml:activity type="homework" time="00:00:00" globalId="96a8c9d4-b935-459d-b89c-d03ceaccc413" no-submit="false" checkPunctuation="false" caseSensitivity="false" uid="1001000170000000527" version="8" />
  <ngml:title><![CDATA[Practice 1]]></ngml:title>
  <testPart identifier="p_1" navigationMode="linear" submissionMode="individual">
    <assessmentSection identifier="section_1" ngml:version="8" ngml:uid="1001000170000000528" visible="true" ngml:pageBreak="false" title="Practice 1" ngml:layoutHeight="800" ngml:autonumbering="false">
      <ngml:title><![CDATA[Practice 1]]></ngml:title>
      <ngml:tips>
        <ngml:tip>
          <ngml:text><![CDATA[<B>Paragraph Format</B><BR/><BR/>A paragraph is a group of sentences about one topic. <B>Format</B> is the way a paragraph looks on the page. Follow these guidelines when you write an academic paragraph:<BR/><BR/>• Insert a <B>heading</B>. The heading should include your full name, the course you are  writing the paragraph for, and the complete date. Place the heading in the upper left-hand corner. <BR/><BR/>• Include a <B>title</B> for your paragraph. Center the title above the paragraph.<BR/><BR/>• The spaces on the left and right of the typed page are called <B>margins</B>. Your left margin should be straight. The right margin does not need to be straight.<BR/><BR/>• Begin the first line of the paragraph five spaces from the left margin. This is called <B>indenting</B>.<BR/><BR/>• Begin each sentence with a capital letter.<BR/><BR/>• End each sentence with <B>a form of punctuation</B>—a period, question mark, or exclamation mark.<BR/><BR/>• Leave a blank space between lines. This is called <B>double-spacing</B>. Double-spacing makes the paragraph easier to read. <BR/><BR/>• Insert one space between the end of one sentence and the beginning of the next sentence. When you finish a sentence, continue writing on the same line. This is called <B>running in</B>. Don't write each sentence on a separate line.<BR/><BR/><B>Example</B>]]></ngml:text>
          <ngml:asset identifier="n_122--p_1--tip_1364907573384--block_0--ref_1364907760653" type="image" src="http://media.pearsoncmg.com/intl/elt/compose/mel_writing_2/WL2_PM_PFS1.jpg" shortVersion="false" />
        </ngml:tip>
      </ngml:tips>
      <ngml:rubric>
        <ngml:text><![CDATA[Label the paragraph with the correct features. Drag the features to the correct places.]]></ngml:text>
      </ngml:rubric>
      <ngml:referenceObjects>
        <ngml:referenceObject layoutX="77" layoutY="124" layoutWidth="525" layoutHeight="646">
          <ngml:asset identifier="n_122--p_1--i_1--singlePicture--block_0--ref_1364907834292" type="image" src="http://media.pearsoncmg.com/intl/elt/compose/mel_writing_2/WL2_PM_PFS2.jpg" shortVersion="false" layoutWidth="0" layoutHeight="0" />
        </ngml:referenceObject>
      </ngml:referenceObjects>
      <assessmentItemRef identifier="i_1" href="i_1.xml" ngml:layoutX="-27" ngml:layoutY="0" ngml:layoutWidth="679" ngml:layoutHeight="770" />
    </assessmentSection>
  </testPart>
</assessmentTest>