<?xml version="1.0" encoding="utf-8"?>
<assessmentItem xmlns:xsi="http://www.w3.org/2001/XMLSchema-instance" xmlns:ngml="http://ioki.com.pl/schema/imsqti_v2p1" xsi:schemaLocation="http://www.imsglobal.org/xsd/imsqti_v2p1 ../../ngml-namespace/imsqti_v2p1_ngml.xsd" title="item-i_1" identifier="i_1" timeDependent="false" adaptive="false" xmlns="http://www.imsglobal.org/xsd/imsqti_v2p1">
  <ngml:question version="10" uid="1001000170000000529" type="positional-drag-and-drop" orientation="vertical" example="false" scoringAlgorithm="dichotomous" />
  <responseDeclaration identifier="RESPONSE_1" cardinality="single" baseType="identifier">
    <correctResponse>
      <value>i_1--drag_and_drop--0</value>
    </correctResponse>
  </responseDeclaration>
  <responseDeclaration identifier="RESPONSE_2" cardinality="single" baseType="identifier">
    <correctResponse>
      <value>i_1--drag_and_drop--1</value>
    </correctResponse>
  </responseDeclaration>
  <responseDeclaration identifier="RESPONSE_3" cardinality="single" baseType="identifier">
    <correctResponse>
      <value>i_1--drag_and_drop--2</value>
    </correctResponse>
  </responseDeclaration>
  <responseDeclaration identifier="RESPONSE_4" cardinality="single" baseType="identifier">
    <correctResponse>
      <value>i_1--drag_and_drop--3</value>
    </correctResponse>
  </responseDeclaration>
  <responseDeclaration identifier="RESPONSE_5" cardinality="single" baseType="identifier">
    <correctResponse>
      <value>i_1--drag_and_drop--5</value>
    </correctResponse>
  </responseDeclaration>
  <responseDeclaration identifier="RESPONSE_6" cardinality="single" baseType="identifier">
    <correctResponse>
      <value>i_1--drag_and_drop--6</value>
    </correctResponse>
  </responseDeclaration>
  <responseDeclaration identifier="RESPONSE_7" cardinality="single" baseType="identifier">
    <correctResponse>
      <value>i_1--drag_and_drop--7</value>
    </correctResponse>
  </responseDeclaration>
  <itemBody>
    <ngml:wordpool>
      <ngml:word identifier="i_1--drag_and_drop--0" matchMax="1">
        <ngml:text><![CDATA[Heading]]></ngml:text>
      </ngml:word>
      <ngml:word identifier="i_1--drag_and_drop--1" matchMax="1">
        <ngml:text><![CDATA[Title]]></ngml:text>
      </ngml:word>
      <ngml:word identifier="i_1--drag_and_drop--2" matchMax="1">
        <ngml:text><![CDATA[Indent]]></ngml:text>
      </ngml:word>
      <ngml:word identifier="i_1--drag_and_drop--3" matchMax="1">
        <ngml:text><![CDATA[Straight left margin]]></ngml:text>
      </ngml:word>
      <ngml:word identifier="i_1--drag_and_drop--5" matchMax="1">
        <ngml:text><![CDATA[Final punctuation]]></ngml:text>
      </ngml:word>
      <ngml:word identifier="i_1--drag_and_drop--6" matchMax="1">
        <ngml:text><![CDATA[Run-in sentences]]></ngml:text>
      </ngml:word>
      <ngml:word identifier="i_1--drag_and_drop--7" matchMax="1">
        <ngml:text><![CDATA[Uneven right margin]]></ngml:text>
      </ngml:word>
    </ngml:wordpool>
    <block ngml:layoutX="-38" ngml:layoutY="155">
      <textEntryInteraction responseIdentifier="RESPONSE_1" ngml:gapSize="normal" />
    </block>
    <block ngml:layoutX="471" ngml:layoutY="200">
      <textEntryInteraction responseIdentifier="RESPONSE_2" ngml:gapSize="normal" />
    </block>
    <block ngml:layoutX="-17" ngml:layoutY="241">
      <textEntryInteraction responseIdentifier="RESPONSE_3" ngml:gapSize="normal" />
    </block>
    <block ngml:layoutX="-67" ngml:layoutY="383">
      <textEntryInteraction responseIdentifier="RESPONSE_4" ngml:gapSize="normal" />
    </block>
    <block ngml:layoutX="242" ngml:layoutY="742">
      <textEntryInteraction responseIdentifier="RESPONSE_5" ngml:gapSize="normal" />
    </block>
    <block ngml:layoutX="196" ngml:layoutY="647">
      <textEntryInteraction responseIdentifier="RESPONSE_6" ngml:gapSize="normal" />
    </block>
    <block ngml:layoutX="716" ngml:layoutY="398">
      <textEntryInteraction responseIdentifier="RESPONSE_7" ngml:gapSize="normal" />
    </block>
  </itemBody>
  <ngml:feedbacks>
    <ngml:feedback type="generic" responseIdentifier="RESPONSE_1">
      <ngml:feedbackResponse>
        <ngml:text><![CDATA[Jin-Soo Fong is the person who wrote the paragraph. English 20 is the class she wrote the paragraph for. September 14, 2013 is the day she wrote the paragraph. These three pieces of information are part of what section of a paragraph?]]></ngml:text>
      </ngml:feedbackResponse>
    </ngml:feedback>
    <ngml:feedback type="generic" responseIdentifier="RESPONSE_2">
      <ngml:feedbackResponse>
        <ngml:text><![CDATA["The Public Park" is what the paragraph is about. It is centered above the paragraph.]]></ngml:text>
      </ngml:feedbackResponse>
    </ngml:feedback>
    <ngml:feedback type="generic" responseIdentifier="RESPONSE_3">
      <ngml:feedbackResponse>
        <ngml:text><![CDATA[What should happen to the first line in a paragraph?]]></ngml:text>
      </ngml:feedbackResponse>
    </ngml:feedback>
    <ngml:feedback type="generic" responseIdentifier="RESPONSE_4">
      <ngml:feedbackResponse>
        <ngml:text><![CDATA[How should the lines of the paragraph be organized?]]></ngml:text>
      </ngml:feedbackResponse>
    </ngml:feedback>
    <ngml:feedback type="generic" responseIdentifier="RESPONSE_5">
      <ngml:feedbackResponse>
        <ngml:text><![CDATA[How do you end a sentence?]]></ngml:text>
      </ngml:feedbackResponse>
    </ngml:feedback>
    <ngml:feedback type="generic" responseIdentifier="RESPONSE_6">
      <ngml:feedbackResponse>
        <ngml:text><![CDATA[Should all the sentences of a paragraph start on a new line?]]></ngml:text>
      </ngml:feedbackResponse>
    </ngml:feedback>
    <ngml:feedback type="generic" responseIdentifier="RESPONSE_7">
      <ngml:feedbackResponse>
        <ngml:text><![CDATA[How should the lines of the paragraph be organized?]]></ngml:text>
      </ngml:feedbackResponse>
    </ngml:feedback>
  </ngml:feedbacks>
</assessmentItem>