<?xml version="1.0" encoding="utf-8"?>
<assessmentTest xmlns:xsi="http://www.w3.org/2001/XMLSchema-instance" xmlns:ngml="http://ioki.com.pl/schema/imsqti_v2p1" xsi:schemaLocation="http://www.imsglobal.org/xsd/imsqti_v2p1 ../../ngml-namespace/imsqti_v2p1_ngml.xsd" title="Appendix 9 Spelling Rules" identifier="n_205" xmlns="http://www.imsglobal.org/xsd/imsqti_v2p1">
  <ngml:activity type="homework" time="00:00:00" globalId="c6058211-03e6-452b-93aa-7ad25363352a" no-submit="false" checkPunctuation="false" caseSensitivity="false" uid="1003000170000000359" version="10" />
  <ngml:title><![CDATA[Appendix 9 Spelling Rules]]></ngml:title>
  <testPart identifier="p_1" navigationMode="linear" submissionMode="individual">
    <assessmentSection identifier="section_1" ngml:version="10" ngml:uid="1004000170000000438" visible="true" ngml:pageBreak="false" title="Appendix 9 Spelling Rules" ngml:layoutHeight="2032" ngml:autonumbering="false">
      <ngml:title><![CDATA[Appendix 9 Spelling Rules]]></ngml:title>
      <ngml:rubric>
        <ngml:text><![CDATA[]]></ngml:text>
      </ngml:rubric>
      <ngml:referenceObjects>
        <ngml:referenceObject layoutX="0" layoutY="1530" layoutWidth="700" layoutHeight="13">
          <ngml:text><![CDATA[<B>Spelling of Regular Past-Tense Verbs</B>]]></ngml:text>
        </ngml:referenceObject>
        <ngml:referenceObject layoutX="0" layoutY="1089" layoutWidth="700" layoutHeight="14">
          <ngml:text><![CDATA[<B>Spelling of Present Participles</B>]]></ngml:text>
        </ngml:referenceObject>
        <ngml:referenceObject layoutX="0" layoutY="639" layoutWidth="700" layoutHeight="13">
          <ngml:text><![CDATA[<B>Spelling of Third-Person Singular Present Verbs</B>]]></ngml:text>
        </ngml:referenceObject>
        <ngml:referenceObject layoutX="125" layoutY="1135" layoutWidth="450" layoutHeight="363">
          <ngml:asset identifier="n_205--p_1--s_1--block_0--ref_1366194174243" type="image" src="http://media.pearsoncmg.com/intl/elt/compose/mel_writing_2/W2_A_SR3.jpg" shortVersion="false" layoutWidth="0" layoutHeight="0" />
        </ngml:referenceObject>
        <ngml:referenceObject layoutX="0" layoutY="0" layoutWidth="700" layoutHeight="52">
          <ngml:text><![CDATA[<B>Spelling Rules</B> <BR/><B></B><BR/><B>Spelling of Plural Count Nouns</B>]]></ngml:text>
        </ngml:referenceObject>
        <ngml:referenceObject layoutX="125" layoutY="84" layoutWidth="450" layoutHeight="523">
          <ngml:asset identifier="n_205--p_1--s_1--block_0--ref_1366194118516" type="image" src="http://media.pearsoncmg.com/intl/elt/compose/mel_writing_2/W2_A_SR1.jpg" shortVersion="false" layoutWidth="0" layoutHeight="0" />
        </ngml:referenceObject>
        <ngml:referenceObject layoutX="125" layoutY="684" layoutWidth="450" layoutHeight="373">
          <ngml:asset identifier="n_205--p_1--s_1--block_0--ref_1366194147492" type="image" src="http://media.pearsoncmg.com/intl/elt/compose/mel_writing_2/W2_A_SR2.jpg" shortVersion="false" layoutWidth="0" layoutHeight="0" />
        </ngml:referenceObject>
        <ngml:referenceObject layoutX="125" layoutY="1575" layoutWidth="450" layoutHeight="370">
          <ngml:asset identifier="n_205--p_1--s_1--block_0--ref_1366194196496" type="image" src="http://media.pearsoncmg.com/intl/elt/compose/mel_writing_2/W2_A_SR4.jpg" shortVersion="false" layoutWidth="0" layoutHeight="0" />
        </ngml:referenceObject>
      </ngml:referenceObjects>
    </assessmentSection>
  </testPart>
</assessmentTest>