<?xml version="1.0" encoding="utf-8"?>
<assessmentTest xmlns:xsi="http://www.w3.org/2001/XMLSchema-instance" xmlns:ngml="http://ioki.com.pl/schema/imsqti_v2p1" xsi:schemaLocation="http://www.imsglobal.org/xsd/imsqti_v2p1 ../../ngml-namespace/imsqti_v2p1_ngml.xsd" title="Practice 1" identifier="n_110" xmlns="http://www.imsglobal.org/xsd/imsqti_v2p1">
  <ngml:activity type="homework" time="00:00:00" globalId="0156e937-8b8f-4fbd-b0ab-8d03d4d4ac57" no-submit="false" checkPunctuation="false" caseSensitivity="false" uid="1003000170000000153" version="9" />
  <ngml:title><![CDATA[Practice 1]]></ngml:title>
  <testPart identifier="p_1" navigationMode="linear" submissionMode="individual">
    <assessmentSection identifier="section_1" ngml:version="6" ngml:uid="1004000170000000203" visible="true" ngml:pageBreak="false" title="Practice 1" ngml:layoutHeight="526" ngml:autonumbering="false">
      <ngml:title><![CDATA[Practice 1]]></ngml:title>
      <ngml:tips>
        <ngml:tip>
          <ngml:text><![CDATA[<B>Commas with Time and Order Signals</B><BR/><BR/>Use time and order signals to show a sequence of events or steps in a<BR/>process. Common time and order signals include:<BR/><B></B><BR/><B>Signal Words:</B> first, first of all, second (third, fourth, etc.), next, after that, then, finally<BR/><B></B><BR/><B>Prepositional phrases:</B> before (the game), after (the wedding), in (the<BR/>morning), during (the movie)<BR/><BR/>Follow these punctuation rules for using commas with time and order signals:]]></ngml:text>
          <ngml:asset identifier="n_110--p_1--tip_1363779852632--block_0--ref_1391171838066" type="image" src="http://media.pearsoncmg.com/intl/elt/compose/mel_writing_2/WL2_PM_CTOS_P1.jpg" shortVersion="false" />
        </ngml:tip>
      </ngml:tips>
      <ngml:rubric>
        <ngml:text><![CDATA[Choose the signal word or phrase that has correct punctuation.]]></ngml:text>
      </ngml:rubric>
      <assessmentItemRef identifier="i_1" href="i_1.xml" ngml:layoutX="24" ngml:layoutY="0" ngml:layoutWidth="791" ngml:layoutHeight="66" ngml:itemEnumeration="1" />
      <assessmentItemRef identifier="i_2" href="i_2.xml" ngml:layoutX="24" ngml:layoutY="109" ngml:layoutWidth="770" ngml:layoutHeight="79" ngml:itemEnumeration="2" />
      <assessmentItemRef identifier="i_3" href="i_3.xml" ngml:layoutX="24" ngml:layoutY="220" ngml:layoutWidth="770" ngml:layoutHeight="112" ngml:itemEnumeration="3" />
      <assessmentItemRef identifier="i_4" href="i_4.xml" ngml:layoutX="24" ngml:layoutY="364" ngml:layoutWidth="770" ngml:layoutHeight="112" ngml:itemEnumeration="4" />
    </assessmentSection>
  </testPart>
</assessmentTest>