<?xml version="1.0" encoding="utf-8"?>
<assessmentItem xmlns:xsi="http://www.w3.org/2001/XMLSchema-instance" xmlns:ngml="http://ioki.com.pl/schema/imsqti_v2p1" xsi:schemaLocation="http://www.imsglobal.org/xsd/imsqti_v2p1 ../../ngml-namespace/imsqti_v2p1_ngml.xsd" title="item-i_4" identifier="i_4" timeDependent="false" adaptive="false" xmlns="http://www.imsglobal.org/xsd/imsqti_v2p1">
  <ngml:question version="13" uid="1005000170000000841" type="inline-drop-down" orientation="vertical" example="false" scoringAlgorithm="dichotomous" />
  <responseDeclaration identifier="RESPONSE_1" cardinality="single" baseType="identifier">
    <correctResponse>
      <value>i_4--inline_choice--0</value>
    </correctResponse>
  </responseDeclaration>
  <responseDeclaration identifier="RESPONSE_2" cardinality="single" baseType="identifier">
    <correctResponse>
      <value>i_4--inline_choice--1</value>
    </correctResponse>
  </responseDeclaration>
  <responseDeclaration identifier="RESPONSE_3" cardinality="single" baseType="identifier">
    <correctResponse>
      <value>i_4--inline_choice--2</value>
    </correctResponse>
  </responseDeclaration>
  <itemBody>
    <ngml:text><![CDATA[I sing in a choir. Our rehearsals are on Thursday nights. ]]></ngml:text>
    <inlineChoiceInteraction responseIdentifier="RESPONSE_1" shuffle="false">
      <inlineChoice identifier="i_4--inline_choice--0_distractor_1363782813538">
        <ngml:text><![CDATA[At first]]></ngml:text>
      </inlineChoice>
      <inlineChoice identifier="i_4--inline_choice--0">
        <ngml:text><![CDATA[At first,]]></ngml:text>
      </inlineChoice>
    </inlineChoiceInteraction>
    <ngml:text><![CDATA[ we sing scales and do exercises to warm up our voices. Our choir director hands out new music ]]></ngml:text>
    <inlineChoiceInteraction responseIdentifier="RESPONSE_2" shuffle="false">
      <inlineChoice identifier="i_4--inline_choice--1_distractor_1363782844173">
        <ngml:text><![CDATA[, after that]]></ngml:text>
      </inlineChoice>
      <inlineChoice identifier="i_4--inline_choice--1">
        <ngml:text><![CDATA[after that]]></ngml:text>
      </inlineChoice>
    </inlineChoiceInteraction>
    <ngml:text><![CDATA[. We spend the rest of the rehearsal learning the music and practicing it. Singing makes me happy. I’m always in a good mood ]]></ngml:text>
    <inlineChoiceInteraction responseIdentifier="RESPONSE_3" shuffle="false">
      <inlineChoice identifier="i_4--inline_choice--2_distractor_1363782861038">
        <ngml:text><![CDATA[, by the end]]></ngml:text>
      </inlineChoice>
      <inlineChoice identifier="i_4--inline_choice--2">
        <ngml:text><![CDATA[by the end]]></ngml:text>
      </inlineChoice>
    </inlineChoiceInteraction>
    <ngml:text><![CDATA[ of the evening.]]></ngml:text>
  </itemBody>
  <ngml:feedbacks>
    <ngml:feedback type="generic" responseIdentifier="RESPONSE_1">
      <ngml:feedbackResponse>
        <ngml:text><![CDATA[Is the signal phrase at the beginning of the sentence?]]></ngml:text>
      </ngml:feedbackResponse>
    </ngml:feedback>
    <ngml:feedback type="generic" responseIdentifier="RESPONSE_2">
      <ngml:feedbackResponse>
        <ngml:text><![CDATA[Is the signal phrase at the beginning of the sentence?]]></ngml:text>
      </ngml:feedbackResponse>
    </ngml:feedback>
    <ngml:feedback type="generic" responseIdentifier="RESPONSE_3">
      <ngml:feedbackResponse>
        <ngml:text><![CDATA[Is the prepositional phrase at the beginning of the sentence?]]></ngml:text>
      </ngml:feedbackResponse>
    </ngml:feedback>
  </ngml:feedbacks>
</assessmentItem>