<?xml version="1.0" encoding="utf-8"?>
<assessmentTest xmlns:xsi="http://www.w3.org/2001/XMLSchema-instance" xmlns:ngml="http://ioki.com.pl/schema/imsqti_v2p1" xsi:schemaLocation="http://www.imsglobal.org/xsd/imsqti_v2p1 ../../ngml-namespace/imsqti_v2p1_ngml.xsd" title="Practice 2" identifier="n_111" xmlns="http://www.imsglobal.org/xsd/imsqti_v2p1">
  <ngml:activity type="homework" time="00:00:00" globalId="c83eb6e1-a63f-4e8e-bca4-7d212ec6c130" no-submit="false" checkPunctuation="true" caseSensitivity="true" uid="1003000170000000154" version="10" />
  <ngml:title><![CDATA[Practice 2]]></ngml:title>
  <testPart identifier="p_1" navigationMode="linear" submissionMode="individual">
    <assessmentSection identifier="section_1" ngml:version="7" ngml:uid="1004000170000000204" visible="true" ngml:pageBreak="false" title="Practice 2" ngml:layoutHeight="820" ngml:autonumbering="false">
      <ngml:title><![CDATA[Practice 2]]></ngml:title>
      <ngml:tips>
        <ngml:tip>
          <ngml:text><![CDATA[<B>Commas with Time and Order Signals</B><BR/><BR/>Use time and order signals to show a sequence of events or steps in a<BR/>process. Common time and order signals include:<BR/><B></B><BR/><B>Signal Words:</B> first, first of all, second (third, fourth, etc.), next, after that, then, finally<BR/><B></B><BR/><B>Prepositional phrases:</B> before (the game), after (the wedding), in (the<BR/>morning), during (the movie)<BR/><BR/>Follow these punctuation rules for using commas with time and order signals:]]></ngml:text>
          <ngml:asset identifier="n_111--p_1--tip_1363854504451--block_0--ref_1391171878812" type="image" src="http://media.pearsoncmg.com/intl/elt/compose/mel_writing_2/WL2_PM_CTOS_P2.jpg" shortVersion="false" />
        </ngml:tip>
      </ngml:tips>
      <ngml:rubric>
        <ngml:text><![CDATA[Complete each sentence with the signal word or prepositional phrase in parentheses. Insert commas if necessary. Capitalize the first word in the sentence.]]></ngml:text>
      </ngml:rubric>
      <assessmentItemRef identifier="i_2" href="i_2.xml" ngml:layoutX="0" ngml:layoutY="0" ngml:layoutWidth="770" ngml:layoutHeight="337" />
      <assessmentItemRef identifier="i_3" href="i_3.xml" ngml:layoutX="0" ngml:layoutY="363" ngml:layoutWidth="770" ngml:layoutHeight="413" />
    </assessmentSection>
  </testPart>
</assessmentTest>