<?xml version="1.0" encoding="utf-8"?>
<assessmentTest xmlns:xsi="http://www.w3.org/2001/XMLSchema-instance" xmlns:ngml="http://ioki.com.pl/schema/imsqti_v2p1" xsi:schemaLocation="http://www.imsglobal.org/xsd/imsqti_v2p1 ../../ngml-namespace/imsqti_v2p1_ngml.xsd" title="Practice 1" identifier="n_227" xmlns="http://www.imsglobal.org/xsd/imsqti_v2p1">
  <ngml:activity type="homework" time="00:00:00" globalId="220c07ec-4a76-42cf-980a-aee72cf2482a" no-submit="false" checkPunctuation="false" caseSensitivity="false" uid="1003000170000000540" version="6" />
  <ngml:title><![CDATA[Practice 1]]></ngml:title>
  <testPart identifier="p_1" navigationMode="linear" submissionMode="individual">
    <assessmentSection identifier="section_1" ngml:version="6" ngml:uid="1004000170000000604" visible="true" ngml:pageBreak="false" title="Practice 1" ngml:layoutHeight="908" ngml:autonumbering="false">
      <ngml:title><![CDATA[Practice 1]]></ngml:title>
      <ngml:tips>
        <ngml:tip>
          <ngml:text><![CDATA[<B>Prepositional Phrases</B><BR/><BR/>A <B>prepositional phrase</B> is a preposition followed by a noun or a noun phrase. <BR/><BR/><B>Examples:</B> <I>to the store</I>, <I>with my cousin</I>, <I>under the table</I><BR/><BR/>Prepositional phrases can express many meanings. Some common meanings are time, location, possession, direction, and description.]]></ngml:text>
          <ngml:asset identifier="n_227--p_1--tip_1366279631919--block_0--ref_1366279652600" type="image" src="http://media.pearsoncmg.com/intl/elt/compose/mel_writing_2/WL2_G_PPP_P1.jpg" shortVersion="false" />
        </ngml:tip>
      </ngml:tips>
      <ngml:rubric>
        <ngml:text><![CDATA[Complete each sentence with a prepositional phrase.]]></ngml:text>
      </ngml:rubric>
      <assessmentItemRef identifier="i_1" href="i_1.xml" ngml:layoutX="24" ngml:layoutY="0" ngml:layoutWidth="791" ngml:layoutHeight="66" ngml:itemEnumeration="1" />
      <assessmentItemRef identifier="i_10" href="i_10.xml" ngml:layoutX="24" ngml:layoutY="734" ngml:layoutWidth="770" ngml:layoutHeight="46" ngml:itemEnumeration="10" />
      <assessmentItemRef identifier="i_11" href="i_11.xml" ngml:layoutX="24" ngml:layoutY="812" ngml:layoutWidth="770" ngml:layoutHeight="46" ngml:itemEnumeration="11" />
      <assessmentItemRef identifier="i_2" href="i_2.xml" ngml:layoutX="24" ngml:layoutY="109" ngml:layoutWidth="770" ngml:layoutHeight="46" ngml:itemEnumeration="2" />
      <assessmentItemRef identifier="i_3" href="i_3.xml" ngml:layoutX="24" ngml:layoutY="187" ngml:layoutWidth="770" ngml:layoutHeight="46" ngml:itemEnumeration="3" />
      <assessmentItemRef identifier="i_4" href="i_4.xml" ngml:layoutX="24" ngml:layoutY="265" ngml:layoutWidth="770" ngml:layoutHeight="46" ngml:itemEnumeration="4" />
      <assessmentItemRef identifier="i_5" href="i_5.xml" ngml:layoutX="24" ngml:layoutY="344" ngml:layoutWidth="770" ngml:layoutHeight="46" ngml:itemEnumeration="5" />
      <assessmentItemRef identifier="i_6" href="i_6.xml" ngml:layoutX="24" ngml:layoutY="422" ngml:layoutWidth="770" ngml:layoutHeight="46" ngml:itemEnumeration="6" />
      <assessmentItemRef identifier="i_7" href="i_7.xml" ngml:layoutX="24" ngml:layoutY="500" ngml:layoutWidth="770" ngml:layoutHeight="46" ngml:itemEnumeration="7" />
      <assessmentItemRef identifier="i_8" href="i_8.xml" ngml:layoutX="24" ngml:layoutY="578" ngml:layoutWidth="770" ngml:layoutHeight="46" ngml:itemEnumeration="8" />
      <assessmentItemRef identifier="i_9" href="i_9.xml" ngml:layoutX="24" ngml:layoutY="656" ngml:layoutWidth="770" ngml:layoutHeight="46" ngml:itemEnumeration="9" />
    </assessmentSection>
  </testPart>
</assessmentTest>