<?xml version="1.0" encoding="utf-8"?>
<assessmentItem xmlns:xsi="http://www.w3.org/2001/XMLSchema-instance" xmlns:ngml="http://ioki.com.pl/schema/imsqti_v2p1" xsi:schemaLocation="http://www.imsglobal.org/xsd/imsqti_v2p1 ../../ngml-namespace/imsqti_v2p1_ngml.xsd" title="item-i_8" identifier="i_8" timeDependent="false" adaptive="false" xmlns="http://www.imsglobal.org/xsd/imsqti_v2p1">
  <ngml:question version="10" uid="1005000170000003267" type="inline-drop-down" orientation="vertical" example="false" scoringAlgorithm="dichotomous" />
  <responseDeclaration identifier="RESPONSE_1" cardinality="single" baseType="identifier">
    <correctResponse>
      <value>i_8--inline_choice--0</value>
    </correctResponse>
  </responseDeclaration>
  <itemBody>
    <ngml:text><![CDATA[My school class has two teachers ]]></ngml:text>
    <inlineChoiceInteraction responseIdentifier="RESPONSE_1" shuffle="false">
      <inlineChoice identifier="i_8--inline_choice--0_distractor_1366280468808">
        <ngml:text><![CDATA[who always work together]]></ngml:text>
      </inlineChoice>
      <inlineChoice identifier="i_8--inline_choice--0">
        <ngml:text><![CDATA[from Kazakhstan]]></ngml:text>
      </inlineChoice>
      <inlineChoice identifier="i_8--inline_choice--0_distractor_1366280479301">
        <ngml:text><![CDATA[and 35 students]]></ngml:text>
      </inlineChoice>
    </inlineChoiceInteraction>
    <ngml:text><![CDATA[.]]></ngml:text>
  </itemBody>
  <ngml:feedbacks>
    <ngml:feedback type="generic" responseIdentifier="RESPONSE_1">
      <ngml:feedbackResponse>
        <ngml:text><![CDATA[A prepositional phrase consists of a preposition + a noun or noun phrase.]]></ngml:text>
      </ngml:feedbackResponse>
    </ngml:feedback>
  </ngml:feedbacks>
</assessmentItem>