<?xml version="1.0" encoding="utf-8"?>
<assessmentTest xmlns:xsi="http://www.w3.org/2001/XMLSchema-instance" xmlns:ngml="http://ioki.com.pl/schema/imsqti_v2p1" xsi:schemaLocation="http://www.imsglobal.org/xsd/imsqti_v2p1 ../../ngml-namespace/imsqti_v2p1_ngml.xsd" title="Practice 2" identifier="n_224" xmlns="http://www.imsglobal.org/xsd/imsqti_v2p1">
  <ngml:activity type="homework" time="00:00:00" globalId="82aecf57-7f37-49c4-888b-8d62e9c5b433" no-submit="false" checkPunctuation="false" caseSensitivity="false" uid="1003000170000000316" version="7" />
  <ngml:title><![CDATA[Practice 2]]></ngml:title>
  <testPart identifier="p_1" navigationMode="linear" submissionMode="individual">
    <assessmentSection identifier="section_1" ngml:version="6" ngml:uid="1004000170000000395" visible="true" ngml:pageBreak="false" title="Practice 2" ngml:layoutHeight="1318" ngml:autonumbering="false">
      <ngml:title><![CDATA[Practice 2]]></ngml:title>
      <ngml:tips>
        <ngml:tip>
          <ngml:text><![CDATA[<B>Expressing Opinions</B><BR/><BR/>An opinion is a belief. Opinions are different from facts. Facts are true statements that can be checked. You can disagree with an opinion, but you cannot disagree with a fact.<BR/><BR/>In an opinion paragraph, your purpose is to persuade people to agree with you, to take action, or to change their behavior. An opinion paragraph has these parts:<BR/><B></B><BR/><B>•</B> <B>Topic sentence:</B> This sentence states the topic and your opinion about it. <BR/><B>•</B> <B>Supporting sentences: </B>These sentences give reasons to support your opinion. List your reasons and include facts or examples to support each one.<BR/><B>•</B> <B>Concluding sentence:</B> Restate your opinion, remind your reader of your reasons, or, if you like, give advice using the words <I>should</I> or <I>should not</I>.<BR/><BR/>You can use these signal words and phrases in an opinion paragraph:]]></ngml:text>
          <ngml:asset identifier="n_224--p_1--tip_1366277387498--block_0--ref_1366277502584" type="image" src="http://media.pearsoncmg.com/intl/elt/compose/mel_writing_2/WL2_PO_EO_P2.jpg" shortVersion="false" />
        </ngml:tip>
      </ngml:tips>
      <ngml:rubric>
        <ngml:text><![CDATA[Number the sentences in the correct order to form paragraphs of opinion.]]></ngml:text>
      </ngml:rubric>
      <assessmentItemRef identifier="i_1" href="i_1.xml" ngml:layoutX="0" ngml:layoutY="0" ngml:layoutWidth="770" ngml:layoutHeight="555" />
      <assessmentItemRef identifier="i_2" href="i_2.xml" ngml:layoutX="0" ngml:layoutY="588" ngml:layoutWidth="770" ngml:layoutHeight="680" />
    </assessmentSection>
  </testPart>
</assessmentTest>