<?xml version="1.0" encoding="utf-8"?>
<assessmentItem xmlns:xsi="http://www.w3.org/2001/XMLSchema-instance" xmlns:ngml="http://ioki.com.pl/schema/imsqti_v2p1" xsi:schemaLocation="http://www.imsglobal.org/xsd/imsqti_v2p1 ../../ngml-namespace/imsqti_v2p1_ngml.xsd" title="item-i_1" identifier="i_1" timeDependent="false" adaptive="false" xmlns="http://www.imsglobal.org/xsd/imsqti_v2p1">
  <ngml:question version="13" uid="1005000170000001887" type="hangman" orientation="vertical" example="false" scoringAlgorithm="dichotomous" />
  <responseDeclaration identifier="RESPONSE_1" cardinality="single" baseType="identifier">
    <correctResponse>
      <value>2</value>
    </correctResponse>
  </responseDeclaration>
  <responseDeclaration identifier="RESPONSE_2" cardinality="single" baseType="identifier">
    <correctResponse>
      <value>4</value>
    </correctResponse>
  </responseDeclaration>
  <responseDeclaration identifier="RESPONSE_3" cardinality="single" baseType="identifier">
    <correctResponse>
      <value>8</value>
    </correctResponse>
  </responseDeclaration>
  <responseDeclaration identifier="RESPONSE_4" cardinality="single" baseType="identifier">
    <correctResponse>
      <value>1</value>
    </correctResponse>
  </responseDeclaration>
  <responseDeclaration identifier="RESPONSE_5" cardinality="single" baseType="identifier">
    <correctResponse>
      <value>6</value>
    </correctResponse>
  </responseDeclaration>
  <responseDeclaration identifier="RESPONSE_6" cardinality="single" baseType="identifier">
    <correctResponse>
      <value>7</value>
    </correctResponse>
  </responseDeclaration>
  <responseDeclaration identifier="RESPONSE_7" cardinality="single" baseType="identifier">
    <correctResponse>
      <value>5</value>
    </correctResponse>
  </responseDeclaration>
  <responseDeclaration identifier="RESPONSE_8" cardinality="single" baseType="identifier">
    <correctResponse>
      <value>3</value>
    </correctResponse>
  </responseDeclaration>
  <itemBody>
    <ngml:text><![CDATA[<U>Paragraph 1</U>]]></ngml:text>
    <ngml:text><![CDATA[<BR/>]]></ngml:text>
    <ngml:text><![CDATA[<BR/>]]></ngml:text>
    <textEntryInteraction responseIdentifier="RESPONSE_1" ngml:example="false">
      <ngml:predefinedCharacters>
        <ngml:character />
      </ngml:predefinedCharacters>
    </textEntryInteraction>
    <ngml:text><![CDATA[ First of all, writing in my journal helps me develop fluency.]]></ngml:text>
    <ngml:text><![CDATA[<BR/>]]></ngml:text>
    <ngml:text><![CDATA[<BR/>]]></ngml:text>
    <textEntryInteraction responseIdentifier="RESPONSE_2" ngml:example="false">
      <ngml:predefinedCharacters>
        <ngml:character />
      </ngml:predefinedCharacters>
    </textEntryInteraction>
    <ngml:text><![CDATA[ Second, when I write in my journal, I can practice using new vocabulary I've learned.]]></ngml:text>
    <ngml:text><![CDATA[<BR/>]]></ngml:text>
    <ngml:text><![CDATA[<BR/>]]></ngml:text>
    <textEntryInteraction responseIdentifier="RESPONSE_3" ngml:example="false">
      <ngml:predefinedCharacters>
        <ngml:character />
      </ngml:predefinedCharacters>
    </textEntryInteraction>
    <ngml:text><![CDATA[ These reasons explain why keeping a journal has really helped my English. If you want to improve your English skills, why don't you try it?]]></ngml:text>
    <ngml:text><![CDATA[<BR/>]]></ngml:text>
    <ngml:text><![CDATA[<BR/>]]></ngml:text>
    <textEntryInteraction responseIdentifier="RESPONSE_4" ngml:example="false">
      <ngml:predefinedCharacters>
        <ngml:character />
      </ngml:predefinedCharacters>
    </textEntryInteraction>
    <ngml:text><![CDATA[ I believe that keeping a journal is an excellent way for me to improve my English.]]></ngml:text>
    <ngml:text><![CDATA[<BR/>]]></ngml:text>
    <ngml:text><![CDATA[<BR/>]]></ngml:text>
    <textEntryInteraction responseIdentifier="RESPONSE_5" ngml:example="false">
      <ngml:predefinedCharacters>
        <ngml:character />
      </ngml:predefinedCharacters>
    </textEntryInteraction>
    <ngml:text><![CDATA[ In addition, writing in my journal helps me see my progress in English.]]></ngml:text>
    <ngml:text><![CDATA[<BR/>]]></ngml:text>
    <ngml:text><![CDATA[<BR/>]]></ngml:text>
    <textEntryInteraction responseIdentifier="RESPONSE_6" ngml:example="false">
      <ngml:predefinedCharacters>
        <ngml:character />
      </ngml:predefinedCharacters>
    </textEntryInteraction>
    <ngml:text><![CDATA[ When I look at things I wrote two months ago, I see mistakes, and I'm happy that I don't make those mistakes anymore.]]></ngml:text>
    <ngml:text><![CDATA[<BR/>]]></ngml:text>
    <ngml:text><![CDATA[<BR/>]]></ngml:text>
    <textEntryInteraction responseIdentifier="RESPONSE_7" ngml:example="false">
      <ngml:predefinedCharacters>
        <ngml:character />
      </ngml:predefinedCharacters>
    </textEntryInteraction>
    <ngml:text><![CDATA[ For example, last week I learned the word "determination" in my English class. Last night I used that word in my journal.]]></ngml:text>
    <ngml:text><![CDATA[<BR/>]]></ngml:text>
    <ngml:text><![CDATA[<BR/>]]></ngml:text>
    <textEntryInteraction responseIdentifier="RESPONSE_8" ngml:example="false">
      <ngml:predefinedCharacters>
        <ngml:character />
      </ngml:predefinedCharacters>
    </textEntryInteraction>
    <ngml:text><![CDATA[ I can write without stopping because I don't have to worry about making mistakes.]]></ngml:text>
  </itemBody>
  <ngml:feedbacks>
    <ngml:feedback type="generic" responseIdentifier="RESPONSE_1">
      <ngml:feedbackResponse>
        <ngml:text><![CDATA[To put supporting sentences in the correct order, pay attention to signal words and phrases.]]></ngml:text>
      </ngml:feedbackResponse>
    </ngml:feedback>
    <ngml:feedback type="generic" responseIdentifier="RESPONSE_2">
      <ngml:feedbackResponse>
        <ngml:text><![CDATA[To put supporting sentences in the correct order, pay attention to signal words and phrases.]]></ngml:text>
      </ngml:feedbackResponse>
    </ngml:feedback>
    <ngml:feedback type="generic" responseIdentifier="RESPONSE_3">
      <ngml:feedbackResponse>
        <ngml:text><![CDATA[To put supporting sentences in the correct order, pay attention to signal words and phrases.]]></ngml:text>
      </ngml:feedbackResponse>
    </ngml:feedback>
    <ngml:feedback type="generic" responseIdentifier="RESPONSE_4">
      <ngml:feedbackResponse>
        <ngml:text><![CDATA[To put supporting sentences in the correct order, pay attention to signal words and phrases.]]></ngml:text>
      </ngml:feedbackResponse>
    </ngml:feedback>
    <ngml:feedback type="generic" responseIdentifier="RESPONSE_5">
      <ngml:feedbackResponse>
        <ngml:text><![CDATA[To put supporting sentences in the correct order, pay attention to signal words and phrases.]]></ngml:text>
      </ngml:feedbackResponse>
    </ngml:feedback>
    <ngml:feedback type="generic" responseIdentifier="RESPONSE_6">
      <ngml:feedbackResponse>
        <ngml:text><![CDATA[To put supporting sentences in the correct order, pay attention to signal words and phrases.]]></ngml:text>
      </ngml:feedbackResponse>
    </ngml:feedback>
    <ngml:feedback type="generic" responseIdentifier="RESPONSE_7">
      <ngml:feedbackResponse>
        <ngml:text><![CDATA[To put supporting sentences in the correct order, pay attention to signal words and phrases.]]></ngml:text>
      </ngml:feedbackResponse>
    </ngml:feedback>
    <ngml:feedback type="generic" responseIdentifier="RESPONSE_8">
      <ngml:feedbackResponse>
        <ngml:text><![CDATA[To put supporting sentences in the correct order, pay attention to signal words and phrases.]]></ngml:text>
      </ngml:feedbackResponse>
    </ngml:feedback>
  </ngml:feedbacks>
</assessmentItem>