<?xml version="1.0" encoding="utf-8"?>
<assessmentItem xmlns:xsi="http://www.w3.org/2001/XMLSchema-instance" xmlns:ngml="http://ioki.com.pl/schema/imsqti_v2p1" xsi:schemaLocation="http://www.imsglobal.org/xsd/imsqti_v2p1 ../../ngml-namespace/imsqti_v2p1_ngml.xsd" title="item-i_2" identifier="i_2" timeDependent="false" adaptive="false" xmlns="http://www.imsglobal.org/xsd/imsqti_v2p1">
  <ngml:question version="11" uid="1005000170000001888" type="hangman" orientation="vertical" example="false" scoringAlgorithm="dichotomous" />
  <responseDeclaration identifier="RESPONSE_1" cardinality="single" baseType="identifier">
    <correctResponse>
      <value>3</value>
    </correctResponse>
  </responseDeclaration>
  <responseDeclaration identifier="RESPONSE_2" cardinality="single" baseType="identifier">
    <correctResponse>
      <value>9</value>
    </correctResponse>
  </responseDeclaration>
  <responseDeclaration identifier="RESPONSE_3" cardinality="single" baseType="identifier">
    <correctResponse>
      <value>5</value>
    </correctResponse>
  </responseDeclaration>
  <responseDeclaration identifier="RESPONSE_4" cardinality="single" baseType="identifier">
    <correctResponse>
      <value>6</value>
    </correctResponse>
  </responseDeclaration>
  <responseDeclaration identifier="RESPONSE_5" cardinality="single" baseType="identifier">
    <correctResponse>
      <value>1</value>
    </correctResponse>
  </responseDeclaration>
  <responseDeclaration identifier="RESPONSE_6" cardinality="single" baseType="identifier">
    <correctResponse>
      <value>8</value>
    </correctResponse>
  </responseDeclaration>
  <responseDeclaration identifier="RESPONSE_7" cardinality="single" baseType="identifier">
    <correctResponse>
      <value>4</value>
    </correctResponse>
  </responseDeclaration>
  <responseDeclaration identifier="RESPONSE_8" cardinality="single" baseType="identifier">
    <correctResponse>
      <value>7</value>
    </correctResponse>
  </responseDeclaration>
  <responseDeclaration identifier="RESPONSE_9" cardinality="single" baseType="identifier">
    <correctResponse>
      <value>2</value>
    </correctResponse>
  </responseDeclaration>
  <itemBody>
    <ngml:text><![CDATA[<U>Paragraph 2</U>]]></ngml:text>
    <ngml:text><![CDATA[<BR/>]]></ngml:text>
    <ngml:text><![CDATA[<BR/>]]></ngml:text>
    <textEntryInteraction responseIdentifier="RESPONSE_1" ngml:example="false">
      <ngml:predefinedCharacters>
        <ngml:character />
      </ngml:predefinedCharacters>
    </textEntryInteraction>
    <ngml:text><![CDATA[ If a customer with a dog comes into a store, those people might feel they need to leave. It isn't fair to them.]]></ngml:text>
    <ngml:text><![CDATA[<BR/>]]></ngml:text>
    <ngml:text><![CDATA[<BR/>]]></ngml:text>
    <textEntryInteraction responseIdentifier="RESPONSE_2" ngml:example="false">
      <ngml:predefinedCharacters>
        <ngml:character />
      </ngml:predefinedCharacters>
    </textEntryInteraction>
    <ngml:text><![CDATA[ I love dogs, but for these reasons, I believe people should leave their dogs at home when they visit public buildings.]]></ngml:text>
    <ngml:text><![CDATA[<BR/>]]></ngml:text>
    <ngml:text><![CDATA[<BR/>]]></ngml:text>
    <textEntryInteraction responseIdentifier="RESPONSE_3" ngml:example="false">
      <ngml:predefinedCharacters>
        <ngml:character />
      </ngml:predefinedCharacters>
    </textEntryInteraction>
    <ngml:text><![CDATA[ For example, some dogs don't like children. If a child tries to pet a dog in a department store, the dog might bite the child.]]></ngml:text>
    <ngml:text><![CDATA[<BR/>]]></ngml:text>
    <ngml:text><![CDATA[<BR/>]]></ngml:text>
    <textEntryInteraction responseIdentifier="RESPONSE_4" ngml:example="false">
      <ngml:predefinedCharacters>
        <ngml:character />
      </ngml:predefinedCharacters>
    </textEntryInteraction>
    <ngml:text><![CDATA[ Third, dogs may use the floor as a toilet.]]></ngml:text>
    <ngml:text><![CDATA[<BR/>]]></ngml:text>
    <ngml:text><![CDATA[<BR/>]]></ngml:text>
    <textEntryInteraction responseIdentifier="RESPONSE_5" ngml:example="false">
      <ngml:predefinedCharacters>
        <ngml:character />
      </ngml:predefinedCharacters>
    </textEntryInteraction>
    <ngml:text><![CDATA[ In my opinion, people should not be allowed to bring dogs into public buildings like department stores and restaurants.]]></ngml:text>
    <ngml:text><![CDATA[<BR/>]]></ngml:text>
    <ngml:text><![CDATA[<BR/>]]></ngml:text>
    <textEntryInteraction responseIdentifier="RESPONSE_6" ngml:example="false">
      <ngml:predefinedCharacters>
        <ngml:character />
      </ngml:predefinedCharacters>
    </textEntryInteraction>
    <ngml:text><![CDATA[ Finally, dogs can be noisy. Nobody wants to hear a dog barking when they're shopping or eating out.]]></ngml:text>
    <ngml:text><![CDATA[<BR/>]]></ngml:text>
    <ngml:text><![CDATA[<BR/>]]></ngml:text>
    <textEntryInteraction responseIdentifier="RESPONSE_7" ngml:example="false">
      <ngml:predefinedCharacters>
        <ngml:character />
      </ngml:predefinedCharacters>
    </textEntryInteraction>
    <ngml:text><![CDATA[ Secondly, dogs can be dangerous.]]></ngml:text>
    <ngml:text><![CDATA[<BR/>]]></ngml:text>
    <ngml:text><![CDATA[<BR/>]]></ngml:text>
    <textEntryInteraction responseIdentifier="RESPONSE_8" ngml:example="false">
      <ngml:predefinedCharacters>
        <ngml:character />
      </ngml:predefinedCharacters>
    </textEntryInteraction>
    <ngml:text><![CDATA[ Imagine that you're eating in a restaurant, and a dog urinates under the table next to you. This happened to me last week.]]></ngml:text>
    <ngml:text><![CDATA[<BR/>]]></ngml:text>
    <ngml:text><![CDATA[<BR/>]]></ngml:text>
    <textEntryInteraction responseIdentifier="RESPONSE_9" ngml:example="false">
      <ngml:predefinedCharacters>
        <ngml:character />
      </ngml:predefinedCharacters>
    </textEntryInteraction>
    <ngml:text><![CDATA[ First, many people are afraid of dogs.]]></ngml:text>
  </itemBody>
  <ngml:feedbacks>
    <ngml:feedback type="generic" responseIdentifier="RESPONSE_1">
      <ngml:feedbackResponse>
        <ngml:text><![CDATA[To put supporting sentences in the correct order, pay attention to signal words and phrases.]]></ngml:text>
      </ngml:feedbackResponse>
    </ngml:feedback>
    <ngml:feedback type="generic" responseIdentifier="RESPONSE_2">
      <ngml:feedbackResponse>
        <ngml:text><![CDATA[To put supporting sentences in the correct order, pay attention to signal words and phrases.]]></ngml:text>
      </ngml:feedbackResponse>
    </ngml:feedback>
    <ngml:feedback type="generic" responseIdentifier="RESPONSE_3">
      <ngml:feedbackResponse>
        <ngml:text><![CDATA[To put supporting sentences in the correct order, pay attention to signal words and phrases.]]></ngml:text>
      </ngml:feedbackResponse>
    </ngml:feedback>
    <ngml:feedback type="generic" responseIdentifier="RESPONSE_4">
      <ngml:feedbackResponse>
        <ngml:text><![CDATA[To put supporting sentences in the correct order, pay attention to signal words and phrases.]]></ngml:text>
      </ngml:feedbackResponse>
    </ngml:feedback>
    <ngml:feedback type="generic" responseIdentifier="RESPONSE_5">
      <ngml:feedbackResponse>
        <ngml:text><![CDATA[To put supporting sentences in the correct order, pay attention to signal words and phrases.]]></ngml:text>
      </ngml:feedbackResponse>
    </ngml:feedback>
    <ngml:feedback type="generic" responseIdentifier="RESPONSE_6">
      <ngml:feedbackResponse>
        <ngml:text><![CDATA[To put supporting sentences in the correct order, pay attention to signal words and phrases.]]></ngml:text>
      </ngml:feedbackResponse>
    </ngml:feedback>
    <ngml:feedback type="generic" responseIdentifier="RESPONSE_7">
      <ngml:feedbackResponse>
        <ngml:text><![CDATA[To put supporting sentences in the correct order, pay attention to signal words and phrases.]]></ngml:text>
      </ngml:feedbackResponse>
    </ngml:feedback>
    <ngml:feedback type="generic" responseIdentifier="RESPONSE_8">
      <ngml:feedbackResponse>
        <ngml:text><![CDATA[To put supporting sentences in the correct order, pay attention to signal words and phrases.]]></ngml:text>
      </ngml:feedbackResponse>
    </ngml:feedback>
    <ngml:feedback type="generic" responseIdentifier="RESPONSE_9">
      <ngml:feedbackResponse>
        <ngml:text><![CDATA[To put supporting sentences in the correct order, pay attention to signal words and phrases.]]></ngml:text>
      </ngml:feedbackResponse>
    </ngml:feedback>
  </ngml:feedbacks>
</assessmentItem>