<?xml version="1.0" encoding="utf-8"?>
<assessmentTest xmlns:xsi="http://www.w3.org/2001/XMLSchema-instance" xmlns:ngml="http://ioki.com.pl/schema/imsqti_v2p1" xsi:schemaLocation="http://www.imsglobal.org/xsd/imsqti_v2p1 ../../ngml-namespace/imsqti_v2p1_ngml.xsd" title="Practice 2" identifier="n_115" xmlns="http://www.imsglobal.org/xsd/imsqti_v2p1">
  <ngml:activity type="homework" time="00:00:00" globalId="b80bdb07-b1de-4a06-bda8-8782ab455987" no-submit="false" checkPunctuation="true" caseSensitivity="true" uid="1003000170000000159" version="8" />
  <ngml:title><![CDATA[Practice 2]]></ngml:title>
  <testPart identifier="p_1" navigationMode="linear" submissionMode="individual">
    <assessmentSection identifier="section_1" ngml:version="6" ngml:uid="1004000170000000209" visible="true" ngml:pageBreak="false" title="Practice 2" ngml:layoutHeight="802" ngml:autonumbering="false">
      <ngml:title><![CDATA[Practice 2]]></ngml:title>
      <ngml:tips>
        <ngml:tip>
          <ngml:text><![CDATA[<B>Commas with Adjective Clauses</B><BR/><BR/>Adjective (relative) clauses modify nouns. They begin with words called<BR/>relative pronouns. Three of the most common relative pronouns are <I>who</I>,<BR/><I>that</I>, and <I>which</I>. Adjective clauses can appear with or without commas.<BR/><BR/>Follow these rules for using commas with adjective clauses:]]></ngml:text>
          <ngml:asset identifier="n_115--p_1--tip_1363873350310--block_0--ref_1391172131582" type="image" src="http://media.pearsoncmg.com/intl/elt/compose/mel_writing_2/WL2_PM_CAC_P2.jpg" shortVersion="false" />
        </ngml:tip>
      </ngml:tips>
      <ngml:rubric>
        <ngml:text><![CDATA[Correct each sentence using commas.]]></ngml:text>
      </ngml:rubric>
      <assessmentItemRef identifier="i_1" href="i_1.xml" ngml:layoutX="24" ngml:layoutY="0" ngml:layoutWidth="785" ngml:layoutHeight="92" ngml:itemEnumeration="1" />
      <assessmentItemRef identifier="i_10" href="i_10.xml" ngml:layoutX="24" ngml:layoutY="649" ngml:layoutWidth="773" ngml:layoutHeight="56" ngml:itemEnumeration="10" />
      <assessmentItemRef identifier="i_11" href="i_11.xml" ngml:layoutX="24" ngml:layoutY="717" ngml:layoutWidth="773" ngml:layoutHeight="55" ngml:itemEnumeration="11" />
      <assessmentItemRef identifier="i_2" href="i_2.xml" ngml:layoutX="24" ngml:layoutY="104" ngml:layoutWidth="773" ngml:layoutHeight="56" ngml:itemEnumeration="2" />
      <assessmentItemRef identifier="i_3" href="i_3.xml" ngml:layoutX="24" ngml:layoutY="172" ngml:layoutWidth="773" ngml:layoutHeight="56" ngml:itemEnumeration="3" />
      <assessmentItemRef identifier="i_4" href="i_4.xml" ngml:layoutX="24" ngml:layoutY="240" ngml:layoutWidth="773" ngml:layoutHeight="56" ngml:itemEnumeration="4" />
      <assessmentItemRef identifier="i_5" href="i_5.xml" ngml:layoutX="24" ngml:layoutY="308" ngml:layoutWidth="773" ngml:layoutHeight="56" ngml:itemEnumeration="5" />
      <assessmentItemRef identifier="i_6" href="i_6.xml" ngml:layoutX="24" ngml:layoutY="376" ngml:layoutWidth="773" ngml:layoutHeight="56" ngml:itemEnumeration="6" />
      <assessmentItemRef identifier="i_7" href="i_7.xml" ngml:layoutX="24" ngml:layoutY="444" ngml:layoutWidth="773" ngml:layoutHeight="56" ngml:itemEnumeration="7" />
      <assessmentItemRef identifier="i_8" href="i_8.xml" ngml:layoutX="24" ngml:layoutY="513" ngml:layoutWidth="773" ngml:layoutHeight="56" ngml:itemEnumeration="8" />
      <assessmentItemRef identifier="i_9" href="i_9.xml" ngml:layoutX="24" ngml:layoutY="581" ngml:layoutWidth="773" ngml:layoutHeight="56" ngml:itemEnumeration="9" />
    </assessmentSection>
  </testPart>
</assessmentTest>