<?xml version="1.0" encoding="utf-8"?>
<assessmentTest xmlns:xsi="http://www.w3.org/2001/XMLSchema-instance" xmlns:ngml="http://ioki.com.pl/schema/imsqti_v2p1" xsi:schemaLocation="http://www.imsglobal.org/xsd/imsqti_v2p1 ../../ngml-namespace/imsqti_v2p1_ngml.xsd" title="Describing an Event" identifier="n_245" xmlns="http://www.imsglobal.org/xsd/imsqti_v2p1">
  <ngml:activity type="homework" time="00:50:00" globalId="d8f15a26-b15e-4edf-8863-e51cd45b8ef4" no-submit="false" checkPunctuation="false" caseSensitivity="false" uid="1003000170000000331" version="11" />
  <ngml:title><![CDATA[Describing an Event]]></ngml:title>
  <testPart identifier="p_1" navigationMode="linear" submissionMode="individual">
    <assessmentSection identifier="section_1" ngml:version="11" ngml:uid="1004000170000000410" visible="true" ngml:pageBreak="false" title="Describing an Event" ngml:layoutHeight="1573" ngml:autonumbering="false">
      <ngml:title><![CDATA[Describing an Event]]></ngml:title>
      <ngml:tips>
        <ngml:tip>
          <ngml:text><![CDATA[<B>Model Paragraph </B><BR/><BR/><B>My Neighbor Peter</B><BR/><BR/>Of all the people in my neighborhood, the person that I like the most is my neighbor Peter.  He is 25 years old. He’s tall and thin, and he has long black hair and brown eyes. He always wears casual clothes, like t-shirts and jeans.   I like him for several reasons. First, he’s very friendly.  When I moved into the neighborhood last year, he came over and introduced himself.  We became friends very quickly.  He has a great sense of humor, too. He tells very funny jokes and always makes me laugh. Peter is also an interesting person. He has an unusual job.  He’s a drummer in a jazz band.  The people in his band sometimes come to his house to practice there.  I like to listen to them practice. Last month, Peter and his band played a show at a local club, and I went.  They were great!  Another reason I like Peter is that he is generous. Before I met him, I didn’t know anything about jazz music, but he has taught me a lot.  He often lets me borrow his CD’s. I think that I am lucky to have such a friendly, funny, interesting, and generous neighbor.  I’m glad he is also my friend.  <BR/><BR/>]]></ngml:text>
        </ngml:tip>
      </ngml:tips>
      <ngml:rubric>
        <ngml:text><![CDATA[Write a paragraph about one of the topics listed below (or the topic your teacher assigns). You will have 50 minutes. ]]></ngml:text>
      </ngml:rubric>
      <ngml:referenceObjects>
        <ngml:referenceObject layoutX="0" layoutY="0" layoutWidth="700" layoutHeight="661">
          <ngml:text><![CDATA[<div class='reading-frame'><B>Describing an Event or Series of Events</B><BR/><BR/>To describe an event or a series of events, you will need to write your paragraph in time order. That means you begin with the earliest event and finish with the last one. You can write about something that happened to you, to another person, or to a place. <BR/><BR/>A paragraph about an event should include these parts:<BR/><BR/><B>The topic sentence:</B> In this sentence you should introduce the event and make a statement that will motivate your readers to keep reading. Your topic sentence should make the reader ask, “What happened next”?<BR/><BR/><B>The supporting sentences:</B> Describe the events in the order that they happened. Use time order signals like these:<BR/><BR/><B>Transitions</B><BR/>Examples: first, second, next, later, after that, finally<BR/>i.e.: I had a wonderful time at my 20th birthday party. First, my girlfriend picked me up in her car and….<BR/><BR/><B>Dates and times</B><BR/>Examples: On May 4, in the morning, two weeks ago, today, before breakfast, at 8:00 a.m.<BR/>i.e.: Natalie Portman, the famous actress, has had a very interesting life. She was born in Jerusalem, Israel, on June 9, 1981.<BR/><BR/><B>The concluding sentence: </B>Write a final comment about the experience. For example, tell if it was good or bad. You can also say what you learned or how you changed after this experience. <BR/><BR/>Click on the light bulb for a model paragraph.</div>]]></ngml:text>
        </ngml:referenceObject>
      </ngml:referenceObjects>
      <assessmentItemRef identifier="i_2" href="i_2.xml" ngml:layoutX="0" ngml:layoutY="647" ngml:layoutWidth="646" ngml:layoutHeight="882" />
    </assessmentSection>
  </testPart>
</assessmentTest>