<?xml version="1.0" encoding="utf-8"?>
<assessmentTest xmlns:xsi="http://www.w3.org/2001/XMLSchema-instance" xmlns:ngml="http://ioki.com.pl/schema/imsqti_v2p1" xsi:schemaLocation="http://www.imsglobal.org/xsd/imsqti_v2p1 ../../ngml-namespace/imsqti_v2p1_ngml.xsd" title="Practice 1" identifier="n_230" xmlns="http://www.imsglobal.org/xsd/imsqti_v2p1">
  <ngml:activity type="homework" time="00:00:00" globalId="bde9e5d9-edce-4e52-b0b6-af1dbe32fa92" no-submit="false" checkPunctuation="false" caseSensitivity="false" uid="1003000170000000307" version="9" />
  <ngml:title><![CDATA[Practice 1]]></ngml:title>
  <testPart identifier="p_1" navigationMode="linear" submissionMode="individual">
    <assessmentSection identifier="section_1" ngml:version="7" ngml:uid="1004000170000000386" visible="true" ngml:pageBreak="false" title="Practice 1" ngml:layoutHeight="642" ngml:autonumbering="false">
      <ngml:title><![CDATA[Practice 1]]></ngml:title>
      <ngml:tips>
        <ngml:tip>
          <ngml:text><![CDATA[<B>Contrast</B><BR/><BR/>In a paragraph of contrast, you talk about ways that two things are different.<BR/>• The topic sentence names the two things you are contrasting. The controlling idea states how they are different. For example: <I>Seattle, Washington, and Los Angeles, California, have very different weather.</I><BR/>• The supporting sentences should describe differences.<BR/>• Use listing signals (<I>first</I>, <I>second</I>, <I>next</I>, <I>another</I>, <I>also</I>, etc.) to separate the differences.<BR/><BR/>Here are some common signal phrases you can use to draw contrasts. Notice the grammar and punctuation of each word and phrase.]]></ngml:text>
          <ngml:asset identifier="n_230--p_1--tip_1366283386905--block_0--ref_1366283678933" type="image" src="http://media.pearsoncmg.com/intl/elt/compose/mel_writing_2/WL2_PO_CCC_P1.jpg" shortVersion="false" />
        </ngml:tip>
      </ngml:tips>
      <ngml:rubric>
        <ngml:text><![CDATA[Read the outlines for paragraphs of contrast. In each outline, click on all the sentences that support the topic sentence.]]></ngml:text>
      </ngml:rubric>
      <assessmentItemRef identifier="i_1" href="i_1.xml" ngml:layoutX="24" ngml:layoutY="0" ngml:layoutWidth="770" ngml:layoutHeight="164" ngml:itemEnumeration="1" />
      <assessmentItemRef identifier="i_2" href="i_2.xml" ngml:layoutX="24" ngml:layoutY="196" ngml:layoutWidth="770" ngml:layoutHeight="182" ngml:itemEnumeration="2" />
      <assessmentItemRef identifier="i_3" href="i_3.xml" ngml:layoutX="24" ngml:layoutY="410" ngml:layoutWidth="770" ngml:layoutHeight="182" ngml:itemEnumeration="3" />
    </assessmentSection>
  </testPart>
</assessmentTest>