<?xml version="1.0" encoding="utf-8"?>
<assessmentItem xmlns:xsi="http://www.w3.org/2001/XMLSchema-instance" xmlns:ngml="http://ioki.com.pl/schema/imsqti_v2p1" xsi:schemaLocation="http://www.imsglobal.org/xsd/imsqti_v2p1 ../../ngml-namespace/imsqti_v2p1_ngml.xsd" title="item-i_3" identifier="i_3" timeDependent="false" adaptive="false" xmlns="http://www.imsglobal.org/xsd/imsqti_v2p1">
  <ngml:question version="12" uid="1005000170000001847" type="multiple-underline" orientation="vertical" example="false" scoringAlgorithm="dichotomous" />
  <responseDeclaration identifier="RESPONSE_0" cardinality="multiple" baseType="identifier">
    <correctResponse>
      <value>i_3--underline--0</value>
      <value>i_3--underline--6</value>
      <value>i_3--underline--2</value>
      <value>i_3--underline--3</value>
      <value>i_3--underline--4</value>
    </correctResponse>
  </responseDeclaration>
  <itemBody>
    <ngml:text><![CDATA[<B>Topic sentence:</B>]]></ngml:text>
    <ngml:text><![CDATA[ Asian elephants are different from African elephants in several ways.]]></ngml:text>
    <ngml:text><![CDATA[<BR/>]]></ngml:text>
    <ngml:hottextInteraction responseIdentifier="RESPONSE_0" maxChoices="0" example="false">
      <ngml:hottext identifier="i_3--underline--0">
        <ngml:text><![CDATA[African elephants have larger ears than Asian elephants.]]></ngml:text>
      </ngml:hottext>
      <ngml:text><![CDATA[<BR/>]]></ngml:text>
      <ngml:hottext identifier="i_3--underline--6">
        <ngml:text><![CDATA[An African elephant can weigh up to 7,500 kilograms. In contrast, the Asian elephant typically weighs about 6,000 kilograms.]]></ngml:text>
      </ngml:hottext>
      <ngml:text><![CDATA[<BR/>]]></ngml:text>
      <ngml:hottext identifier="i_3--underline--2">
        <ngml:text><![CDATA[African elephants are larger than Asian elephants. African males are about 4 meters tall; Asian males are about 3.5 meters tall.]]></ngml:text>
      </ngml:hottext>
      <ngml:text><![CDATA[<BR/>]]></ngml:text>
      <ngml:hottext identifier="i_3--underline--3">
        <ngml:text><![CDATA[On an African elephant, the highest point of the body is the shoulders. On an Asian elephant, the highest point is the back.]]></ngml:text>
      </ngml:hottext>
      <ngml:text><![CDATA[<BR/>]]></ngml:text>
      <ngml:hottext identifier="i_3--underline--4">
        <ngml:text><![CDATA[All African elephants have tusks, but only some male Asian elephants do.]]></ngml:text>
      </ngml:hottext>
      <ngml:text><![CDATA[<BR/>]]></ngml:text>
      <ngml:hottext identifier="i_3--underline--5">
        <ngml:text><![CDATA[Both African elephants and Asian elephants are mild-natured.]]></ngml:text>
      </ngml:hottext>
    </ngml:hottextInteraction>
  </itemBody>
  <ngml:feedbacks>
    <ngml:feedback type="generic" responseIdentifier="RESPONSE_0">
      <ngml:feedbackResponse>
        <ngml:text><![CDATA[All the sentences in a contrast paragraph should be about differences. Read the topic sentence. It tells us that the paragraph will lists differences between African elephants and Asian elephants. Do the sentences you selected tell us how African elephants are different from Asian elephants?]]></ngml:text>
      </ngml:feedbackResponse>
    </ngml:feedback>
  </ngml:feedbacks>
</assessmentItem>