<?xml version="1.0" encoding="utf-8"?>
<assessmentTest xmlns:xsi="http://www.w3.org/2001/XMLSchema-instance" xmlns:ngml="http://ioki.com.pl/schema/imsqti_v2p1" xsi:schemaLocation="http://www.imsglobal.org/xsd/imsqti_v2p1 ../../ngml-namespace/imsqti_v2p1_ngml.xsd" title="Appendix 1 Common Irregular Verbs" identifier="n_199" xmlns="http://www.imsglobal.org/xsd/imsqti_v2p1">
  <ngml:activity type="homework" time="00:00:00" globalId="c413d5e0-a242-4da2-b44a-91c4baa3bbff" no-submit="false" checkPunctuation="false" caseSensitivity="false" uid="1003000170000000347" version="10" />
  <ngml:title><![CDATA[Appendix 1 Common Irregular Verbs]]></ngml:title>
  <testPart identifier="p_1" navigationMode="linear" submissionMode="individual">
    <assessmentSection identifier="section_1" ngml:version="10" ngml:uid="1004000170000000426" visible="true" ngml:pageBreak="false" title="Appendix 1 Common Irregular Verbs" ngml:layoutHeight="724" ngml:autonumbering="false">
      <ngml:title><![CDATA[Appendix 1 Common Irregular Verbs]]></ngml:title>
      <ngml:rubric>
        <ngml:text><![CDATA[]]></ngml:text>
      </ngml:rubric>
      <ngml:referenceObjects>
        <ngml:referenceObject layoutX="125" layoutY="46" layoutWidth="450" layoutHeight="591">
          <ngml:asset identifier="n_199--p_1--s_1--block_0--ref_1366190550235" type="image" src="http://media.pearsoncmg.com/intl/elt/compose/mel_writing_2/WL2_A_CIV.jpg" shortVersion="false" layoutWidth="0" layoutHeight="0" />
        </ngml:referenceObject>
        <ngml:referenceObject layoutX="0" layoutY="0" layoutWidth="700" layoutHeight="14">
          <ngml:text><![CDATA[<B>Common Irregular Verbs</B>]]></ngml:text>
        </ngml:referenceObject>
      </ngml:referenceObjects>
    </assessmentSection>
  </testPart>
</assessmentTest>