<?xml version="1.0" encoding="utf-8"?>
<assessmentTest xmlns:xsi="http://www.w3.org/2001/XMLSchema-instance" xmlns:ngml="http://ioki.com.pl/schema/imsqti_v2p1" xsi:schemaLocation="http://www.imsglobal.org/xsd/imsqti_v2p1 ../../ngml-namespace/imsqti_v2p1_ngml.xsd" title="Practice 2" identifier="n_109" xmlns="http://www.imsglobal.org/xsd/imsqti_v2p1">
  <ngml:activity type="homework" time="00:00:00" globalId="f166e480-9a0e-4411-afd9-bcb202ed70cf" no-submit="false" checkPunctuation="false" caseSensitivity="false" uid="1003000170000000152" version="8" />
  <ngml:title><![CDATA[Practice 2]]></ngml:title>
  <testPart identifier="p_1" navigationMode="linear" submissionMode="individual">
    <assessmentSection identifier="section_1" ngml:version="6" ngml:uid="1004000170000000202" visible="true" ngml:pageBreak="false" title="Practice 2" ngml:layoutHeight="1017" ngml:autonumbering="false">
      <ngml:title><![CDATA[Practice 2]]></ngml:title>
      <ngml:tips>
        <ngml:tip>
          <ngml:text><![CDATA[<B>Commas for Items in a Series</B><BR/><BR/>A series is a group of three or more nouns, verbs, or adjectives. <BR/><BR/>Follow these rules for using commas with items in a series.]]></ngml:text>
          <ngml:asset identifier="n_109--p_1--tip_1363767452289--block_0--ref_1391171794387" type="image" src="http://media.pearsoncmg.com/intl/elt/compose/mel_writing_2/WL2_PM_CIS_P2.jpg" shortVersion="false" />
        </ngml:tip>
      </ngml:tips>
      <ngml:rubric>
        <ngml:text><![CDATA[Read the sets of sentences. Click on the sentence with correct punctuation.]]></ngml:text>
      </ngml:rubric>
      <assessmentItemRef identifier="i_1" href="i_1.xml" ngml:layoutX="24" ngml:layoutY="0" ngml:layoutWidth="791" ngml:layoutHeight="76" ngml:itemEnumeration="1" />
      <assessmentItemRef identifier="i_10" href="i_10.xml" ngml:layoutX="24" ngml:layoutY="824" ngml:layoutWidth="770" ngml:layoutHeight="56" ngml:itemEnumeration="10" />
      <assessmentItemRef identifier="i_11" href="i_11.xml" ngml:layoutX="24" ngml:layoutY="912" ngml:layoutWidth="770" ngml:layoutHeight="56" ngml:itemEnumeration="11" />
      <assessmentItemRef identifier="i_2" href="i_2.xml" ngml:layoutX="24" ngml:layoutY="119" ngml:layoutWidth="770" ngml:layoutHeight="56" ngml:itemEnumeration="2" />
      <assessmentItemRef identifier="i_3" href="i_3.xml" ngml:layoutX="24" ngml:layoutY="207" ngml:layoutWidth="770" ngml:layoutHeight="56" ngml:itemEnumeration="3" />
      <assessmentItemRef identifier="i_4" href="i_4.xml" ngml:layoutX="24" ngml:layoutY="295" ngml:layoutWidth="770" ngml:layoutHeight="56" ngml:itemEnumeration="4" />
      <assessmentItemRef identifier="i_5" href="i_5.xml" ngml:layoutX="24" ngml:layoutY="383" ngml:layoutWidth="770" ngml:layoutHeight="56" ngml:itemEnumeration="5" />
      <assessmentItemRef identifier="i_6" href="i_6.xml" ngml:layoutX="24" ngml:layoutY="471" ngml:layoutWidth="770" ngml:layoutHeight="56" ngml:itemEnumeration="6" />
      <assessmentItemRef identifier="i_7" href="i_7.xml" ngml:layoutX="24" ngml:layoutY="559" ngml:layoutWidth="770" ngml:layoutHeight="56" ngml:itemEnumeration="7" />
      <assessmentItemRef identifier="i_8" href="i_8.xml" ngml:layoutX="24" ngml:layoutY="648" ngml:layoutWidth="770" ngml:layoutHeight="56" ngml:itemEnumeration="8" />
      <assessmentItemRef identifier="i_9" href="i_9.xml" ngml:layoutX="24" ngml:layoutY="736" ngml:layoutWidth="770" ngml:layoutHeight="56" ngml:itemEnumeration="9" />
    </assessmentSection>
  </testPart>
</assessmentTest>