<?xml version="1.0" encoding="utf-8"?>
<assessmentItem xmlns:xsi="http://www.w3.org/2001/XMLSchema-instance" xmlns:ngml="http://ioki.com.pl/schema/imsqti_v2p1" xsi:schemaLocation="http://www.imsglobal.org/xsd/imsqti_v2p1 ../../ngml-namespace/imsqti_v2p1_ngml.xsd" title="item-i_1" identifier="i_1" timeDependent="false" adaptive="false" xmlns="http://www.imsglobal.org/xsd/imsqti_v2p1">
  <ngml:question version="14" uid="1005000170000000827" type="single-underline" orientation="vertical" example="true" scoringAlgorithm="dichotomous" />
  <responseDeclaration identifier="RESPONSE_1" cardinality="single" baseType="identifier">
    <correctResponse>
      <value>i_1--underline--2</value>
    </correctResponse>
  </responseDeclaration>
  <itemBody>
    <ngml:hottextInteraction responseIdentifier="RESPONSE_1" maxChoices="1" example="true">
      <ngml:hottext identifier="i_1--underline--0">
        <ngml:text><![CDATA[I made a salad of lettuce tomatoes cucumber bell pepper, and mushrooms.]]></ngml:text>
      </ngml:hottext>
      <ngml:text><![CDATA[<BR/>]]></ngml:text>
      <ngml:hottext identifier="i_1--underline--1">
        <ngml:text><![CDATA[I made a salad of lettuce, tomatoes, cucumber bell pepper and mushrooms.]]></ngml:text>
      </ngml:hottext>
      <ngml:text><![CDATA[<BR/>]]></ngml:text>
      <ngml:hottext identifier="i_1--underline--2">
        <ngml:text><![CDATA[<U>I made a salad of lettuce, tomatoes, cucumber, bell pepper, and mushrooms.</U>]]></ngml:text>
      </ngml:hottext>
    </ngml:hottextInteraction>
  </itemBody>
  <ngml:feedbacks>
    <ngml:feedback type="generic" responseIdentifier="RESPONSE_1">
      <ngml:feedbackResponse>
        <ngml:text><![CDATA[Use a comma after each item in a series of three or more.]]></ngml:text>
      </ngml:feedbackResponse>
    </ngml:feedback>
  </ngml:feedbacks>
</assessmentItem>