<?xml version="1.0" encoding="utf-8"?>
<assessmentTest xmlns:xsi="http://www.w3.org/2001/XMLSchema-instance" xmlns:ngml="http://ioki.com.pl/schema/imsqti_v2p1" xsi:schemaLocation="http://www.imsglobal.org/xsd/imsqti_v2p1 ../../ngml-namespace/imsqti_v2p1_ngml.xsd" title="Practice 2" identifier="n_236" xmlns="http://www.imsglobal.org/xsd/imsqti_v2p1">
  <ngml:activity type="homework" time="00:00:00" globalId="7b548b5a-6e40-49c1-989c-b567d6e7fc65" no-submit="false" checkPunctuation="false" caseSensitivity="false" uid="1003000170000000299" version="7" />
  <ngml:title><![CDATA[Practice 2]]></ngml:title>
  <testPart identifier="p_1" navigationMode="linear" submissionMode="individual">
    <assessmentSection identifier="section_1" ngml:version="6" ngml:uid="1004000170000000377" visible="true" ngml:pageBreak="false" title="Practice 2" ngml:layoutHeight="590" ngml:autonumbering="false">
      <ngml:title><![CDATA[Practice 2]]></ngml:title>
      <ngml:tips>
        <ngml:tip>
          <ngml:text><![CDATA[<B>Introducing clauses</B><BR/><I></I><BR/><I>A </I><B>cause paragraph</B> talks about the reasons why something (called an <I>effect</I>) happens.<BR/>• The topic sentence mentions a problem or situation. The controlling idea states that there are one or more causes. For example: <BR/>     <I>There are several causes of asthma in children.</I><BR/><I>     I discontinued by membership at Fitness Gym for three reasons.</I><BR/><I>     Linda moved back to her hometown for many reasons.</I><BR/>• The supporting sentences in the paragraph discuss the causes. There should be one or more sentences for each cause. Use listing signals (<I>first, the first cause, second, next, the last cause</I>) to introduce each one.<BR/>• The conclusion should repeat or summarize the main idea and offer a final comment or suggestion.<BR/><BR/>Use the following signal words and phrases to introduce causes:]]></ngml:text>
          <ngml:asset identifier="n_236--p_1--tip_1366290226452--block_0--ref_1366290421557" type="image" src="http://media.pearsoncmg.com/intl/elt/compose/mel_writing_2/WL2_PO_IC_P2.jpg" shortVersion="false" />
        </ngml:tip>
      </ngml:tips>
      <ngml:rubric>
        <ngml:text><![CDATA[Read the paragraphs. In each paragraph, click on one sentence that does not belong.]]></ngml:text>
      </ngml:rubric>
      <assessmentItemRef identifier="i_1" href="i_1.xml" ngml:layoutX="0" ngml:layoutY="0" ngml:layoutWidth="770" ngml:layoutHeight="254" />
      <assessmentItemRef identifier="i_2" href="i_2.xml" ngml:layoutX="0" ngml:layoutY="286" ngml:layoutWidth="770" ngml:layoutHeight="254" />
    </assessmentSection>
  </testPart>
</assessmentTest>