<?xml version="1.0" encoding="utf-8"?>
<assessmentItem xmlns:xsi="http://www.w3.org/2001/XMLSchema-instance" xmlns:ngml="http://ioki.com.pl/schema/imsqti_v2p1" xsi:schemaLocation="http://www.imsglobal.org/xsd/imsqti_v2p1 ../../ngml-namespace/imsqti_v2p1_ngml.xsd" title="item-i_2" identifier="i_2" timeDependent="false" adaptive="false" xmlns="http://www.imsglobal.org/xsd/imsqti_v2p1">
  <ngml:question version="9" uid="1005000170000001803" type="single-underline" orientation="vertical" example="false" scoringAlgorithm="dichotomous" />
  <responseDeclaration identifier="RESPONSE_1" cardinality="single" baseType="identifier">
    <correctResponse>
      <value>i_2--underline--3</value>
    </correctResponse>
  </responseDeclaration>
  <itemBody>
    <ngml:text><![CDATA[Paragraph 2]]></ngml:text>
    <ngml:text><![CDATA[<BR/>]]></ngml:text>
    <ngml:text><![CDATA[<BR/>]]></ngml:text>
    <ngml:text><![CDATA[Many adults suffer from back pain for several reasons. ]]></ngml:text>
    <ngml:hottextInteraction responseIdentifier="RESPONSE_1" maxChoices="1" example="false">
      <ngml:hottext identifier="i_2--underline--0">
        <ngml:text><![CDATA[First, some people get back pain because of the type of job they have.]]></ngml:text>
      </ngml:hottext>
      <ngml:text><![CDATA[ ]]></ngml:text>
      <ngml:hottext identifier="i_2--underline--1">
        <ngml:text><![CDATA[If they have a job that involves lifting, pulling, or pushing things, these activities can twist the spine and can cause back pain.]]></ngml:text>
      </ngml:hottext>
      <ngml:text><![CDATA[ ]]></ngml:text>
      <ngml:hottext identifier="i_2--underline--2">
        <ngml:text><![CDATA[Also, people who sit at a desk all day may get back pain if their chairs are not comfortable, or if they stay still for too long.]]></ngml:text>
      </ngml:hottext>
      <ngml:text><![CDATA[ ]]></ngml:text>
      <ngml:hottext identifier="i_2--underline--3">
        <ngml:text><![CDATA[In addition, many people who sit and work at a computer all day may develop problems with their eyes and their weight.]]></ngml:text>
      </ngml:hottext>
      <ngml:text><![CDATA[ ]]></ngml:text>
      <ngml:hottext identifier="i_2--underline--4">
        <ngml:text><![CDATA[Another reason for back pain is the way that people carry things.]]></ngml:text>
      </ngml:hottext>
      <ngml:text><![CDATA[ ]]></ngml:text>
      <ngml:hottext identifier="i_2--underline--5">
        <ngml:text><![CDATA[If people carry a heavy bag on one shoulder every day, or a heavy child, it puts a lot of stress on the muscles and the spine.]]></ngml:text>
      </ngml:hottext>
      <ngml:text><![CDATA[ ]]></ngml:text>
      <ngml:hottext identifier="i_2--underline--6">
        <ngml:text><![CDATA[This might cause back pain.]]></ngml:text>
      </ngml:hottext>
      <ngml:text><![CDATA[ ]]></ngml:text>
      <ngml:hottext identifier="i_2--underline--7">
        <ngml:text><![CDATA[Finally, people can also get back pain because of bad posture, which means they don't sit or stand straight.]]></ngml:text>
      </ngml:hottext>
    </ngml:hottextInteraction>
    <ngml:text><![CDATA[ In summary, back pain is a real problem for many adults. Understanding the causes of back pain can help them to change bad habits and live healthier, pain-free lives.]]></ngml:text>
  </itemBody>
  <ngml:feedbacks>
    <ngml:feedback type="generic" responseIdentifier="RESPONSE_1">
      <ngml:feedbackResponse>
        <ngml:text><![CDATA[Read the topic sentence carefully. It is about causes of back pain. Make sure all the details in the paragraph support the topic sentence and main idea of the paragraph. Find the sentence that does not talk about causes of back pain.]]></ngml:text>
      </ngml:feedbackResponse>
    </ngml:feedback>
  </ngml:feedbacks>
</assessmentItem>