<?xml version="1.0" encoding="utf-8"?>
<assessmentTest xmlns:xsi="http://www.w3.org/2001/XMLSchema-instance" xmlns:ngml="http://ioki.com.pl/schema/imsqti_v2p1" xsi:schemaLocation="http://www.imsglobal.org/xsd/imsqti_v2p1 ../../ngml-namespace/imsqti_v2p1_ngml.xsd" title="Writing an Email" identifier="n_261" xmlns="http://www.imsglobal.org/xsd/imsqti_v2p1">
  <ngml:activity type="homework" time="00:50:00" globalId="731d1dc4-8888-4f25-837d-7c743223ead6" no-submit="false" checkPunctuation="false" caseSensitivity="false" uid="1001000170000018131" version="15" />
  <ngml:title><![CDATA[Writing an Email]]></ngml:title>
  <testPart identifier="p_1" navigationMode="linear" submissionMode="individual">
    <assessmentSection identifier="section_1" ngml:version="15" ngml:uid="1001000170000018132" visible="true" ngml:pageBreak="false" title="Writing an Email" ngml:layoutHeight="1426" ngml:autonumbering="false">
      <ngml:title><![CDATA[Writing an Email]]></ngml:title>
      <ngml:tips>
        <ngml:tip>
          <ngml:text><![CDATA[<B>Model Informal Email </B><BR/><BR/>From:  Marcie.thomas@gmail.com <BR/>Date:  October 18, 2011  10:35:50 AM PST<BR/>To: Kendra.smith@yahoo.com<BR/><BR/>Subject: Get together about sociology project?<BR/><BR/>Hey Kendra!<BR/><BR/>What are you doing later today? Want to get together maybe after dinner to work on our sociology project? I have a lot of ideas, but I need to get your opinion. Also, did you write down the homework from yesterday's class? I wasn't there, so I need to get that ASAP. If you have it, LMK! Call me about getting together after dinner, ok? Thx!<BR/><BR/>Talk soon,<BR/>Marcie]]></ngml:text>
        </ngml:tip>
      </ngml:tips>
      <ngml:rubric>
        <ngml:text><![CDATA[Write an email about one of the topics listed below or about the topic your teacher assigns. You will have 50 minutes.<BR/> <BR/>1. Write an email to a friend inviting him or her to get together.<BR/> <BR/>2. Write an email to a teacher asking for information about your class or an assignment.<BR/><B></B><BR/><B>Editing Checklist</B><BR/><UL><LI>Are the grammar, sentence structure, mechanics, and punctuation correct? </LI></UL><UL><LI>Is the vocabulary appropriate? Are the words spelled correctly? </LI></UL><UL><LI>Is the email well organized, well developed, and clear?</LI></UL>]]></ngml:text>
      </ngml:rubric>
      <ngml:referenceObjects>
        <ngml:referenceObject layoutX="0" layoutY="0" layoutWidth="700" layoutHeight="493">
          <ngml:text><![CDATA[<div class='reading-frame'><B>Writing an Email</B><BR/><BR/>There are two kinds of emails: personal and business. Personal emails are like personal letters. They use informal language and abbreviations. Business emails are like business letters. The language is formal. <BR/><BR/>Here are general guidelines for writing email.<BR/><BR/><UL><LI>Write the topic of your email in the subject line. This is especially important in a business email. </LI></UL><BR/><UL><LI>Use appropriate openings and closings. For personal emails these can be quite casual. For business emails you should be more formal.</LI></UL><BR/><UL><LI>In a personal email you don’t need to worry too much about spelling, punctuation, or vocabulary. You can use contractions, incomplete sentences, abbreviations like LMK (Let Me Know) or “Thx” (Thanks), emoticons like ☺, exclamation points, and capital letters to indicate strong feelings. </LI></UL><BR/><UL><LI>In contrast, a business email should be written well. Write complete sentences and avoid casual abbreviations. Be polite and professional. You should proofread to make sure there are no mistakes. </LI></UL><BR/>Click on the light bulb for a model journal entry.</div>]]></ngml:text>
        </ngml:referenceObject>
      </ngml:referenceObjects>
      <assessmentItemRef identifier="i_2" href="i_2.xml" ngml:layoutX="0" ngml:layoutY="500" ngml:layoutWidth="646" ngml:layoutHeight="882" />
    </assessmentSection>
  </testPart>
</assessmentTest>