<?xml version="1.0" encoding="utf-8"?>
<assessmentTest xmlns:xsi="http://www.w3.org/2001/XMLSchema-instance" xmlns:ngml="http://ioki.com.pl/schema/imsqti_v2p1" xsi:schemaLocation="http://www.imsglobal.org/xsd/imsqti_v2p1 ../../ngml-namespace/imsqti_v2p1_ngml.xsd" title="Practice 1" identifier="n_112" xmlns="http://www.imsglobal.org/xsd/imsqti_v2p1">
  <ngml:activity type="homework" time="00:00:00" globalId="8bb098cb-8cc1-4f00-b6a8-b9d6575d1d71" no-submit="false" checkPunctuation="false" caseSensitivity="false" uid="1003000170000000155" version="10" />
  <ngml:title><![CDATA[Practice 1]]></ngml:title>
  <testPart identifier="p_1" navigationMode="linear" submissionMode="individual">
    <assessmentSection identifier="section_1" ngml:version="8" ngml:uid="1004000170000000205" visible="true" ngml:pageBreak="false" title="Practice 1" ngml:layoutHeight="786" ngml:autonumbering="false">
      <ngml:title><![CDATA[Practice 1]]></ngml:title>
      <ngml:tips>
        <ngml:tip>
          <ngml:text><![CDATA[<B>Commas with Transition Signals</B><BR/><BR/>Transition signals are words and phrases that show relationships between<BR/>ideas in two complete sentences. They can introduce additional ideas,<BR/>examples, emphasis, contradictions, similarity, results, etc.<BR/><BR/>Common transition signals include:<BR/><B>Additional ideas:</B><I> in addition, also, moreover, furthermore</I><BR/><B>Contrasting ideas:</B> <I>however, in contrast, on the other hand, instead</I><BR/><B>Emphasis:</B><I> in fact, actually, surprisingly</I><BR/><B>Examples:</B><I> for example, for instance</I><BR/><B>Similarity:</B> <I>similarly</I><BR/><B>Results:</B> <I>therefore, as a result</I><BR/><BR/>Follow these rules for using commas with transition signals:]]></ngml:text>
          <ngml:asset identifier="n_112--p_1--tip_1363859513660--block_0--ref_1391171976336" type="image" src="http://media.pearsoncmg.com/intl/elt/compose/mel_writing_2/WL2_PM_CTS_P1.jpg" shortVersion="false" />
        </ngml:tip>
      </ngml:tips>
      <ngml:rubric>
        <ngml:text><![CDATA[Click on the sentence(s) with correct punctuation and capitalization in each pair.]]></ngml:text>
      </ngml:rubric>
      <assessmentItemRef identifier="i_1" href="i_1.xml" ngml:layoutX="24" ngml:layoutY="0" ngml:layoutWidth="791" ngml:layoutHeight="55" ngml:itemEnumeration="1" />
      <assessmentItemRef identifier="i_10" href="i_10.xml" ngml:layoutX="24" ngml:layoutY="635" ngml:layoutWidth="770" ngml:layoutHeight="35" ngml:itemEnumeration="10" />
      <assessmentItemRef identifier="i_11" href="i_11.xml" ngml:layoutX="24" ngml:layoutY="702" ngml:layoutWidth="770" ngml:layoutHeight="35" ngml:itemEnumeration="11" />
      <assessmentItemRef identifier="i_2" href="i_2.xml" ngml:layoutX="24" ngml:layoutY="98" ngml:layoutWidth="770" ngml:layoutHeight="35" ngml:itemEnumeration="2" />
      <assessmentItemRef identifier="i_3" href="i_3.xml" ngml:layoutX="24" ngml:layoutY="165" ngml:layoutWidth="770" ngml:layoutHeight="35" ngml:itemEnumeration="3" />
      <assessmentItemRef identifier="i_4" href="i_4.xml" ngml:layoutX="24" ngml:layoutY="232" ngml:layoutWidth="770" ngml:layoutHeight="35" ngml:itemEnumeration="4" />
      <assessmentItemRef identifier="i_5" href="i_5.xml" ngml:layoutX="24" ngml:layoutY="299" ngml:layoutWidth="770" ngml:layoutHeight="35" ngml:itemEnumeration="5" />
      <assessmentItemRef identifier="i_6" href="i_6.xml" ngml:layoutX="24" ngml:layoutY="366" ngml:layoutWidth="770" ngml:layoutHeight="35" ngml:itemEnumeration="6" />
      <assessmentItemRef identifier="i_7" href="i_7.xml" ngml:layoutX="24" ngml:layoutY="433" ngml:layoutWidth="770" ngml:layoutHeight="35" ngml:itemEnumeration="7" />
      <assessmentItemRef identifier="i_8" href="i_8.xml" ngml:layoutX="24" ngml:layoutY="501" ngml:layoutWidth="770" ngml:layoutHeight="35" ngml:itemEnumeration="8" />
      <assessmentItemRef identifier="i_9" href="i_9.xml" ngml:layoutX="24" ngml:layoutY="568" ngml:layoutWidth="770" ngml:layoutHeight="35" ngml:itemEnumeration="9" />
    </assessmentSection>
  </testPart>
</assessmentTest>