<?xml version="1.0" encoding="utf-8"?>
<assessmentTest xmlns:xsi="http://www.w3.org/2001/XMLSchema-instance" xmlns:ngml="http://ioki.com.pl/schema/imsqti_v2p1" xsi:schemaLocation="http://www.imsglobal.org/xsd/imsqti_v2p1 ../../ngml-namespace/imsqti_v2p1_ngml.xsd" title="Practice 2" identifier="n_242" xmlns="http://www.imsglobal.org/xsd/imsqti_v2p1">
  <ngml:activity type="homework" time="00:00:00" globalId="645e43a4-eb30-448c-9507-c1d405cac86d" no-submit="false" checkPunctuation="false" caseSensitivity="false" uid="1003000170000000547" version="8" />
  <ngml:title><![CDATA[Practice 2]]></ngml:title>
  <testPart identifier="p_1" navigationMode="linear" submissionMode="individual">
    <assessmentSection identifier="section_1" ngml:version="7" ngml:uid="1004000170000000614" visible="true" ngml:pageBreak="false" title="Practice 2" ngml:layoutHeight="688" ngml:autonumbering="false">
      <ngml:title><![CDATA[Practice 2]]></ngml:title>
      <ngml:tips>
        <ngml:tip>
          <ngml:text><![CDATA[<B>The Simple Past</B><BR/><BR/>Use the simple past to write about events that began and ended in the past. To form the simple past, add –<I>ed </I> to the base form of the verb.]]></ngml:text>
          <ngml:asset identifier="n_242--p_1--tip_1366361042523--block_0--ref_1366361061397" type="image" src="http://media.pearsoncmg.com/intl/elt/compose/mel_writing_2/WL2_G_SPT_P2.jpg" shortVersion="false" />
        </ngml:tip>
      </ngml:tips>
      <ngml:rubric>
        <ngml:text><![CDATA[Complete each sentence with the past form of the verb in parentheses.]]></ngml:text>
      </ngml:rubric>
      <assessmentItemRef identifier="i_1" href="i_1.xml" ngml:layoutX="24" ngml:layoutY="0" ngml:layoutWidth="791" ngml:layoutHeight="54" ngml:itemEnumeration="1" />
      <assessmentItemRef identifier="i_2" href="i_2.xml" ngml:layoutX="24" ngml:layoutY="92" ngml:layoutWidth="770" ngml:layoutHeight="339" ngml:itemEnumeration="2" />
      <assessmentItemRef identifier="i_3" href="i_3.xml" ngml:layoutX="24" ngml:layoutY="457" ngml:layoutWidth="770" ngml:layoutHeight="186" ngml:itemEnumeration="3" />
    </assessmentSection>
  </testPart>
</assessmentTest>