<?xml version="1.0" encoding="utf-8"?>
<assessmentItem xmlns:xsi="http://www.w3.org/2001/XMLSchema-instance" xmlns:ngml="http://ioki.com.pl/schema/imsqti_v2p1" xsi:schemaLocation="http://www.imsglobal.org/xsd/imsqti_v2p1 ../../ngml-namespace/imsqti_v2p1_ngml.xsd" title="item-i_2" identifier="i_2" timeDependent="false" adaptive="false" xmlns="http://www.imsglobal.org/xsd/imsqti_v2p1">
  <ngml:question version="13" uid="1005000170000003333" type="fillin" orientation="vertical" example="false" scoringAlgorithm="dichotomous" />
  <responseDeclaration identifier="RESPONSE_1" cardinality="single" baseType="identifier">
    <correctResponse>
      <value>were</value>
    </correctResponse>
  </responseDeclaration>
  <responseDeclaration identifier="RESPONSE_2" cardinality="single" baseType="identifier">
    <correctResponse>
      <value>caused</value>
    </correctResponse>
  </responseDeclaration>
  <responseDeclaration identifier="RESPONSE_3" cardinality="single" baseType="identifier">
    <correctResponse>
      <value>left</value>
    </correctResponse>
  </responseDeclaration>
  <responseDeclaration identifier="RESPONSE_4" cardinality="single" baseType="identifier">
    <correctResponse>
      <value>reported</value>
    </correctResponse>
  </responseDeclaration>
  <responseDeclaration identifier="RESPONSE_5" cardinality="single" baseType="identifier">
    <correctResponse>
      <value>happened</value>
    </correctResponse>
  </responseDeclaration>
  <responseDeclaration identifier="RESPONSE_6" cardinality="single" baseType="identifier">
    <correctResponse>
      <value>warned</value>
    </correctResponse>
  </responseDeclaration>
  <responseDeclaration identifier="RESPONSE_7" cardinality="single" baseType="identifier">
    <correctResponse>
      <value>heard</value>
    </correctResponse>
  </responseDeclaration>
  <responseDeclaration identifier="RESPONSE_8" cardinality="single" baseType="identifier">
    <correctResponse>
      <value>didn't believe</value>
      <value>did not believe</value>
    </correctResponse>
  </responseDeclaration>
  <responseDeclaration identifier="RESPONSE_9" cardinality="single" baseType="identifier">
    <correctResponse>
      <value>didn't leave</value>
      <value>did not leave</value>
    </correctResponse>
  </responseDeclaration>
  <responseDeclaration identifier="RESPONSE_10" cardinality="single" baseType="identifier">
    <correctResponse>
      <value>was</value>
    </correctResponse>
  </responseDeclaration>
  <responseDeclaration identifier="RESPONSE_11" cardinality="single" baseType="identifier">
    <correctResponse>
      <value>arrived</value>
    </correctResponse>
  </responseDeclaration>
  <responseDeclaration identifier="RESPONSE_12" cardinality="single" baseType="identifier">
    <correctResponse>
      <value>killed</value>
    </correctResponse>
  </responseDeclaration>
  <responseDeclaration identifier="RESPONSE_13" cardinality="single" baseType="identifier">
    <correctResponse>
      <value>injured</value>
    </correctResponse>
  </responseDeclaration>
  <itemBody>
    <ngml:text><![CDATA[July was a bad month for fires in California. There ]]></ngml:text>
    <textEntryInteraction responseIdentifier="RESPONSE_1" ngml:gapSize="normal" />
    <ngml:text><![CDATA[ (be) more than 50 fires between July 1 and July 31. The fires ]]></ngml:text>
    <textEntryInteraction responseIdentifier="RESPONSE_2" ngml:gapSize="normal" />
    <ngml:text><![CDATA[ (cause) several injuries and ]]></ngml:text>
    <textEntryInteraction responseIdentifier="RESPONSE_3" ngml:gapSize="normal" />
    <ngml:text><![CDATA[ (leave) a lot of destruction in some of the mountain areas. People also ]]></ngml:text>
    <textEntryInteraction responseIdentifier="RESPONSE_4" ngml:gapSize="normal" />
    <ngml:text><![CDATA[ (report) fires in San Diego, Los Angeles, and Santa Barbara counties. Many fires ]]></ngml:text>
    <textEntryInteraction responseIdentifier="RESPONSE_5" ngml:gapSize="normal" />
    <ngml:text><![CDATA[ (happen) near populated areas.]]></ngml:text>
    <ngml:text><![CDATA[<BR/>]]></ngml:text>
    <ngml:text><![CDATA[News reports ]]></ngml:text>
    <textEntryInteraction responseIdentifier="RESPONSE_6" ngml:gapSize="normal" />
    <ngml:text><![CDATA[ (warn) people to get out of the dangerous areas. Many people ]]></ngml:text>
    <textEntryInteraction responseIdentifier="RESPONSE_7" ngml:gapSize="normal" />
    <ngml:text><![CDATA[ (hear) the warnings. Still, some people ]]></ngml:text>
    <textEntryInteraction responseIdentifier="RESPONSE_8" ngml:gapSize="normal" />
    <ngml:text><![CDATA[ (not believe) the reports. They ]]></ngml:text>
    <textEntryInteraction responseIdentifier="RESPONSE_9" ngml:gapSize="normal" />
    <ngml:text><![CDATA[ (not leave). This ]]></ngml:text>
    <textEntryInteraction responseIdentifier="RESPONSE_10" ngml:gapSize="normal" />
    <ngml:text><![CDATA[ (be) a mistake. The fires ]]></ngml:text>
    <textEntryInteraction responseIdentifier="RESPONSE_11" ngml:gapSize="normal" />
    <ngml:text><![CDATA[ (arrive) suddenly. They ]]></ngml:text>
    <textEntryInteraction responseIdentifier="RESPONSE_12" ngml:gapSize="normal" />
    <ngml:text><![CDATA[ (kill) two people and ]]></ngml:text>
    <textEntryInteraction responseIdentifier="RESPONSE_13" ngml:gapSize="normal" />
    <ngml:text><![CDATA[ (injure) 25, including a dozen fire fighters.]]></ngml:text>
    <ngml:text><![CDATA[<BR/>]]></ngml:text>
  </itemBody>
  <ngml:feedbacks>
    <ngml:feedback type="generic" responseIdentifier="RESPONSE_1">
      <ngml:feedbackResponse>
        <ngml:text><![CDATA[The verb <I>be </I> is irregular.]]></ngml:text>
      </ngml:feedbackResponse>
    </ngml:feedback>
    <ngml:feedback type="generic" responseIdentifier="RESPONSE_2">
      <ngml:feedbackResponse>
        <ngml:text><![CDATA[How do we form the simple past with words that end with –<I>e </I>?]]></ngml:text>
      </ngml:feedbackResponse>
    </ngml:feedback>
    <ngml:feedback type="generic" responseIdentifier="RESPONSE_3">
      <ngml:feedbackResponse>
        <ngml:text><![CDATA[The verb <I>leave</I> is irregular.]]></ngml:text>
      </ngml:feedbackResponse>
    </ngml:feedback>
    <ngml:feedback type="generic" responseIdentifier="RESPONSE_4">
      <ngml:feedbackResponse>
        <ngml:text><![CDATA[How do we form the simple past of regular verbs?]]></ngml:text>
      </ngml:feedbackResponse>
    </ngml:feedback>
    <ngml:feedback type="generic" responseIdentifier="RESPONSE_5">
      <ngml:feedbackResponse>
        <ngml:text><![CDATA[How do we form the simple past of regular verbs?]]></ngml:text>
      </ngml:feedbackResponse>
    </ngml:feedback>
    <ngml:feedback type="generic" responseIdentifier="RESPONSE_6">
      <ngml:feedbackResponse>
        <ngml:text><![CDATA[How do we form the simple past of regular verbs?]]></ngml:text>
      </ngml:feedbackResponse>
    </ngml:feedback>
    <ngml:feedback type="generic" responseIdentifier="RESPONSE_7">
      <ngml:feedbackResponse>
        <ngml:text><![CDATA[The verb <I>hear</I> is irregular.]]></ngml:text>
      </ngml:feedbackResponse>
    </ngml:feedback>
    <ngml:feedback type="generic" responseIdentifier="RESPONSE_8">
      <ngml:feedbackResponse>
        <ngml:text><![CDATA[How do we form the negative in the simple past?]]></ngml:text>
      </ngml:feedbackResponse>
    </ngml:feedback>
    <ngml:feedback type="generic" responseIdentifier="RESPONSE_9">
      <ngml:feedbackResponse>
        <ngml:text><![CDATA[How do we form the negative in the simple past?]]></ngml:text>
      </ngml:feedbackResponse>
    </ngml:feedback>
    <ngml:feedback type="generic" responseIdentifier="RESPONSE_10">
      <ngml:feedbackResponse>
        <ngml:text><![CDATA[The verb <I>be </I> is irregular.]]></ngml:text>
      </ngml:feedbackResponse>
    </ngml:feedback>
    <ngml:feedback type="generic" responseIdentifier="RESPONSE_11">
      <ngml:feedbackResponse>
        <ngml:text><![CDATA[How do we form the simple past with words that end with –<I>e </I>?]]></ngml:text>
      </ngml:feedbackResponse>
    </ngml:feedback>
    <ngml:feedback type="generic" responseIdentifier="RESPONSE_12">
      <ngml:feedbackResponse>
        <ngml:text><![CDATA[How do we form the simple past of regular verbs?]]></ngml:text>
      </ngml:feedbackResponse>
    </ngml:feedback>
    <ngml:feedback type="generic" responseIdentifier="RESPONSE_13">
      <ngml:feedbackResponse>
        <ngml:text><![CDATA[How do we form the simple past with words that end with –<I>e </I>?]]></ngml:text>
      </ngml:feedbackResponse>
    </ngml:feedback>
  </ngml:feedbacks>
</assessmentItem>