<?xml version="1.0" encoding="utf-8"?>
<assessmentItem xmlns:xsi="http://www.w3.org/2001/XMLSchema-instance" xmlns:ngml="http://ioki.com.pl/schema/imsqti_v2p1" xsi:schemaLocation="http://www.imsglobal.org/xsd/imsqti_v2p1 ../../ngml-namespace/imsqti_v2p1_ngml.xsd" title="item-i_3" identifier="i_3" timeDependent="false" adaptive="false" xmlns="http://www.imsglobal.org/xsd/imsqti_v2p1">
  <ngml:question version="14" uid="1005000170000003334" type="fillin" orientation="vertical" example="false" scoringAlgorithm="dichotomous" />
  <responseDeclaration identifier="RESPONSE_1" cardinality="single" baseType="identifier">
    <correctResponse>
      <value>celebrated</value>
    </correctResponse>
  </responseDeclaration>
  <responseDeclaration identifier="RESPONSE_2" cardinality="single" baseType="identifier">
    <correctResponse>
      <value>went</value>
    </correctResponse>
  </responseDeclaration>
  <responseDeclaration identifier="RESPONSE_3" cardinality="single" baseType="identifier">
    <correctResponse>
      <value>visited</value>
    </correctResponse>
  </responseDeclaration>
  <responseDeclaration identifier="RESPONSE_4" cardinality="single" baseType="identifier">
    <correctResponse>
      <value>stayed</value>
    </correctResponse>
  </responseDeclaration>
  <responseDeclaration identifier="RESPONSE_5" cardinality="single" baseType="identifier">
    <correctResponse>
      <value>met</value>
    </correctResponse>
  </responseDeclaration>
  <responseDeclaration identifier="RESPONSE_6" cardinality="single" baseType="identifier">
    <correctResponse>
      <value>tried</value>
    </correctResponse>
  </responseDeclaration>
  <responseDeclaration identifier="RESPONSE_7" cardinality="single" baseType="identifier">
    <correctResponse>
      <value>wanted</value>
    </correctResponse>
  </responseDeclaration>
  <responseDeclaration identifier="RESPONSE_8" cardinality="single" baseType="identifier">
    <correctResponse>
      <value>didn't have</value>
      <value>did not have</value>
    </correctResponse>
  </responseDeclaration>
  <itemBody>
    <ngml:text><![CDATA[My friend Donna ]]></ngml:text>
    <textEntryInteraction responseIdentifier="RESPONSE_1" ngml:gapSize="normal" />
    <ngml:text><![CDATA[ (celebrate) her 30th birthday with a trip to Russia and parts of Asia. She ]]></ngml:text>
    <textEntryInteraction responseIdentifier="RESPONSE_2" ngml:gapSize="normal" />
    <ngml:text><![CDATA[ (go) by herself. She ]]></ngml:text>
    <textEntryInteraction responseIdentifier="RESPONSE_3" ngml:gapSize="normal" />
    <ngml:text><![CDATA[ (visit) many amazing countries including Azerbaijan, Kazakhstan, and Mongolia. She ]]></ngml:text>
    <textEntryInteraction responseIdentifier="RESPONSE_4" ngml:gapSize="normal" />
    <ngml:text><![CDATA[ (stay) in Mongolia for two weeks. She ]]></ngml:text>
    <textEntryInteraction responseIdentifier="RESPONSE_5" ngml:gapSize="normal" />
    <ngml:text><![CDATA[ (meet) many great people, and she ]]></ngml:text>
    <textEntryInteraction responseIdentifier="RESPONSE_6" ngml:gapSize="normal" />
    <ngml:text><![CDATA[ (try) a lot of delicious food. She ]]></ngml:text>
    <textEntryInteraction responseIdentifier="RESPONSE_7" ngml:gapSize="normal" />
    <ngml:text><![CDATA[ (want) to stay longer, but she ]]></ngml:text>
    <textEntryInteraction responseIdentifier="RESPONSE_8" ngml:gapSize="normal" />
    <ngml:text><![CDATA[ (not have) any more time or money.]]></ngml:text>
  </itemBody>
  <ngml:feedbacks>
    <ngml:feedback type="generic" responseIdentifier="RESPONSE_1">
      <ngml:feedbackResponse>
        <ngml:text><![CDATA[How do we form the simple past with words that end with –<I>e </I>?]]></ngml:text>
      </ngml:feedbackResponse>
    </ngml:feedback>
    <ngml:feedback type="generic" responseIdentifier="RESPONSE_2">
      <ngml:feedbackResponse>
        <ngml:text><![CDATA[The verb <I>go </I> is irregular.]]></ngml:text>
      </ngml:feedbackResponse>
    </ngml:feedback>
    <ngml:feedback type="generic" responseIdentifier="RESPONSE_3">
      <ngml:feedbackResponse>
        <ngml:text><![CDATA[How do we form the simple past of regular verbs?]]></ngml:text>
      </ngml:feedbackResponse>
    </ngml:feedback>
    <ngml:feedback type="generic" responseIdentifier="RESPONSE_4">
      <ngml:feedbackResponse>
        <ngml:text><![CDATA[How do we form the simple past with words that end with –<I>y </I> and are exceptions?]]></ngml:text>
      </ngml:feedbackResponse>
    </ngml:feedback>
    <ngml:feedback type="generic" responseIdentifier="RESPONSE_5">
      <ngml:feedbackResponse>
        <ngml:text><![CDATA[The verb <I>meet</I> is irregular.]]></ngml:text>
      </ngml:feedbackResponse>
    </ngml:feedback>
    <ngml:feedback type="generic" responseIdentifier="RESPONSE_6">
      <ngml:feedbackResponse>
        <ngml:text><![CDATA[How do we form the simple past with words that end with –<I>y</I> ?]]></ngml:text>
      </ngml:feedbackResponse>
    </ngml:feedback>
    <ngml:feedback type="generic" responseIdentifier="RESPONSE_7">
      <ngml:feedbackResponse>
        <ngml:text><![CDATA[How do we form the simple past of regular verbs?]]></ngml:text>
      </ngml:feedbackResponse>
    </ngml:feedback>
    <ngml:feedback type="generic" responseIdentifier="RESPONSE_8">
      <ngml:feedbackResponse>
        <ngml:text><![CDATA[How do we form the negative in the simple past?]]></ngml:text>
      </ngml:feedbackResponse>
    </ngml:feedback>
  </ngml:feedbacks>
</assessmentItem>