<?xml version="1.0" encoding="utf-8"?>
<assessmentTest xmlns:xsi="http://www.w3.org/2001/XMLSchema-instance" xmlns:ngml="http://ioki.com.pl/schema/imsqti_v2p1" xsi:schemaLocation="http://www.imsglobal.org/xsd/imsqti_v2p1 ../../ngml-namespace/imsqti_v2p1_ngml.xsd" title="Practice 1" identifier="n_211" xmlns="http://www.imsglobal.org/xsd/imsqti_v2p1">
  <ngml:activity type="homework" time="00:00:00" globalId="f294e80c-2aba-480f-95e3-efa1b163d92a" no-submit="false" checkPunctuation="false" caseSensitivity="false" uid="1003000170000000317" version="7" />
  <ngml:title><![CDATA[Practice 1]]></ngml:title>
  <testPart identifier="p_1" navigationMode="linear" submissionMode="individual">
    <assessmentSection identifier="section_1" ngml:version="6" ngml:uid="1004000170000000396" visible="true" ngml:pageBreak="false" title="Practice 1" ngml:layoutHeight="645" ngml:autonumbering="false">
      <ngml:title><![CDATA[Practice 1]]></ngml:title>
      <ngml:tips>
        <ngml:tip>
          <ngml:text><![CDATA[<B>The Conclusion</B><BR/><BR/>Paragraphs usually have a concluding sentence. This sentence signals that your paragraph is finished. A well-written concluding sentence has one or more of the following characteristics:<BR/>• It does not include any new information about the topic.<BR/>• It restates the topic sentence in a different way.<BR/>• It summarizes the main points.<BR/>• It presents the writer’s opinion or final thoughts about the topic.<BR/><BR/>Concluding sentences often begin with a transitional phrase such as <I>In brief, In short, In conclusion, To conclude, In summary, To summarize, </I>or<I> To sum up</I>. Each phrase is followed by a comma.<BR/><BR/><B>Example:</B><BR/><B>In short</B>, the speaker fails to show how watching television is healthy.<BR/><B>In conclusion</B>, we must reject his call for a television in every household.]]></ngml:text>
        </ngml:tip>
      </ngml:tips>
      <ngml:rubric>
        <ngml:text><![CDATA[Read the topic sentences and supporting points. Choose the best concluding sentence.]]></ngml:text>
      </ngml:rubric>
      <assessmentItemRef identifier="i_1" href="i_1.xml" ngml:layoutX="24" ngml:layoutY="0" ngml:layoutWidth="791" ngml:layoutHeight="179" ngml:itemEnumeration="1" />
      <assessmentItemRef identifier="i_2" href="i_2.xml" ngml:layoutX="24" ngml:layoutY="223" ngml:layoutWidth="770" ngml:layoutHeight="159" ngml:itemEnumeration="2" />
      <assessmentItemRef identifier="i_3" href="i_3.xml" ngml:layoutX="24" ngml:layoutY="415" ngml:layoutWidth="770" ngml:layoutHeight="180" ngml:itemEnumeration="3" />
    </assessmentSection>
  </testPart>
</assessmentTest>