<?xml version="1.0" encoding="utf-8"?>
<assessmentItem xmlns:xsi="http://www.w3.org/2001/XMLSchema-instance" xmlns:ngml="http://ioki.com.pl/schema/imsqti_v2p1" xsi:schemaLocation="http://www.imsglobal.org/xsd/imsqti_v2p1 ../../ngml-namespace/imsqti_v2p1_ngml.xsd" title="item-i_1" identifier="i_1" timeDependent="false" adaptive="false" xmlns="http://www.imsglobal.org/xsd/imsqti_v2p1">
  <ngml:question version="14" uid="1005000170000001889" type="single-choice" orientation="vertical" example="true" scoringAlgorithm="dichotomous" />
  <responseDeclaration identifier="RESPONSE" cardinality="single" baseType="identifier">
    <correctResponse>
      <value>i_1--multiple_choice--2</value>
    </correctResponse>
  </responseDeclaration>
  <itemBody>
    <ngml:text><![CDATA[Topic sentence: Since it is convenient, inexpensive, and relaxing, I usually take the train to work instead of driving.<BR/>Supporting points:<BR/>• The train station is a five-minute walk from my apartment.<BR/>• A train ticket costs much less than parking downtown.<BR/>• I can read, talk to people, or watch the scenery.<BR/>]]></ngml:text>
    <choiceInteraction responseIdentifier="RESPONSE" shuffle="false" maxChoices="1">
      <simpleChoice identifier="i_1--multiple_choice--0">
        <ngml:text><![CDATA[On the other hand, the train is very crowded during the afternoon rush hour.]]></ngml:text>
      </simpleChoice>
      <simpleChoice identifier="i_1--multiple_choice--1">
        <ngml:text><![CDATA[In conclusion, I have met many interesting people on the train to and from work.]]></ngml:text>
      </simpleChoice>
      <simpleChoice identifier="i_1--multiple_choice--2">
        <ngml:text><![CDATA[To sum up, these three advantages explain why I would rather take the train to work than drive my car.]]></ngml:text>
      </simpleChoice>
    </choiceInteraction>
  </itemBody>
  <ngml:feedbacks>
    <ngml:feedback type="generic" responseIdentifier="RESPONSE">
      <ngml:feedbackResponse>
        <ngml:text><![CDATA[A good concluding sentence restates the main idea, summarizes the main points in the paragraph, or offers final thoughts on the topic.]]></ngml:text>
      </ngml:feedbackResponse>
    </ngml:feedback>
  </ngml:feedbacks>
</assessmentItem>