<?xml version="1.0" encoding="utf-8"?>
<assessmentItem xmlns:xsi="http://www.w3.org/2001/XMLSchema-instance" xmlns:ngml="http://ioki.com.pl/schema/imsqti_v2p1" xsi:schemaLocation="http://www.imsglobal.org/xsd/imsqti_v2p1 ../../ngml-namespace/imsqti_v2p1_ngml.xsd" title="item-i_2" identifier="i_2" timeDependent="false" adaptive="false" xmlns="http://www.imsglobal.org/xsd/imsqti_v2p1">
  <ngml:question version="13" uid="1005000170000001890" type="single-choice" orientation="vertical" example="false" scoringAlgorithm="dichotomous" />
  <responseDeclaration identifier="RESPONSE" cardinality="single" baseType="identifier">
    <correctResponse>
      <value>i_2--multiple_choice--0</value>
    </correctResponse>
  </responseDeclaration>
  <itemBody>
    <ngml:text><![CDATA[Topic sentence: There are a number of good reasons to rent an apartment instead of buying your own home.<BR/>Supporting points:<BR/>• If you decide to move to a new area or city, you can easily pack up and leave.<BR/>• It is not your responsibility to fix things that break.<BR/>• An apartment is easier to clean than a house.<BR/>]]></ngml:text>
    <choiceInteraction responseIdentifier="RESPONSE" shuffle="false" maxChoices="1">
      <simpleChoice identifier="i_2--multiple_choice--0">
        <ngml:text><![CDATA[In short, these reasons explain why many people would rather rent an apartment than buy a home.]]></ngml:text>
      </simpleChoice>
      <simpleChoice identifier="i_2--multiple_choice--1">
        <ngml:text><![CDATA[In summary, renting an apartment is cheaper than buying a home.]]></ngml:text>
      </simpleChoice>
      <simpleChoice identifier="i_2--multiple_choice--2">
        <ngml:text><![CDATA[In conclusion, I'm sure you can understand why most Americans still dream of buying their own home.]]></ngml:text>
      </simpleChoice>
    </choiceInteraction>
  </itemBody>
  <ngml:feedbacks>
    <ngml:feedback type="generic" responseIdentifier="RESPONSE">
      <ngml:feedbackResponse>
        <ngml:text><![CDATA[A good concluding sentence restates the main idea, summarizes the main points in the paragraph, or offers final thoughts on the topic.]]></ngml:text>
      </ngml:feedbackResponse>
    </ngml:feedback>
  </ngml:feedbacks>
</assessmentItem>