<?xml version="1.0" encoding="utf-8"?>
<assessmentItem xmlns:xsi="http://www.w3.org/2001/XMLSchema-instance" xmlns:ngml="http://ioki.com.pl/schema/imsqti_v2p1" xsi:schemaLocation="http://www.imsglobal.org/xsd/imsqti_v2p1 ../../ngml-namespace/imsqti_v2p1_ngml.xsd" title="item-i_3" identifier="i_3" timeDependent="false" adaptive="false" xmlns="http://www.imsglobal.org/xsd/imsqti_v2p1">
  <ngml:question version="13" uid="1005000170000001891" type="single-choice" orientation="vertical" example="false" scoringAlgorithm="dichotomous" />
  <responseDeclaration identifier="RESPONSE" cardinality="single" baseType="identifier">
    <correctResponse>
      <value>i_3--multiple_choice--2</value>
    </correctResponse>
  </responseDeclaration>
  <itemBody>
    <ngml:text><![CDATA[Topic sentence: Recent research suggests that drinking coffee may be good for people's health.<BR/>Supporting points:<BR/>• It helps to prevent type 2 diabetes.<BR/>• It seems to lower the risk of some types of cancer.<BR/>• It helps lower depression in some people.<BR/>• It helps people concentrate.<BR/>]]></ngml:text>
    <choiceInteraction responseIdentifier="RESPONSE" shuffle="false" maxChoices="1">
      <simpleChoice identifier="i_3--multiple_choice--0">
        <ngml:text><![CDATA[In addition, nothing tastes better than a cup of coffee in the morning.]]></ngml:text>
      </simpleChoice>
      <simpleChoice identifier="i_3--multiple_choice--1">
        <ngml:text><![CDATA[On the other hand, the caffeine in coffee makes some people nervous.]]></ngml:text>
      </simpleChoice>
      <simpleChoice identifier="i_3--multiple_choice--2">
        <ngml:text><![CDATA[So enjoy your morning cup of coffee—it's good for you!]]></ngml:text>
      </simpleChoice>
    </choiceInteraction>
  </itemBody>
  <ngml:feedbacks>
    <ngml:feedback type="generic" responseIdentifier="RESPONSE">
      <ngml:feedbackResponse>
        <ngml:text><![CDATA[A good concluding sentence restates the main idea, summarizes the main points in the paragraph, or offers final thoughts on the topic.]]></ngml:text>
      </ngml:feedbackResponse>
    </ngml:feedback>
  </ngml:feedbacks>
</assessmentItem>