<?xml version="1.0" encoding="utf-8"?>
<assessmentTest xmlns:xsi="http://www.w3.org/2001/XMLSchema-instance" xmlns:ngml="http://ioki.com.pl/schema/imsqti_v2p1" xsi:schemaLocation="http://www.imsglobal.org/xsd/imsqti_v2p1 ../../ngml-namespace/imsqti_v2p1_ngml.xsd" title="Practice 2" identifier="n_218" xmlns="http://www.imsglobal.org/xsd/imsqti_v2p1">
  <ngml:activity type="homework" time="00:00:00" globalId="6d14a901-c418-4b7f-bab6-78b0bde9029c" no-submit="false" checkPunctuation="false" caseSensitivity="false" uid="1001000170000028229" version="6" />
  <ngml:title><![CDATA[Practice 2]]></ngml:title>
  <testPart identifier="p_1" navigationMode="linear" submissionMode="individual">
    <assessmentSection identifier="section_1" ngml:version="6" ngml:uid="1001000170000028230" visible="true" ngml:pageBreak="false" title="Practice 2" ngml:layoutHeight="518" ngml:autonumbering="false">
      <ngml:title><![CDATA[Practice 2]]></ngml:title>
      <ngml:tips>
        <ngml:tip>
          <ngml:text><![CDATA[<B>Prepositions of Time</B><BR/><BR/>Prepositions link nouns, pronouns, and phrases to other words in a sentence.<BR/><BR/>Prepositions of time tell us <I>when</I> something happens. The most common prepositions of time include <I>in</I>, <I>on</I>, <I>at</I>, and <I>from</I>… <I>to</I>.]]></ngml:text>
          <ngml:asset identifier="n_218--p_1--tip_1366271675790--block_0--ref_1366271912529" type="image" src="http://media.pearsoncmg.com/intl/elt/compose/mel_writing_2/WL2_G_PT_P2.jpg" shortVersion="false" />
        </ngml:tip>
      </ngml:tips>
      <ngml:rubric>
        <ngml:text><![CDATA[Complete the sentences using <I>in</I>, <I>on</I>, <I>at</I>, or <I>from… to</I>.]]></ngml:text>
      </ngml:rubric>
      <assessmentItemRef identifier="i_1" href="i_1.xml" ngml:layoutX="-3" ngml:layoutY="0" ngml:layoutWidth="286" ngml:layoutHeight="69" ngml:itemEnumeration="1" />
      <assessmentItemRef identifier="i_10" href="i_10.xml" ngml:layoutX="372" ngml:layoutY="352" ngml:layoutWidth="280" ngml:layoutHeight="62" ngml:itemEnumeration="10" />
      <assessmentItemRef identifier="i_11" href="i_11.xml" ngml:layoutX="-3" ngml:layoutY="426" ngml:layoutWidth="280" ngml:layoutHeight="62" ngml:itemEnumeration="11" />
      <assessmentItemRef identifier="i_2" href="i_2.xml" ngml:layoutX="372" ngml:layoutY="0" ngml:layoutWidth="280" ngml:layoutHeight="62" ngml:itemEnumeration="2" />
      <assessmentItemRef identifier="i_3" href="i_3.xml" ngml:layoutX="-3" ngml:layoutY="81" ngml:layoutWidth="280" ngml:layoutHeight="109" ngml:itemEnumeration="3" />
      <assessmentItemRef identifier="i_4" href="i_4.xml" ngml:layoutX="372" ngml:layoutY="81" ngml:layoutWidth="280" ngml:layoutHeight="33" ngml:itemEnumeration="4" />
      <assessmentItemRef identifier="i_5" href="i_5.xml" ngml:layoutX="-3" ngml:layoutY="203" ngml:layoutWidth="280" ngml:layoutHeight="62" ngml:itemEnumeration="5" />
      <assessmentItemRef identifier="i_6" href="i_6.xml" ngml:layoutX="372" ngml:layoutY="203" ngml:layoutWidth="280" ngml:layoutHeight="62" ngml:itemEnumeration="6" />
      <assessmentItemRef identifier="i_7" href="i_7.xml" ngml:layoutX="-3" ngml:layoutY="278" ngml:layoutWidth="280" ngml:layoutHeight="62" ngml:itemEnumeration="7" />
      <assessmentItemRef identifier="i_8" href="i_8.xml" ngml:layoutX="372" ngml:layoutY="278" ngml:layoutWidth="280" ngml:layoutHeight="62" ngml:itemEnumeration="8" />
      <assessmentItemRef identifier="i_9" href="i_9.xml" ngml:layoutX="-3" ngml:layoutY="352" ngml:layoutWidth="280" ngml:layoutHeight="33" ngml:itemEnumeration="9" />
    </assessmentSection>
  </testPart>
</assessmentTest>