<?xml version="1.0" encoding="utf-8"?>
<assessmentItem xmlns:xsi="http://www.w3.org/2001/XMLSchema-instance" xmlns:ngml="http://ioki.com.pl/schema/imsqti_v2p1" xsi:schemaLocation="http://www.imsglobal.org/xsd/imsqti_v2p1 ../../ngml-namespace/imsqti_v2p1_ngml.xsd" title="item-i_3" identifier="i_3" timeDependent="false" adaptive="false" xmlns="http://www.imsglobal.org/xsd/imsqti_v2p1">
  <ngml:question version="9" uid="1001000170000028233" type="fillin" orientation="vertical" example="false" scoringAlgorithm="dichotomous" />
  <responseDeclaration identifier="RESPONSE_1" cardinality="single" baseType="identifier">
    <correctResponse>
      <value>On</value>
    </correctResponse>
  </responseDeclaration>
  <itemBody>
    <ngmlDialog>
      <ngmlDialogLine>
        <ngmlActor>
          <ngml:text><![CDATA[A:]]></ngml:text>
        </ngmlActor>
        <ngml:text><![CDATA[Where are you going for the holidays?]]></ngml:text>
        <ngml:text><![CDATA[<BR/>]]></ngml:text>
      </ngmlDialogLine>
      <ngmlDialogLine>
        <ngmlActor>
          <ngml:text><![CDATA[B:]]></ngml:text>
        </ngmlActor>
        <textEntryInteraction responseIdentifier="RESPONSE_1" ngml:gapSize="narrow" />
        <ngml:text><![CDATA[ Christmas day we're going to be with my parents.]]></ngml:text>
        <ngml:text><![CDATA[<BR/>]]></ngml:text>
      </ngmlDialogLine>
    </ngmlDialog>
  </itemBody>
  <ngml:feedbacks>
    <ngml:feedback type="generic" responseIdentifier="RESPONSE_1">
      <ngml:feedbackResponse>
        <ngml:text><![CDATA[Christmas is a holiday. Which preposition do we use for holidays?]]></ngml:text>
      </ngml:feedbackResponse>
    </ngml:feedback>
  </ngml:feedbacks>
</assessmentItem>