<?xml version="1.0" encoding="utf-8"?>
<assessmentTest xmlns:xsi="http://www.w3.org/2001/XMLSchema-instance" xmlns:ngml="http://ioki.com.pl/schema/imsqti_v2p1" xsi:schemaLocation="http://www.imsglobal.org/xsd/imsqti_v2p1 ../../ngml-namespace/imsqti_v2p1_ngml.xsd" title="Appendix 5 Coordinating Conjunctions" identifier="n_201" xmlns="http://www.imsglobal.org/xsd/imsqti_v2p1">
  <ngml:activity type="homework" time="00:00:00" globalId="f0d1c934-d63b-4540-bfc3-20c4563cf27d" no-submit="false" checkPunctuation="false" caseSensitivity="false" uid="1003000170000000352" version="9" />
  <ngml:title><![CDATA[Appendix 5 Coordinating Conjunctions]]></ngml:title>
  <testPart identifier="p_1" navigationMode="linear" submissionMode="individual">
    <assessmentSection identifier="section_1" ngml:version="9" ngml:uid="1004000170000000431" visible="true" ngml:pageBreak="false" title="Appendix 5 Coordinating Conjunctions" ngml:layoutHeight="417" ngml:autonumbering="false">
      <ngml:title><![CDATA[Appendix 5 Coordinating Conjunctions]]></ngml:title>
      <ngml:rubric>
        <ngml:text><![CDATA[]]></ngml:text>
      </ngml:rubric>
      <ngml:referenceObjects>
        <ngml:referenceObject layoutX="125" layoutY="77" layoutWidth="450" layoutHeight="273">
          <ngml:asset identifier="n_201--p_1--s_1--block_0--ref_1366193464322" type="image" src="http://media.pearsoncmg.com/intl/elt/compose/mel_writing_2/WL2_A_CC.jpg" shortVersion="false" layoutWidth="0" layoutHeight="0" />
        </ngml:referenceObject>
        <ngml:referenceObject layoutX="0" layoutY="0" layoutWidth="700" layoutHeight="77">
          <ngml:text><![CDATA[<B>Coordinating Conjunctions</B><BR/><BR/>The coordinating conjunctions are <B>and</B>, <B>or</B>, <B>but</B>, and <B>so</B>. Use them to connect words, phrases, or clauses.]]></ngml:text>
        </ngml:referenceObject>
      </ngml:referenceObjects>
    </assessmentSection>
  </testPart>
</assessmentTest>