<?xml version="1.0" encoding="utf-8"?>
<assessmentTest xmlns:xsi="http://www.w3.org/2001/XMLSchema-instance" xmlns:ngml="http://ioki.com.pl/schema/imsqti_v2p1" xsi:schemaLocation="http://www.imsglobal.org/xsd/imsqti_v2p1 ../../ngml-namespace/imsqti_v2p1_ngml.xsd" title="Giving Instructions" identifier="n_247" xmlns="http://www.imsglobal.org/xsd/imsqti_v2p1">
  <ngml:activity type="homework" time="00:50:00" globalId="665aff22-a319-42b8-acc8-9f5c717818a4" no-submit="false" checkPunctuation="false" caseSensitivity="false" uid="1003000170000000333" version="14" />
  <ngml:title><![CDATA[Giving Instructions]]></ngml:title>
  <testPart identifier="p_1" navigationMode="linear" submissionMode="individual">
    <assessmentSection identifier="section_1" ngml:version="14" ngml:uid="1004000170000000412" visible="true" ngml:pageBreak="false" title="Giving Instructions" ngml:layoutHeight="1531" ngml:autonumbering="false">
      <ngml:title><![CDATA[Giving Instructions]]></ngml:title>
      <ngml:tips>
        <ngml:tip>
          <ngml:text><![CDATA[<B>Model Paragraph</B><BR/><BR/><B>How to Pack for a Camping Trip</B><BR/><B></B><BR/>Packing for a camping trip in the mountains is easy if you follow these steps. First, check your equipment. Make sure your tent, sleeping bag, camp stove, and flashlights are in good condition. Before you go on your trip, practice putting up your tent and using your camp stove. That way, you won't have any problems when you get to your campsite. Second, pack the right clothes. Check the weather before you go, and make sure to bring warm clothes like long underwear, socks, and a wool hat. Bring a rain poncho with a hood since it may rain. Don't bring cotton clothes. If they get wet, they stay wet for a long time. Next, be organized when you pack. Divide your things into a lot of small cloth bags. You can even put clothes in one of them and use it as a pillow, and then you won't need to carry an extra pillow with you. Finally, plan your food and water. The day before the trip, make a trail mix of raisins, peanuts, chocolate, and dried fruit. Bring things that are easy to cook on a camp stove, like instant rice, beans, oats, and pasta. You should also go to a camping store and buy special tablets to clean your drinking water. This way, you don't have to carry a lot of water with you. In summary, if you follow these instructions and spend the time to prepare well, you will have an enjoyable camping trip with no unpleasant surprises.]]></ngml:text>
        </ngml:tip>
      </ngml:tips>
      <ngml:rubric>
        <ngml:text><![CDATA[Write a paragraph about one of the topics listed below (or the topic your teacher assigns). You will have 50 minutes.<BR/>1. Give instructions on how to be well prepared to take a test.<BR/>2. Give instructions for how to prepare to go through security at the airport before a flight.<BR/>3. Give instructions for how to behave when visiting another country.<BR/><B></B><BR/><B>Editing Checklist</B><BR/><UL><LI>Are the grammar, sentence structure, mechanics, and punctuation correct?</LI></UL><UL><LI>Is the vocabulary appropriate? Are the words spelled correctly?</LI></UL><UL><LI>Is the paragraph well organized, well developed, and clear?</LI></UL>]]></ngml:text>
      </ngml:rubric>
      <ngml:referenceObjects>
        <ngml:referenceObject layoutX="0" layoutY="0" layoutWidth="700" layoutHeight="598">
          <ngml:text><![CDATA[<div class='reading-frame'><B>Giving Instructions</B><BR/><BR/>Paragraphs that give instructions are sometimes called “how to” paragraphs because they explain how to do or make something. <BR/><BR/>An instruction paragraph should include these parts: <BR/><B></B><BR/><B>The topic sentence:</B> The topic sentence should name the topic and say that the paragraph will give instructions about it. Key words to include in the topic sentence are steps, instructions, advice, process. For example:<BR/><UL><LI>To make a delicious bean dip for chips, follow these easy steps. </LI></UL><UL><LI>You can avoid jet lag when travelling overseas if you follow my advice.</LI></UL><BR/><B>Supporting sentences:</B> Divide the instructions into a list of steps or suggestions. Name each one. Then explain each of them in one or two  sentences. Introduce each new step with transitions such as <I>first</I>, <I>second</I>, <I>also</I>, <I>in addition</I>, and <I>finally</I>. <BR/><BR/>Use the command form of verbs to give instructions. For example:<BR/><UL><LI>Check your equipment before you leave.</LI></UL><UL><LI>Don’t pack cotton clothes.</LI></UL><BR/><B>A concluding sentence: </B>Restate or refer back to the topic sentence and state what positive result will happen if the reader follows the steps you have described. <BR/><BR/>Click on the light bulb for a model paragraph.</div>]]></ngml:text>
        </ngml:referenceObject>
      </ngml:referenceObjects>
      <assessmentItemRef identifier="i_2" href="i_2.xml" ngml:layoutX="0" ngml:layoutY="605" ngml:layoutWidth="646" ngml:layoutHeight="882" />
    </assessmentSection>
  </testPart>
</assessmentTest>