<?xml version="1.0" encoding="utf-8"?>
<assessmentTest xmlns:xsi="http://www.w3.org/2001/XMLSchema-instance" xmlns:ngml="http://ioki.com.pl/schema/imsqti_v2p1" xsi:schemaLocation="http://www.imsglobal.org/xsd/imsqti_v2p1 ../../ngml-namespace/imsqti_v2p1_ngml.xsd" title="Appendix 12 Adverbs of Frequency and Manner" identifier="n_208" xmlns="http://www.imsglobal.org/xsd/imsqti_v2p1">
  <ngml:activity type="homework" time="00:00:00" globalId="69aa58de-96cf-4730-8ff3-d4c55d8110e8" no-submit="false" checkPunctuation="false" caseSensitivity="false" uid="1003000170000000362" version="10" />
  <ngml:title><![CDATA[Appendix 12 Adverbs of Frequency and Manner]]></ngml:title>
  <testPart identifier="p_1" navigationMode="linear" submissionMode="individual">
    <assessmentSection identifier="section_1" ngml:version="9" ngml:uid="1004000170000000441" visible="true" ngml:pageBreak="false" title="Appendix 12 Adverbs of Frequency and Manner" ngml:layoutHeight="882" ngml:autonumbering="false">
      <ngml:title><![CDATA[Appendix 12 Adverbs of Frequency and Manner]]></ngml:title>
      <ngml:rubric>
        <ngml:text><![CDATA[]]></ngml:text>
      </ngml:rubric>
      <ngml:referenceObjects>
        <ngml:referenceObject layoutX="50" layoutY="504" layoutWidth="600" layoutHeight="291">
          <ngml:asset identifier="n_208--p_1--s_1--block_0--ref_1366195798866" type="image" src="http://media.pearsoncmg.com/intl/elt/compose/mel_writing_2/W2_A_AOM.jpg" shortVersion="false" layoutWidth="0" layoutHeight="0" />
        </ngml:referenceObject>
        <ngml:referenceObject layoutX="0" layoutY="420" layoutWidth="700" layoutHeight="52">
          <ngml:text><![CDATA[<B>Adverbs of Manner</B><BR/><BR/>Adverbs of manner give information about verbs. They tell <I>how</I> you do something.]]></ngml:text>
        </ngml:referenceObject>
        <ngml:referenceObject layoutX="0" layoutY="0" layoutWidth="700" layoutHeight="90">
          <ngml:text><![CDATA[<B>Adverbs of Frequency and Manner</B><BR/><B></B><BR/><B>Adverbs of frequency</B><BR/><BR/>Here are some general rules for placing adverbs of frequency in a sentence.]]></ngml:text>
        </ngml:referenceObject>
        <ngml:referenceObject layoutX="125" layoutY="122" layoutWidth="450" layoutHeight="266">
          <ngml:asset identifier="n_208--p_1--s_1--block_0--ref_1366195719807" type="image" src="http://media.pearsoncmg.com/intl/elt/compose/mel_writing_2/W2_A_AOF.jpg" shortVersion="false" layoutWidth="0" layoutHeight="0" />
        </ngml:referenceObject>
      </ngml:referenceObjects>
    </assessmentSection>
  </testPart>
</assessmentTest>