<?xml version="1.0" encoding="utf-8"?>
<assessmentTest xmlns:xsi="http://www.w3.org/2001/XMLSchema-instance" xmlns:ngml="http://ioki.com.pl/schema/imsqti_v2p1" xsi:schemaLocation="http://www.imsglobal.org/xsd/imsqti_v2p1 ../../ngml-namespace/imsqti_v2p1_ngml.xsd" title="Practice 1" identifier="n_223" xmlns="http://www.imsglobal.org/xsd/imsqti_v2p1">
  <ngml:activity type="homework" time="00:00:00" globalId="c5912ae0-ec9f-4556-b002-b567abd5b17d" no-submit="false" checkPunctuation="false" caseSensitivity="false" uid="1001000170000018158" version="8" />
  <ngml:title><![CDATA[Practice 1]]></ngml:title>
  <testPart identifier="p_1" navigationMode="linear" submissionMode="individual">
    <assessmentSection identifier="section_1" ngml:version="7" ngml:uid="1001000170000018159" visible="true" ngml:pageBreak="false" title="Practice 1" ngml:layoutHeight="434" ngml:autonumbering="false">
      <ngml:title><![CDATA[Practice 1]]></ngml:title>
      <ngml:tips>
        <ngml:tip>
          <ngml:text><![CDATA[<B>Expressing Opinions</B><BR/><BR/>An opinion is a belief. Opinions are different from facts. Facts are true<BR/>statements that can be checked. You can disagree with an opinion, but you<BR/>cannot disagree with a fact.<BR/><BR/>In an opinion paragraph, your purpose is to persuade people to agree with<BR/>you, to take action, or to change their behavior. An opinion paragraph has<BR/>these parts:<BR/><BR/>• <B>Topic sentence:</B> This sentence states the topic and your opinion about it.<BR/>• <B>Supporting sentences:</B> These sentences give reasons to support your<BR/>opinion. List your reasons and include facts or examples to support each<BR/>one.<BR/>• <B>Concluding sentence:</B> Restate your opinion, remind your reader of your<BR/>reasons, or, if you like, give advice using the words <I>should</I> or <I>should not</I>.<BR/><BR/>You can use these signal words and phrases in an opinion paragraph:]]></ngml:text>
          <ngml:asset identifier="n_223--p_1--tip_1366274059038--block_0--ref_1366274198060" type="image" src="http://media.pearsoncmg.com/intl/elt/compose/mel_writing_2/WL2_PO_EO_P1.jpg" shortVersion="false" />
        </ngml:tip>
      </ngml:tips>
      <ngml:rubric>
        <ngml:text><![CDATA[In each outline, click on three reasons that support the opinion in the topic sentence.]]></ngml:text>
      </ngml:rubric>
      <assessmentItemRef identifier="i_1" href="i_1.xml" ngml:layoutX="0" ngml:layoutY="0" ngml:layoutWidth="770" ngml:layoutHeight="188" />
      <assessmentItemRef identifier="i_2" href="i_2.xml" ngml:layoutX="0" ngml:layoutY="220" ngml:layoutWidth="770" ngml:layoutHeight="164" />
    </assessmentSection>
  </testPart>
</assessmentTest>