<?xml version="1.0" encoding="utf-8"?>
<assessmentItem xmlns:xsi="http://www.w3.org/2001/XMLSchema-instance" xmlns:ngml="http://ioki.com.pl/schema/imsqti_v2p1" xsi:schemaLocation="http://www.imsglobal.org/xsd/imsqti_v2p1 ../../ngml-namespace/imsqti_v2p1_ngml.xsd" title="item-i_1" identifier="i_1" timeDependent="false" adaptive="false" xmlns="http://www.imsglobal.org/xsd/imsqti_v2p1">
  <ngml:question version="14" uid="1001000170000018160" type="multiple-underline" orientation="vertical" example="false" scoringAlgorithm="dichotomous" />
  <responseDeclaration identifier="RESPONSE_0" cardinality="multiple" baseType="identifier">
    <correctResponse>
      <value>i_1--underline--0</value>
      <value>i_1--underline--1</value>
      <value>i_1--underline--2</value>
    </correctResponse>
  </responseDeclaration>
  <itemBody>
    <ngml:text><![CDATA[<U>Paragraph 1</U>]]></ngml:text>
    <ngml:text><![CDATA[<BR/>]]></ngml:text>
    <ngml:text><![CDATA[<B>Topic sentence: </B>]]></ngml:text>
    <ngml:text><![CDATA[Some parents believe that spanking is an effective way to discipline children, but I think spanking is very harmful to children.]]></ngml:text>
    <ngml:text><![CDATA[<BR/>]]></ngml:text>
    <ngml:hottextInteraction responseIdentifier="RESPONSE_0" maxChoices="0" example="false">
      <ngml:hottext identifier="i_1--underline--0">
        <ngml:text><![CDATA[Spanking teaches children that it is OK to hit someone if you don't like what they are doing.]]></ngml:text>
      </ngml:hottext>
      <ngml:text><![CDATA[<BR/>]]></ngml:text>
      <ngml:hottext identifier="i_1--underline--1">
        <ngml:text><![CDATA[Spanking is painful and cruel.]]></ngml:text>
      </ngml:hottext>
      <ngml:text><![CDATA[<BR/>]]></ngml:text>
      <ngml:hottext identifier="i_1--underline--3">
        <ngml:text><![CDATA[Spanking is a normal form of discipline in many cultures.]]></ngml:text>
      </ngml:hottext>
      <ngml:text><![CDATA[<BR/>]]></ngml:text>
      <ngml:hottext identifier="i_1--underline--4">
        <ngml:text><![CDATA[When I was a child, my mother spanked me if I was rude.]]></ngml:text>
      </ngml:hottext>
      <ngml:text><![CDATA[<BR/>]]></ngml:text>
      <ngml:hottext identifier="i_1--underline--2">
        <ngml:text><![CDATA[Spanking does not teach children how to correct their behavior.]]></ngml:text>
      </ngml:hottext>
      <ngml:text><![CDATA[<BR/>]]></ngml:text>
      <ngml:hottext identifier="i_1--underline--5">
        <ngml:text><![CDATA[Spanking harms parents by making them feel like bullies.]]></ngml:text>
      </ngml:hottext>
    </ngml:hottextInteraction>
  </itemBody>
  <ngml:feedbacks>
    <ngml:feedback type="wrong-answer-specific" location="i_1--underline--4" responseIdentifier="RESPONSE_0">
      <ngml:condition>
        <ngml:valueExists>i_1--underline--4</ngml:valueExists>
      </ngml:condition>
      <ngml:feedbackResponse>
        <ngml:text><![CDATA[This is an opinion paragraph about the effects of spanking on children. Does this sentence support the author's opinion in the topic sentence?]]></ngml:text>
      </ngml:feedbackResponse>
    </ngml:feedback>
    <ngml:feedback type="generic" responseIdentifier="RESPONSE_0">
      <ngml:feedbackResponse>
        <ngml:text><![CDATA[This is an opinion paragraph about the effects of spanking on children. All sentences must support the author's opinion in the topic sentence.]]></ngml:text>
      </ngml:feedbackResponse>
    </ngml:feedback>
  </ngml:feedbacks>
</assessmentItem>