<?xml version="1.0" encoding="utf-8"?>
<assessmentItem xmlns:xsi="http://www.w3.org/2001/XMLSchema-instance" xmlns:ngml="http://ioki.com.pl/schema/imsqti_v2p1" xsi:schemaLocation="http://www.imsglobal.org/xsd/imsqti_v2p1 ../../ngml-namespace/imsqti_v2p1_ngml.xsd" title="item-i_2" identifier="i_2" timeDependent="false" adaptive="false" xmlns="http://www.imsglobal.org/xsd/imsqti_v2p1">
  <ngml:question version="14" uid="1001000170000018161" type="multiple-underline" orientation="vertical" example="false" scoringAlgorithm="dichotomous" />
  <responseDeclaration identifier="RESPONSE_0" cardinality="multiple" baseType="identifier">
    <correctResponse>
      <value>i_2--underline--0</value>
      <value>i_2--underline--1</value>
      <value>i_2--underline--2</value>
    </correctResponse>
  </responseDeclaration>
  <itemBody>
    <ngml:text><![CDATA[<U>Paragraph 2</U>]]></ngml:text>
    <ngml:text><![CDATA[<BR/>]]></ngml:text>
    <ngml:text><![CDATA[<B>Topic sentence: </B>]]></ngml:text>
    <ngml:text><![CDATA[I believe public schools should offer art education to children for three reasons.]]></ngml:text>
    <ngml:text><![CDATA[<BR/>]]></ngml:text>
    <ngml:hottextInteraction responseIdentifier="RESPONSE_0" maxChoices="0" example="false">
      <ngml:hottext identifier="i_2--underline--5">
        <ngml:text><![CDATA[Parents, not public schools, should pay for children to learn music, drawing, dance, and other arts.]]></ngml:text>
      </ngml:hottext>
      <ngml:text><![CDATA[<BR/>]]></ngml:text>
      <ngml:hottext identifier="i_2--underline--0">
        <ngml:text><![CDATA[According to research, art helps children develop every part of their brains.]]></ngml:text>
      </ngml:hottext>
      <ngml:text><![CDATA[<BR/>]]></ngml:text>
      <ngml:hottext identifier="i_2--underline--1">
        <ngml:text><![CDATA[Art helps children learn academic skills. For example, music and drawing can help students learn mathematics.]]></ngml:text>
      </ngml:hottext>
      <ngml:text><![CDATA[<BR/>]]></ngml:text>
      <ngml:hottext identifier="i_2--underline--4">
        <ngml:text><![CDATA[Because of budget problems, schools all over the country have cut classes in art and sports.]]></ngml:text>
      </ngml:hottext>
      <ngml:text><![CDATA[<BR/>]]></ngml:text>
      <ngml:hottext identifier="i_2--underline--2">
        <ngml:text><![CDATA[Children who are not good at traditional subjects may develop confidence by participating in art activities.]]></ngml:text>
      </ngml:hottext>
      <ngml:text><![CDATA[<BR/>]]></ngml:text>
      <ngml:hottext identifier="i_2--underline--3">
        <ngml:text><![CDATA[However, I think it's a bad idea to give children grades on their art projects.]]></ngml:text>
      </ngml:hottext>
    </ngml:hottextInteraction>
  </itemBody>
  <ngml:feedbacks>
    <ngml:feedback type="generic" responseIdentifier="RESPONSE_0">
      <ngml:feedbackResponse>
        <ngml:text><![CDATA[The author of this paragraph will explain why he or she thinks schools should offer art education to children. All sentences should support the author's opinion.]]></ngml:text>
      </ngml:feedbackResponse>
    </ngml:feedback>
  </ngml:feedbacks>
</assessmentItem>