<?xml version="1.0" encoding="utf-8"?>
<assessmentTest xmlns:xsi="http://www.w3.org/2001/XMLSchema-instance" xmlns:ngml="http://ioki.com.pl/schema/imsqti_v2p1" xsi:schemaLocation="http://www.imsglobal.org/xsd/imsqti_v2p1 ../../ngml-namespace/imsqti_v2p1_ngml.xsd" title="Listing Qualities" identifier="n_249" xmlns="http://www.imsglobal.org/xsd/imsqti_v2p1">
  <ngml:activity type="homework" time="00:50:00" globalId="36bb1bb5-1f1a-4345-9f90-502f372ebb62" no-submit="false" checkPunctuation="false" caseSensitivity="false" uid="1003000170000000336" version="14" />
  <ngml:title><![CDATA[Listing Qualities]]></ngml:title>
  <testPart identifier="p_1" navigationMode="linear" submissionMode="individual">
    <assessmentSection identifier="section_1" ngml:version="13" ngml:uid="1004000170000000415" visible="true" ngml:pageBreak="false" title="Listing Qualities" ngml:layoutHeight="1552" ngml:autonumbering="false">
      <ngml:title><![CDATA[Listing Qualities]]></ngml:title>
      <ngml:tips>
        <ngml:tip>
          <ngml:text><![CDATA[<B>Model Paragraph</B><BR/><B></B><BR/><B>What's a Good Hairstylist?</B><BR/><B></B><BR/>Good hairstylists have four important characteristics. First of all, they need to have excellent training. Because hair fashions change all the time, skilled stylists take the time to learn about modern styles and haircutting methods. Second, good hairstylists know how to listen to their customers. They pay close attention to what their customers say they want and don't want. If customers aren't sure or don't know how to communicate clearly, good stylists will ask questions or show photos to help customers decide. In addition, good hairstylists take their time. They work slowly in order to avoid mistakes. One of the biggest mistakes is cutting hair too short. Stylists who work slowly and carefully make sure this mistake does not happen. Finally, good hairstylists are friendly and outgoing. They know how to make their customers feel comfortable by starting interesting conversations with them. This can help nervous customers feel relaxed and confident. In summary, if you look for a hairstylist who is well-trained, good at listening, careful, and friendly, you will probably be very pleased with the haircut you receive.]]></ngml:text>
        </ngml:tip>
      </ngml:tips>
      <ngml:rubric>
        <ngml:text><![CDATA[Write a paragraph about one of the topics listed below (or the topic your teacher assigns). You will have 50 minutes.<BR/>1. Describe three or four characteristics of a successful businessperson.<BR/>2. Describe several advantages or disadvantages of living in a large city.<BR/>3. Describe several different kinds of drivers.<BR/><B></B><BR/><B>Editing Checklist</B><BR/><UL><LI>Are the grammar, sentence structure, mechanics, and punctuation correct?</LI></UL><UL><LI>Is the vocabulary appropriate? Are the words spelled correctly?</LI><LI>Is the paragraph well organized, well developed, and clear?</LI></UL>]]></ngml:text>
      </ngml:rubric>
      <ngml:referenceObjects>
        <ngml:referenceObject layoutX="0" layoutY="0" layoutWidth="700" layoutHeight="640">
          <ngml:text><![CDATA[<div class='reading-frame'><B>Listing Qualities</B><BR/><BR/>Listing order is used very often in English. In this type of organization, you select a topic and a specific focus for developing the topic (known as a <B>controlling idea</B>). You then divide the focus into a number of separate points such as characteristics, types, benefits, reasons, and so on. <BR/><BR/>A listing-order paragraph should include these parts: <BR/><BR/><B>The topic sentence: </B>The topic sentence should name the topic and the controlling idea and state how you will divide it into sections. For example:<BR/><BR/><UL><LI>A city bus driver needs to have three important qualities.</LI></UL><UL><LI>There are three benefits to having a parrot as a pet.</LI></UL><UL><LI>Olympic sports can be divided into two groups: team sports and individual sports. </LI></UL><BR/><B>Supporting sentences:</B> Name each point and explain it in one or two sentences. Separate the points with listing-order transitions such as <I>first</I>, <I>second</I>, <I>next</I>, <I>in addition</I>, and <I>finally</I>. <BR/><BR/><B>The concluding sentence:</B> Restate or summarize the points you listed, and add a memorable final statement. <BR/><BR/>Following are some common ways of dividing listing-order paragraphs:<BR/><BR/>characteristics / qualities / advantages (benefits) / disadvantages<BR/>types / kinds / ways, methods / systems<BR/><BR/>Click on the light bulb for a model paragraph.</div>]]></ngml:text>
        </ngml:referenceObject>
      </ngml:referenceObjects>
      <assessmentItemRef identifier="i_2" href="i_2.xml" ngml:layoutX="0" ngml:layoutY="626" ngml:layoutWidth="646" ngml:layoutHeight="882" />
    </assessmentSection>
  </testPart>
</assessmentTest>