<?xml version="1.0" encoding="utf-8"?>
<assessmentTest xmlns:xsi="http://www.w3.org/2001/XMLSchema-instance" xmlns:ngml="http://ioki.com.pl/schema/imsqti_v2p1" xsi:schemaLocation="http://www.imsglobal.org/xsd/imsqti_v2p1 ../../ngml-namespace/imsqti_v2p1_ngml.xsd" title="Practice 1" identifier="n_108" xmlns="http://www.imsglobal.org/xsd/imsqti_v2p1">
  <ngml:activity type="homework" time="00:00:00" globalId="fb19dbb5-bf4e-4eeb-8bcf-4cec38e419d6" no-submit="false" checkPunctuation="false" caseSensitivity="false" uid="1003000170000000151" version="8" />
  <ngml:title><![CDATA[Practice 1]]></ngml:title>
  <testPart identifier="p_1" navigationMode="linear" submissionMode="individual">
    <assessmentSection identifier="section_1" ngml:version="7" ngml:uid="1004000170000000201" visible="true" ngml:pageBreak="false" title="Practice 1" ngml:layoutHeight="1007" ngml:autonumbering="false">
      <ngml:title><![CDATA[Practice 1]]></ngml:title>
      <ngml:tips>
        <ngml:tip>
          <ngml:text><![CDATA[<B>Commas for Items in a Series</B><BR/><BR/>A series is a group of three or more nouns, verbs, or adjectives. <BR/><BR/>Follow these rules for using commas with items in a series.]]></ngml:text>
          <ngml:asset identifier="n_108--p_1--tip_1363761760986--block_0--ref_1363761764929" type="image" src="http://media.pearsoncmg.com/intl/elt/compose/mel_writing_2/WL2_PM_CIS_P1.jpg" shortVersion="false" />
        </ngml:tip>
      </ngml:tips>
      <ngml:rubric>
        <ngml:text><![CDATA[Read the sentences. Look at punctuation. Are commas used or omitted in the right places?  Click <I>Correct</I> or <I>Incorrect</I>.]]></ngml:text>
      </ngml:rubric>
      <assessmentItemRef identifier="i_1" href="i_1.xml" ngml:layoutX="24" ngml:layoutY="0" ngml:layoutWidth="791" ngml:layoutHeight="75" ngml:itemEnumeration="1" />
      <assessmentItemRef identifier="i_10" href="i_10.xml" ngml:layoutX="24" ngml:layoutY="815" ngml:layoutWidth="770" ngml:layoutHeight="55" ngml:itemEnumeration="10" />
      <assessmentItemRef identifier="i_11" href="i_11.xml" ngml:layoutX="24" ngml:layoutY="902" ngml:layoutWidth="770" ngml:layoutHeight="55" ngml:itemEnumeration="11" />
      <assessmentItemRef identifier="i_2" href="i_2.xml" ngml:layoutX="24" ngml:layoutY="118" ngml:layoutWidth="770" ngml:layoutHeight="55" ngml:itemEnumeration="2" />
      <assessmentItemRef identifier="i_3" href="i_3.xml" ngml:layoutX="24" ngml:layoutY="205" ngml:layoutWidth="770" ngml:layoutHeight="55" ngml:itemEnumeration="3" />
      <assessmentItemRef identifier="i_4" href="i_4.xml" ngml:layoutX="24" ngml:layoutY="292" ngml:layoutWidth="770" ngml:layoutHeight="55" ngml:itemEnumeration="4" />
      <assessmentItemRef identifier="i_5" href="i_5.xml" ngml:layoutX="24" ngml:layoutY="380" ngml:layoutWidth="770" ngml:layoutHeight="55" ngml:itemEnumeration="5" />
      <assessmentItemRef identifier="i_6" href="i_6.xml" ngml:layoutX="24" ngml:layoutY="467" ngml:layoutWidth="770" ngml:layoutHeight="55" ngml:itemEnumeration="6" />
      <assessmentItemRef identifier="i_7" href="i_7.xml" ngml:layoutX="24" ngml:layoutY="554" ngml:layoutWidth="770" ngml:layoutHeight="55" ngml:itemEnumeration="7" />
      <assessmentItemRef identifier="i_8" href="i_8.xml" ngml:layoutX="24" ngml:layoutY="641" ngml:layoutWidth="770" ngml:layoutHeight="55" ngml:itemEnumeration="8" />
      <assessmentItemRef identifier="i_9" href="i_9.xml" ngml:layoutX="24" ngml:layoutY="728" ngml:layoutWidth="770" ngml:layoutHeight="55" ngml:itemEnumeration="9" />
    </assessmentSection>
  </testPart>
</assessmentTest>