<?xml version="1.0" encoding="utf-8"?>
<assessmentTest xmlns:xsi="http://www.w3.org/2001/XMLSchema-instance" xmlns:ngml="http://ioki.com.pl/schema/imsqti_v2p1" xsi:schemaLocation="http://www.imsglobal.org/xsd/imsqti_v2p1 ../../ngml-namespace/imsqti_v2p1_ngml.xsd" title="Writing a Journal Entry" identifier="n_256" xmlns="http://www.imsglobal.org/xsd/imsqti_v2p1">
  <ngml:activity type="homework" time="00:50:00" globalId="74937b55-4429-4260-8351-2c7b17d93736" no-submit="false" checkPunctuation="false" caseSensitivity="false" uid="1001000170000018134" version="16" />
  <ngml:title><![CDATA[Writing a Journal Entry]]></ngml:title>
  <testPart identifier="p_1" navigationMode="linear" submissionMode="individual">
    <assessmentSection identifier="section_1" ngml:version="16" ngml:uid="1001000170000018135" visible="true" ngml:pageBreak="false" title="Writing a Journal Entry" ngml:layoutHeight="1510" ngml:autonumbering="false">
      <ngml:title><![CDATA[Writing a Journal Entry]]></ngml:title>
      <ngml:tips>
        <ngml:tip>
          <ngml:text><![CDATA[<B>Model Paragraph </B><BR/><BR/>Karen Taylor<BR/><BR/>July 17, 2012<BR/><BR/>      Topic:  Write about your first day in a new country.<BR/><BR/>Last year, I went to Poland for three months to study Polish and teach English. It was the first time I traveled abroad. I remember how I felt when the airplane landed. I looked around and everyone was speaking Polish. I didn't speak any Polish except for some small easy phrases, so I felt completely lost. Also, all the signs were in Polish. I didn't see or hear any English anywhere! I was scared. I wondered if I had made the right decision. I walked to the baggage area and saw a middle-aged, smiling woman holding up a sign with my name on it. I guessed she was my host mother. As soon as she saw me, she gave me a huge hug! I felt surprised but much more comfortable after that. We collected my bags and walked to her car. She talked to me the whole way, in Polish. I couldn't understand her, but I liked how she made me feel. As she drove me to her house, she showed me the local sights. I began to feel excited about my three months abroad. My host mother really helped me feel comfortable on my first day in Poland.]]></ngml:text>
        </ngml:tip>
      </ngml:tips>
      <ngml:rubric>
        <ngml:text><![CDATA[Write a journal entry about one of the topics listed below or about the topic your teacher assigns. You will have 50 minutes.<BR/> <BR/>1. Write about what you did today or yesterday.<BR/> <BR/>2. Write about something you learned today.<BR/><B></B><BR/><B>Editing Checklist</B><BR/><UL><LI>Are the grammar, sentence structure, mechanics, and punctuation correct? </LI></UL><UL><LI>Is the vocabulary appropriate? Are the words spelled correctly? </LI></UL><UL><LI>Is the paragraph well organized, well developed, and clear?</LI></UL>]]></ngml:text>
      </ngml:rubric>
      <ngml:referenceObjects>
        <ngml:referenceObject layoutX="0" layoutY="0" layoutWidth="700" layoutHeight="598">
          <ngml:text><![CDATA[<div class='reading-frame'><B>Writing a Journal Entry</B><BR/><BR/>Journal writing is a kind of personal writing. There are different kinds of journals. For example, there are private diaries that only the writer sees. There are also topic journals, in which a teacher may ask you to respond to a question or write about a topic that he or she provides. Topic journals are also called “guided response journals.”<BR/><BR/>Here are general guidelines for journal writing.<BR/><BR/><UL><LI>If you’re writing a diary, keep a special notebook or place on your computer just for writing in your journal. Many people enjoy writing their journals by hand with a special pen.</LI></UL><BR/><UL><LI>Write the date and perhaps your location at the beginning of every journal entry.</LI></UL><BR/><UL><LI>If you’re writing a diary, be creative. For example, try writing in different places, or illustrate your journal entries with drawings.</LI></UL><BR/><UL><LI>If you’re writing a diary, don’t worry too much about spelling, punctuation, or vocabulary. Journal writing is personal. The point is to allow your thoughts and feelings to flow from your mind to the paper. </LI></UL><BR/><UL><LI>If you are writing a topic journal, write your name, the date, and the topic or question at the top of your paper. </LI></UL><BR/>Click on the light bulb for a model journal entry.</div>]]></ngml:text>
        </ngml:referenceObject>
      </ngml:referenceObjects>
      <assessmentItemRef identifier="i_2" href="i_2.xml" ngml:layoutX="0" ngml:layoutY="584" ngml:layoutWidth="646" ngml:layoutHeight="882" />
    </assessmentSection>
  </testPart>
</assessmentTest>