<?xml version="1.0" encoding="utf-8"?>
<assessmentTest xmlns:xsi="http://www.w3.org/2001/XMLSchema-instance" xmlns:ngml="http://ioki.com.pl/schema/imsqti_v2p1" xsi:schemaLocation="http://www.imsglobal.org/xsd/imsqti_v2p1 ../../ngml-namespace/imsqti_v2p1_ngml.xsd" title="Appendix 6 Subject, Object, and Possessive Pronouns and Possessive Adjectives" identifier="n_202" xmlns="http://www.imsglobal.org/xsd/imsqti_v2p1">
  <ngml:activity type="homework" time="00:00:00" globalId="9f095073-c2d6-4fd1-8899-7866bb515e64" no-submit="false" checkPunctuation="false" caseSensitivity="false" uid="1003000170000000353" version="8" />
  <ngml:title><![CDATA[Appendix 6 Subject, Object, and Possessive Pronouns and Possessive Adjectives]]></ngml:title>
  <testPart identifier="p_1" navigationMode="linear" submissionMode="individual">
    <assessmentSection identifier="section_1" ngml:version="8" ngml:uid="1004000170000000432" visible="true" ngml:pageBreak="false" title="Appendix 6 Subject, Object, and Possessive Pronouns and Possessive Adjectives" ngml:layoutHeight="244" ngml:autonumbering="false">
      <ngml:title><![CDATA[Appendix 6 Subject, Object, and Possessive Pronouns and Possessive Adjectives]]></ngml:title>
      <ngml:rubric>
        <ngml:text><![CDATA[]]></ngml:text>
      </ngml:rubric>
      <ngml:referenceObjects>
        <ngml:referenceObject layoutX="125" layoutY="33" layoutWidth="450" layoutHeight="144">
          <ngml:asset identifier="n_202--p_1--s_1--block_0--ref_1366193579493" type="image" src="http://media.pearsoncmg.com/intl/elt/compose/mel_writing_2/WL2_A_SOPPPA.jpg" shortVersion="false" layoutWidth="0" layoutHeight="0" />
        </ngml:referenceObject>
        <ngml:referenceObject layoutX="0" layoutY="0" layoutWidth="700" layoutHeight="33">
          <ngml:text><![CDATA[<B>Subject, Object, and Possessive Pronouns and Possessive Adjectives</B>]]></ngml:text>
        </ngml:referenceObject>
      </ngml:referenceObjects>
    </assessmentSection>
  </testPart>
</assessmentTest>