<?xml version="1.0" encoding="utf-8"?>
<assessmentTest xmlns:xsi="http://www.w3.org/2001/XMLSchema-instance" xmlns:ngml="http://ioki.com.pl/schema/imsqti_v2p1" xsi:schemaLocation="http://www.imsglobal.org/xsd/imsqti_v2p1 ../../ngml-namespace/imsqti_v2p1_ngml.xsd" title="Explaining Causes" identifier="n_253" xmlns="http://www.imsglobal.org/xsd/imsqti_v2p1">
  <ngml:activity type="homework" time="00:50:00" globalId="acda6f19-e3d3-4906-8f1b-551de5373400" no-submit="false" checkPunctuation="false" caseSensitivity="false" uid="1003000170000000337" version="18" />
  <ngml:title><![CDATA[Explaining Causes]]></ngml:title>
  <testPart identifier="p_1" navigationMode="linear" submissionMode="individual">
    <assessmentSection identifier="section_1" ngml:version="18" ngml:uid="1004000170000000416" visible="true" ngml:pageBreak="false" title="Explaining Causes" ngml:layoutHeight="1468" ngml:autonumbering="false">
      <ngml:title><![CDATA[Explaining Causes]]></ngml:title>
      <ngml:tips>
        <ngml:tip>
          <ngml:text><![CDATA[<B>Model Paragraph</B><BR/><BR/><B>Obesity</B><BR/><B></B><BR/>There are several reasons why millions of people are overweight nowadays. First, many people don't exercise enough. They often have to sit in front of a computer all day at work. Then they come home and choose to sit in front of the TV all evening. Because people sit too much without exercising, they get fat. In addition, people often eat a lot of fast food. Maybe they don't have a lot of time to cook healthy meals, so they go to fast food restaurants. People also like fast food since it is very cheap. However, fast food is full of fat and salt, so it makes people gain weight quickly. Another reason why people are overweight is because they drink too much soda. According to nutritionists, one can of soda has as much sugar as a candy bar. Many people drink several cans of soda each day, and all that sugar can make them fat and unhealthy. If people exercise, eat healthy food, and drink water instead of soda, they will become thinner and healthier.]]></ngml:text>
        </ngml:tip>
      </ngml:tips>
      <ngml:rubric>
        <ngml:text><![CDATA[Write a paragraph about one of the topics listed below (or the topic your teacher assigns). You will have 50 minutes.]]></ngml:text>
      </ngml:rubric>
      <ngml:referenceObjects>
        <ngml:referenceObject layoutX="0" layoutY="0" layoutWidth="700" layoutHeight="556">
          <ngml:text><![CDATA[<div class='reading-frame'><B>Writing about Causes</B><BR/><BR/>When you write about why you did something or why something happened, you are writing about causes. Causes are the same as reasons. <BR/><BR/>A paragraph about causes should include these parts: <BR/><BR/><UL><LI><B>A topic sentence:</B> Include the situation (what happened or what you did and the number of causes. You can use expressions like<I> several reasons, two important causes, three major reasons</I>, etc. </LI></UL><UL><LI><B>Supporting sentences:</B> List each reason and include one or more sentences to explain it. Separate the reasons with listing signals such as <I>The first reason, the second cause, next, third, </I>and<I> finally</I>.</LI></UL><UL><LI><B>A concluding sentence:</B> Summarize your reasons and restate or refer back to your topic sentence. Use phrases such as <I>These three reasons explain why… For these reasons, … </I>and<I> Now you understand why…</I> </LI></UL><BR/>Use these signal words and phrases to talk about causes.<BR/><BR/><B><I>Because</I></B><B> </B>+<B> clause</B>, i.e.: <I>Because the temperature was below zero, the car would not start.</I><BR/><B><I>since</I></B><B> </B>+<B> clause</B>, i.e.: <I>We stayed home since the buses were not running.</I><BR/><B><I>due to</I></B><B> </B>+<B> noun phrase</B>, i.e.: <I>Due to his son's illness, Mr. Smith  stayed home from work.</I><BR/><B><I>because of</I></B><B> </B>+<B> noun phrase</B>, i.e.: <I>We stayed home because of the terrible weather.</I><BR/><BR/>Click on the light bulb for a model paragraph.</div>]]></ngml:text>
        </ngml:referenceObject>
      </ngml:referenceObjects>
      <assessmentItemRef identifier="i_2" href="i_2.xml" ngml:layoutX="0" ngml:layoutY="542" ngml:layoutWidth="646" ngml:layoutHeight="882" />
    </assessmentSection>
  </testPart>
</assessmentTest>