<?xml version="1.0" encoding="utf-8"?>
<assessmentTest xmlns:xsi="http://www.w3.org/2001/XMLSchema-instance" xmlns:ngml="http://ioki.com.pl/schema/imsqti_v2p1" xsi:schemaLocation="http://www.imsglobal.org/xsd/imsqti_v2p1 ../../ngml-namespace/imsqti_v2p1_ngml.xsd" title="Auto-Graded Pre-Test" identifier="n_99" xmlns="http://www.imsglobal.org/xsd/imsqti_v2p1">
  <ngml:activity type="homework" time="00:50:00" globalId="1b40d24a-2e19-4840-b541-6f78fbb6a1a3" no-submit="false" checkPunctuation="false" caseSensitivity="false" uid="1001000170000000705" version="7" />
  <ngml:title><![CDATA[Auto-Graded Pre-Test]]></ngml:title>
  <testPart identifier="p_1" navigationMode="linear" submissionMode="individual">
    <assessmentSection identifier="section_1" ngml:version="7" ngml:uid="1001000170000000706" visible="true" ngml:pageBreak="false" title="Auto-Graded Pre-Test" ngml:layoutHeight="3405" ngml:autonumbering="false">
      <ngml:title><![CDATA[Auto-Graded Pre-Test]]></ngml:title>
      <ngml:rubric>
        <ngml:text><![CDATA[In the timed, automatically-graded pre-test, you will demonstrate how well you understand sentence structure, grammar, punctuation, mechanics, and organization. You have 50 minutes to complete the test. To mark your answer, click on the correct choice.]]></ngml:text>
      </ngml:rubric>
      <assessmentItemRef identifier="i_1" href="i_1.xml" ngml:layoutX="24" ngml:layoutY="0" ngml:layoutWidth="325" ngml:layoutHeight="96" ngml:itemEnumeration="1" />
      <assessmentItemRef identifier="i_10" href="i_10.xml" ngml:layoutX="454" ngml:layoutY="558" ngml:layoutWidth="325" ngml:layoutHeight="96" ngml:itemEnumeration="10" />
      <assessmentItemRef identifier="i_11" href="i_11.xml" ngml:layoutX="24" ngml:layoutY="686" ngml:layoutWidth="325" ngml:layoutHeight="117" ngml:itemEnumeration="11" />
      <assessmentItemRef identifier="i_12" href="i_12.xml" ngml:layoutX="454" ngml:layoutY="686" ngml:layoutWidth="325" ngml:layoutHeight="96" ngml:itemEnumeration="12" />
      <assessmentItemRef identifier="i_13" href="i_13.xml" ngml:layoutX="24" ngml:layoutY="836" ngml:layoutWidth="325" ngml:layoutHeight="96" ngml:itemEnumeration="13" />
      <assessmentItemRef identifier="i_21" href="i_21.xml" ngml:layoutX="454" ngml:layoutY="836" ngml:layoutWidth="325" ngml:layoutHeight="98" ngml:itemEnumeration="14" />
      <assessmentItemRef identifier="i_22" href="i_22.xml" ngml:layoutX="24" ngml:layoutY="966" ngml:layoutWidth="325" ngml:layoutHeight="96" ngml:itemEnumeration="15" />
      <assessmentItemRef identifier="i_23" href="i_23.xml" ngml:layoutX="454" ngml:layoutY="966" ngml:layoutWidth="325" ngml:layoutHeight="117" ngml:itemEnumeration="16" />
      <assessmentItemRef identifier="i_24" href="i_24.xml" ngml:layoutX="24" ngml:layoutY="1116" ngml:layoutWidth="325" ngml:layoutHeight="117" ngml:itemEnumeration="17" />
      <assessmentItemRef identifier="i_25" href="i_25.xml" ngml:layoutX="454" ngml:layoutY="1116" ngml:layoutWidth="325" ngml:layoutHeight="117" ngml:itemEnumeration="18" />
      <assessmentItemRef identifier="i_26" href="i_26.xml" ngml:layoutX="24" ngml:layoutY="1265" ngml:layoutWidth="325" ngml:layoutHeight="117" ngml:itemEnumeration="19" />
      <assessmentItemRef identifier="i_2" href="i_2.xml" ngml:layoutX="454" ngml:layoutY="0" ngml:layoutWidth="325" ngml:layoutHeight="101" ngml:itemEnumeration="2" />
      <assessmentItemRef identifier="i_27" href="i_27.xml" ngml:layoutX="454" ngml:layoutY="1265" ngml:layoutWidth="325" ngml:layoutHeight="98" ngml:itemEnumeration="20" />
      <assessmentItemRef identifier="i_28" href="i_28.xml" ngml:layoutX="24" ngml:layoutY="1414" ngml:layoutWidth="325" ngml:layoutHeight="96" ngml:itemEnumeration="21" />
      <assessmentItemRef identifier="i_30" href="i_30.xml" ngml:layoutX="454" ngml:layoutY="1414" ngml:layoutWidth="325" ngml:layoutHeight="96" ngml:itemEnumeration="22" />
      <assessmentItemRef identifier="i_31" href="i_31.xml" ngml:layoutX="24" ngml:layoutY="1543" ngml:layoutWidth="325" ngml:layoutHeight="117" ngml:itemEnumeration="23" />
      <assessmentItemRef identifier="i_32" href="i_32.xml" ngml:layoutX="454" ngml:layoutY="1543" ngml:layoutWidth="325" ngml:layoutHeight="117" ngml:itemEnumeration="24" />
      <assessmentItemRef identifier="i_33" href="i_33.xml" ngml:layoutX="24" ngml:layoutY="1692" ngml:layoutWidth="325" ngml:layoutHeight="96" ngml:itemEnumeration="25" />
      <assessmentItemRef identifier="i_34" href="i_34.xml" ngml:layoutX="454" ngml:layoutY="1692" ngml:layoutWidth="325" ngml:layoutHeight="96" ngml:itemEnumeration="26" />
      <assessmentItemRef identifier="i_35" href="i_35.xml" ngml:layoutX="24" ngml:layoutY="1821" ngml:layoutWidth="325" ngml:layoutHeight="117" ngml:itemEnumeration="27" />
      <assessmentItemRef identifier="i_36" href="i_36.xml" ngml:layoutX="454" ngml:layoutY="1821" ngml:layoutWidth="325" ngml:layoutHeight="136" ngml:itemEnumeration="28" />
      <assessmentItemRef identifier="i_37" href="i_37.xml" ngml:layoutX="24" ngml:layoutY="1989" ngml:layoutWidth="325" ngml:layoutHeight="176" ngml:itemEnumeration="29" />
      <assessmentItemRef identifier="i_3" href="i_3.xml" ngml:layoutX="24" ngml:layoutY="131" ngml:layoutWidth="325" ngml:layoutHeight="96" ngml:itemEnumeration="3" />
      <assessmentItemRef identifier="i_38" href="i_38.xml" ngml:layoutX="454" ngml:layoutY="1989" ngml:layoutWidth="325" ngml:layoutHeight="176" ngml:itemEnumeration="30" />
      <assessmentItemRef identifier="i_39" href="i_39.xml" ngml:layoutX="24" ngml:layoutY="2197" ngml:layoutWidth="325" ngml:layoutHeight="201" ngml:itemEnumeration="31" />
      <assessmentItemRef identifier="i_40" href="i_40.xml" ngml:layoutX="454" ngml:layoutY="2197" ngml:layoutWidth="325" ngml:layoutHeight="285" ngml:itemEnumeration="32" />
      <assessmentItemRef identifier="i_41" href="i_41.xml" ngml:layoutX="24" ngml:layoutY="2515" ngml:layoutWidth="325" ngml:layoutHeight="180" ngml:itemEnumeration="33" />
      <assessmentItemRef identifier="i_42" href="i_42.xml" ngml:layoutX="454" ngml:layoutY="2515" ngml:layoutWidth="325" ngml:layoutHeight="159" ngml:itemEnumeration="34" />
      <assessmentItemRef identifier="i_43" href="i_43.xml" ngml:layoutX="24" ngml:layoutY="2727" ngml:layoutWidth="325" ngml:layoutHeight="159" ngml:itemEnumeration="35" />
      <assessmentItemRef identifier="i_44" href="i_44.xml" ngml:layoutX="454" ngml:layoutY="2727" ngml:layoutWidth="325" ngml:layoutHeight="138" ngml:itemEnumeration="36" />
      <assessmentItemRef identifier="i_46" href="i_46.xml" ngml:layoutX="24" ngml:layoutY="2918" ngml:layoutWidth="325" ngml:layoutHeight="180" ngml:itemEnumeration="37" />
      <assessmentItemRef identifier="i_47" href="i_47.xml" ngml:layoutX="454" ngml:layoutY="2918" ngml:layoutWidth="325" ngml:layoutHeight="180" ngml:itemEnumeration="38" />
      <assessmentItemRef identifier="i_48" href="i_48.xml" ngml:layoutX="24" ngml:layoutY="3131" ngml:layoutWidth="325" ngml:layoutHeight="138" ngml:itemEnumeration="39" />
      <assessmentItemRef identifier="i_4" href="i_4.xml" ngml:layoutX="454" ngml:layoutY="131" ngml:layoutWidth="325" ngml:layoutHeight="117" ngml:itemEnumeration="4" />
      <assessmentItemRef identifier="i_49" href="i_49.xml" ngml:layoutX="454" ngml:layoutY="3131" ngml:layoutWidth="325" ngml:layoutHeight="224" ngml:itemEnumeration="40" />
      <assessmentItemRef identifier="i_5" href="i_5.xml" ngml:layoutX="24" ngml:layoutY="280" ngml:layoutWidth="325" ngml:layoutHeight="96" ngml:itemEnumeration="5" />
      <assessmentItemRef identifier="i_6" href="i_6.xml" ngml:layoutX="454" ngml:layoutY="280" ngml:layoutWidth="325" ngml:layoutHeight="96" ngml:itemEnumeration="6" />
      <assessmentItemRef identifier="i_7" href="i_7.xml" ngml:layoutX="24" ngml:layoutY="409" ngml:layoutWidth="325" ngml:layoutHeight="117" ngml:itemEnumeration="7" />
      <assessmentItemRef identifier="i_8" href="i_8.xml" ngml:layoutX="454" ngml:layoutY="409" ngml:layoutWidth="325" ngml:layoutHeight="96" ngml:itemEnumeration="8" />
      <assessmentItemRef identifier="i_9" href="i_9.xml" ngml:layoutX="24" ngml:layoutY="558" ngml:layoutWidth="325" ngml:layoutHeight="96" ngml:itemEnumeration="9" />
    </assessmentSection>
  </testPart>
</assessmentTest>