<?xml version="1.0" encoding="utf-8"?>
<assessmentItem xmlns:xsi="http://www.w3.org/2001/XMLSchema-instance" xmlns:ngml="http://ioki.com.pl/schema/imsqti_v2p1" xsi:schemaLocation="http://www.imsglobal.org/xsd/imsqti_v2p1 ../../ngml-namespace/imsqti_v2p1_ngml.xsd" title="item-i_13" identifier="i_13" timeDependent="false" adaptive="false" xmlns="http://www.imsglobal.org/xsd/imsqti_v2p1">
  <ngml:question version="28" uid="1001000170000000719" type="single-choice" orientation="vertical" example="false" scoringAlgorithm="dichotomous" />
  <responseDeclaration identifier="RESPONSE" cardinality="single" baseType="identifier">
    <correctResponse>
      <value>i_13--multiple_choice--1</value>
    </correctResponse>
  </responseDeclaration>
  <itemBody>
    <ngml:text><![CDATA[Cristina __________ to school yesterday.<BR/>]]></ngml:text>
    <choiceInteraction responseIdentifier="RESPONSE" shuffle="false" maxChoices="1">
      <simpleChoice identifier="i_13--multiple_choice--0">
        <ngml:text><![CDATA[not go]]></ngml:text>
      </simpleChoice>
      <simpleChoice identifier="i_13--multiple_choice--1">
        <ngml:text><![CDATA[didn't go]]></ngml:text>
      </simpleChoice>
      <simpleChoice identifier="i_13--multiple_choice--2">
        <ngml:text><![CDATA[didn't going]]></ngml:text>
      </simpleChoice>
      <simpleChoice identifier="i_13--multiple_choice--3">
        <ngml:text><![CDATA[not did go]]></ngml:text>
      </simpleChoice>
    </choiceInteraction>
  </itemBody>
</assessmentItem>