<?xml version="1.0" encoding="utf-8"?>
<assessmentItem xmlns:xsi="http://www.w3.org/2001/XMLSchema-instance" xmlns:ngml="http://ioki.com.pl/schema/imsqti_v2p1" xsi:schemaLocation="http://www.imsglobal.org/xsd/imsqti_v2p1 ../../ngml-namespace/imsqti_v2p1_ngml.xsd" title="item-i_30" identifier="i_30" timeDependent="false" adaptive="false" xmlns="http://www.imsglobal.org/xsd/imsqti_v2p1">
  <ngml:question version="27" uid="1001000170000000728" type="single-choice" orientation="vertical" example="false" scoringAlgorithm="dichotomous" />
  <responseDeclaration identifier="RESPONSE" cardinality="single" baseType="identifier">
    <correctResponse>
      <value>i_30--multiple_choice--3</value>
    </correctResponse>
  </responseDeclaration>
  <itemBody>
    <ngml:text><![CDATA[I lost my phone, __________ I couldn't call you.<BR/>]]></ngml:text>
    <choiceInteraction responseIdentifier="RESPONSE" shuffle="false" maxChoices="1">
      <simpleChoice identifier="i_30--multiple_choice--0">
        <ngml:text><![CDATA[and]]></ngml:text>
      </simpleChoice>
      <simpleChoice identifier="i_30--multiple_choice--1">
        <ngml:text><![CDATA[or]]></ngml:text>
      </simpleChoice>
      <simpleChoice identifier="i_30--multiple_choice--2">
        <ngml:text><![CDATA[but]]></ngml:text>
      </simpleChoice>
      <simpleChoice identifier="i_30--multiple_choice--3">
        <ngml:text><![CDATA[so]]></ngml:text>
      </simpleChoice>
    </choiceInteraction>
  </itemBody>
</assessmentItem>