<?xml version="1.0" encoding="utf-8"?>
<assessmentItem xmlns:xsi="http://www.w3.org/2001/XMLSchema-instance" xmlns:ngml="http://ioki.com.pl/schema/imsqti_v2p1" xsi:schemaLocation="http://www.imsglobal.org/xsd/imsqti_v2p1 ../../ngml-namespace/imsqti_v2p1_ngml.xsd" title="item-i_36" identifier="i_36" timeDependent="false" adaptive="false" xmlns="http://www.imsglobal.org/xsd/imsqti_v2p1">
  <ngml:question version="27" uid="1001000170000000734" type="single-choice" orientation="vertical" example="false" scoringAlgorithm="dichotomous" />
  <responseDeclaration identifier="RESPONSE" cardinality="single" baseType="identifier">
    <correctResponse>
      <value>i_36--multiple_choice--2</value>
    </correctResponse>
  </responseDeclaration>
  <itemBody>
    <ngml:text><![CDATA[Which item is a complete sentence?<BR/>]]></ngml:text>
    <choiceInteraction responseIdentifier="RESPONSE" shuffle="false" maxChoices="1">
      <simpleChoice identifier="i_36--multiple_choice--0">
        <ngml:text><![CDATA[My grandmother, who graduated from Harvard University.]]></ngml:text>
      </simpleChoice>
      <simpleChoice identifier="i_36--multiple_choice--1">
        <ngml:text><![CDATA[If you want to learn more about dinosaurs.]]></ngml:text>
      </simpleChoice>
      <simpleChoice identifier="i_36--multiple_choice--2">
        <ngml:text><![CDATA[A sari is the traditional dress of women in South Asia.]]></ngml:text>
      </simpleChoice>
      <simpleChoice identifier="i_36--multiple_choice--3">
        <ngml:text><![CDATA[The book you want on the table.]]></ngml:text>
      </simpleChoice>
    </choiceInteraction>
  </itemBody>
</assessmentItem>