<?xml version="1.0" encoding="utf-8"?>
<assessmentItem xmlns:xsi="http://www.w3.org/2001/XMLSchema-instance" xmlns:ngml="http://ioki.com.pl/schema/imsqti_v2p1" xsi:schemaLocation="http://www.imsglobal.org/xsd/imsqti_v2p1 ../../ngml-namespace/imsqti_v2p1_ngml.xsd" title="item-i_37" identifier="i_37" timeDependent="false" adaptive="false" xmlns="http://www.imsglobal.org/xsd/imsqti_v2p1">
  <ngml:question version="27" uid="1001000170000000735" type="single-choice" orientation="vertical" example="false" scoringAlgorithm="dichotomous" />
  <responseDeclaration identifier="RESPONSE" cardinality="single" baseType="identifier">
    <correctResponse>
      <value>i_37--multiple_choice--0</value>
    </correctResponse>
  </responseDeclaration>
  <itemBody>
    <ngml:text><![CDATA[Which item is written incorrectly?<BR/>]]></ngml:text>
    <choiceInteraction responseIdentifier="RESPONSE" shuffle="false" maxChoices="1">
      <simpleChoice identifier="i_37--multiple_choice--0">
        <ngml:text><![CDATA[Some students live in the dormitory others live in apartments.]]></ngml:text>
      </simpleChoice>
      <simpleChoice identifier="i_37--multiple_choice--1">
        <ngml:text><![CDATA[Some students live in the dormitory, and others live in apartments.]]></ngml:text>
      </simpleChoice>
      <simpleChoice identifier="i_37--multiple_choice--2">
        <ngml:text><![CDATA[Some students live in the dormitory. Others live in apartments.]]></ngml:text>
      </simpleChoice>
      <simpleChoice identifier="i_37--multiple_choice--3">
        <ngml:text><![CDATA[Some students live in the dormitory. In contrast, others live in apartments.]]></ngml:text>
      </simpleChoice>
    </choiceInteraction>
  </itemBody>
</assessmentItem>