<?xml version="1.0" encoding="utf-8"?>
<assessmentItem xmlns:xsi="http://www.w3.org/2001/XMLSchema-instance" xmlns:ngml="http://ioki.com.pl/schema/imsqti_v2p1" xsi:schemaLocation="http://www.imsglobal.org/xsd/imsqti_v2p1 ../../ngml-namespace/imsqti_v2p1_ngml.xsd" title="item-i_39" identifier="i_39" timeDependent="false" adaptive="false" xmlns="http://www.imsglobal.org/xsd/imsqti_v2p1">
  <ngml:question version="27" uid="1001000170000000737" type="single-choice" orientation="vertical" example="false" scoringAlgorithm="dichotomous" />
  <responseDeclaration identifier="RESPONSE" cardinality="single" baseType="identifier">
    <correctResponse>
      <value>i_39--multiple_choice--1</value>
    </correctResponse>
  </responseDeclaration>
  <itemBody>
    <ngml:text><![CDATA[This is how my teacher, Mrs. Brand, prepares her lesson plans. To begin, she sits at her desk and organizes her papers and books. __________, she decides that she needs a cup of coffee. She goes to the kitchen, boils water, and prepares her drink.<BR/>]]></ngml:text>
    <choiceInteraction responseIdentifier="RESPONSE" shuffle="false" maxChoices="1">
      <simpleChoice identifier="i_39--multiple_choice--0">
        <ngml:text><![CDATA[After]]></ngml:text>
      </simpleChoice>
      <simpleChoice identifier="i_39--multiple_choice--1">
        <ngml:text><![CDATA[Next]]></ngml:text>
      </simpleChoice>
      <simpleChoice identifier="i_39--multiple_choice--2">
        <ngml:text><![CDATA[As soon as]]></ngml:text>
      </simpleChoice>
      <simpleChoice identifier="i_39--multiple_choice--3">
        <ngml:text><![CDATA[Third]]></ngml:text>
      </simpleChoice>
    </choiceInteraction>
  </itemBody>
</assessmentItem>