<?xml version="1.0" encoding="utf-8"?>
<assessmentItem xmlns:xsi="http://www.w3.org/2001/XMLSchema-instance" xmlns:ngml="http://ioki.com.pl/schema/imsqti_v2p1" xsi:schemaLocation="http://www.imsglobal.org/xsd/imsqti_v2p1 ../../ngml-namespace/imsqti_v2p1_ngml.xsd" title="item-i_40" identifier="i_40" timeDependent="false" adaptive="false" xmlns="http://www.imsglobal.org/xsd/imsqti_v2p1">
  <ngml:question version="27" uid="1001000170000000738" type="single-choice" orientation="vertical" example="false" scoringAlgorithm="dichotomous" />
  <responseDeclaration identifier="RESPONSE" cardinality="single" baseType="identifier">
    <correctResponse>
      <value>i_40--multiple_choice--1</value>
    </correctResponse>
  </responseDeclaration>
  <itemBody>
    <ngml:text><![CDATA[If you want to succeed in school, there are several things you can do. First, complete all your assignments. If you're having trouble, don't be afraid to ask for help. Second, take good notes. Be sure to write down all the main points your teacher makes. Next, attend all your classes, and sit in the front row so that you can hear your teacher clearly. __________, don't wait until the last day to study for an exam. Start early so that you have plenty of time.<BR/>]]></ngml:text>
    <choiceInteraction responseIdentifier="RESPONSE" shuffle="false" maxChoices="1">
      <simpleChoice identifier="i_40--multiple_choice--0">
        <ngml:text><![CDATA[As a result]]></ngml:text>
      </simpleChoice>
      <simpleChoice identifier="i_40--multiple_choice--1">
        <ngml:text><![CDATA[Most important]]></ngml:text>
      </simpleChoice>
      <simpleChoice identifier="i_40--multiple_choice--2">
        <ngml:text><![CDATA[Final]]></ngml:text>
      </simpleChoice>
      <simpleChoice identifier="i_40--multiple_choice--3">
        <ngml:text><![CDATA[Before]]></ngml:text>
      </simpleChoice>
    </choiceInteraction>
  </itemBody>
</assessmentItem>