<?xml version="1.0" encoding="utf-8"?>
<assessmentItem xmlns:xsi="http://www.w3.org/2001/XMLSchema-instance" xmlns:ngml="http://ioki.com.pl/schema/imsqti_v2p1" xsi:schemaLocation="http://www.imsglobal.org/xsd/imsqti_v2p1 ../../ngml-namespace/imsqti_v2p1_ngml.xsd" title="item-i_41" identifier="i_41" timeDependent="false" adaptive="false" xmlns="http://www.imsglobal.org/xsd/imsqti_v2p1">
  <ngml:question version="27" uid="1001000170000000739" type="single-choice" orientation="vertical" example="false" scoringAlgorithm="dichotomous" />
  <responseDeclaration identifier="RESPONSE" cardinality="single" baseType="identifier">
    <correctResponse>
      <value>i_41--multiple_choice--3</value>
    </correctResponse>
  </responseDeclaration>
  <itemBody>
    <ngml:text><![CDATA[Five U.S. states border the Gulf of Mexico. Starting in the east, the first state is Florida. Moving west, the next state is Alabama. Mississippi is __________ of the five states. Louisiana is west of Mississippi, and Texas is west of Louisiana.<BR/>]]></ngml:text>
    <choiceInteraction responseIdentifier="RESPONSE" shuffle="false" maxChoices="1">
      <simpleChoice identifier="i_41--multiple_choice--0">
        <ngml:text><![CDATA[across]]></ngml:text>
      </simpleChoice>
      <simpleChoice identifier="i_41--multiple_choice--1">
        <ngml:text><![CDATA[in front of]]></ngml:text>
      </simpleChoice>
      <simpleChoice identifier="i_41--multiple_choice--2">
        <ngml:text><![CDATA[between]]></ngml:text>
      </simpleChoice>
      <simpleChoice identifier="i_41--multiple_choice--3">
        <ngml:text><![CDATA[in the middle]]></ngml:text>
      </simpleChoice>
    </choiceInteraction>
  </itemBody>
</assessmentItem>