<?xml version="1.0" encoding="utf-8"?>
<assessmentItem xmlns:xsi="http://www.w3.org/2001/XMLSchema-instance" xmlns:ngml="http://ioki.com.pl/schema/imsqti_v2p1" xsi:schemaLocation="http://www.imsglobal.org/xsd/imsqti_v2p1 ../../ngml-namespace/imsqti_v2p1_ngml.xsd" title="item-i_42" identifier="i_42" timeDependent="false" adaptive="false" xmlns="http://www.imsglobal.org/xsd/imsqti_v2p1">
  <ngml:question version="27" uid="1001000170000000740" type="single-choice" orientation="vertical" example="false" scoringAlgorithm="dichotomous" />
  <responseDeclaration identifier="RESPONSE" cardinality="single" baseType="identifier">
    <correctResponse>
      <value>i_42--multiple_choice--1</value>
    </correctResponse>
  </responseDeclaration>
  <itemBody>
    <ngml:text><![CDATA[The ice that covers the North Pole and Antarctica is melting quickly __________ higher temperatures on Earth. For example, the thickness of Arctic ice has decreased by 40 percent since 1960.<BR/>]]></ngml:text>
    <choiceInteraction responseIdentifier="RESPONSE" shuffle="false" maxChoices="1">
      <simpleChoice identifier="i_42--multiple_choice--0">
        <ngml:text><![CDATA[since]]></ngml:text>
      </simpleChoice>
      <simpleChoice identifier="i_42--multiple_choice--1">
        <ngml:text><![CDATA[because of]]></ngml:text>
      </simpleChoice>
      <simpleChoice identifier="i_42--multiple_choice--2">
        <ngml:text><![CDATA[when]]></ngml:text>
      </simpleChoice>
      <simpleChoice identifier="i_42--multiple_choice--3">
        <ngml:text><![CDATA[then]]></ngml:text>
      </simpleChoice>
    </choiceInteraction>
  </itemBody>
</assessmentItem>