<?xml version="1.0" encoding="utf-8"?>
<assessmentItem xmlns:xsi="http://www.w3.org/2001/XMLSchema-instance" xmlns:ngml="http://ioki.com.pl/schema/imsqti_v2p1" xsi:schemaLocation="http://www.imsglobal.org/xsd/imsqti_v2p1 ../../ngml-namespace/imsqti_v2p1_ngml.xsd" title="item-i_46" identifier="i_46" timeDependent="false" adaptive="false" xmlns="http://www.imsglobal.org/xsd/imsqti_v2p1">
  <ngml:question version="27" uid="1001000170000000743" type="single-choice" orientation="vertical" example="false" scoringAlgorithm="dichotomous" />
  <responseDeclaration identifier="RESPONSE" cardinality="single" baseType="identifier">
    <correctResponse>
      <value>i_46--multiple_choice--3</value>
    </correctResponse>
  </responseDeclaration>
  <itemBody>
    <ngml:text><![CDATA[The length of American women's skirts changes every few years. For example, during the 1940s and 1950s, knee-length skirts were in fashion. __________, very short skirts were the style in the 1960s.<BR/>]]></ngml:text>
    <choiceInteraction responseIdentifier="RESPONSE" shuffle="false" maxChoices="1">
      <simpleChoice identifier="i_46--multiple_choice--0">
        <ngml:text><![CDATA[Different]]></ngml:text>
      </simpleChoice>
      <simpleChoice identifier="i_46--multiple_choice--1">
        <ngml:text><![CDATA[But]]></ngml:text>
      </simpleChoice>
      <simpleChoice identifier="i_46--multiple_choice--2">
        <ngml:text><![CDATA[Unlike]]></ngml:text>
      </simpleChoice>
      <simpleChoice identifier="i_46--multiple_choice--3">
        <ngml:text><![CDATA[On the other hand]]></ngml:text>
      </simpleChoice>
    </choiceInteraction>
  </itemBody>
</assessmentItem>