<?xml version="1.0" encoding="utf-8"?>
<assessmentItem xmlns:xsi="http://www.w3.org/2001/XMLSchema-instance" xmlns:ngml="http://ioki.com.pl/schema/imsqti_v2p1" xsi:schemaLocation="http://www.imsglobal.org/xsd/imsqti_v2p1 ../../ngml-namespace/imsqti_v2p1_ngml.xsd" title="item-i_47" identifier="i_47" timeDependent="false" adaptive="false" xmlns="http://www.imsglobal.org/xsd/imsqti_v2p1">
  <ngml:question version="27" uid="1001000170000000744" type="single-choice" orientation="vertical" example="false" scoringAlgorithm="dichotomous" />
  <responseDeclaration identifier="RESPONSE" cardinality="single" baseType="identifier">
    <correctResponse>
      <value>i_47--multiple_choice--0</value>
    </correctResponse>
  </responseDeclaration>
  <itemBody>
    <ngml:text><![CDATA[__________, every young person should spend one year doing volunteer work after high school. I have several reasons for this idea. First, volunteering teaches young people to be responsible.<BR/>]]></ngml:text>
    <choiceInteraction responseIdentifier="RESPONSE" shuffle="false" maxChoices="1">
      <simpleChoice identifier="i_47--multiple_choice--0">
        <ngml:text><![CDATA[In my view]]></ngml:text>
      </simpleChoice>
      <simpleChoice identifier="i_47--multiple_choice--1">
        <ngml:text><![CDATA[However]]></ngml:text>
      </simpleChoice>
      <simpleChoice identifier="i_47--multiple_choice--2">
        <ngml:text><![CDATA[I am against]]></ngml:text>
      </simpleChoice>
      <simpleChoice identifier="i_47--multiple_choice--3">
        <ngml:text><![CDATA[As a result]]></ngml:text>
      </simpleChoice>
    </choiceInteraction>
  </itemBody>
</assessmentItem>