<?xml version="1.0" encoding="utf-8"?>
<assessmentItem xmlns:xsi="http://www.w3.org/2001/XMLSchema-instance" xmlns:ngml="http://ioki.com.pl/schema/imsqti_v2p1" xsi:schemaLocation="http://www.imsglobal.org/xsd/imsqti_v2p1 ../../ngml-namespace/imsqti_v2p1_ngml.xsd" title="item-i_49" identifier="i_49" timeDependent="false" adaptive="false" xmlns="http://www.imsglobal.org/xsd/imsqti_v2p1">
  <ngml:question version="27" uid="1001000170000000746" type="single-choice" orientation="vertical" example="false" scoringAlgorithm="dichotomous" />
  <responseDeclaration identifier="RESPONSE" cardinality="single" baseType="identifier">
    <correctResponse>
      <value>i_49--multiple_choice--3</value>
    </correctResponse>
  </responseDeclaration>
  <itemBody>
    <ngml:text><![CDATA[Read the topic sentence. Which words are the controlling idea (tell what specific details the paragraph will discuss)?<BR/><BR/>Topic sentence: These days, high-fructose corn syrup is used to sweeten soft drinks, juices, and candies.<BR/>]]></ngml:text>
    <choiceInteraction responseIdentifier="RESPONSE" shuffle="false" maxChoices="1">
      <simpleChoice identifier="i_49--multiple_choice--0">
        <ngml:text><![CDATA[These days]]></ngml:text>
      </simpleChoice>
      <simpleChoice identifier="i_49--multiple_choice--1">
        <ngml:text><![CDATA[high-fructose corn syrup]]></ngml:text>
      </simpleChoice>
      <simpleChoice identifier="i_49--multiple_choice--2">
        <ngml:text><![CDATA[is used]]></ngml:text>
      </simpleChoice>
      <simpleChoice identifier="i_49--multiple_choice--3">
        <ngml:text><![CDATA[is used to sweeten soft drinks, juices, and candies]]></ngml:text>
      </simpleChoice>
    </choiceInteraction>
  </itemBody>
</assessmentItem>