<?xml version="1.0" encoding="utf-8"?>
<assessmentTest xmlns:xsi="http://www.w3.org/2001/XMLSchema-instance" xmlns:ngml="http://ioki.com.pl/schema/imsqti_v2p1" xsi:schemaLocation="http://www.imsglobal.org/xsd/imsqti_v2p1 ../../ngml-namespace/imsqti_v2p1_ngml.xsd" title="Supporting an Opinion" identifier="n_246" xmlns="http://www.imsglobal.org/xsd/imsqti_v2p1">
  <ngml:activity type="homework" time="00:50:00" globalId="726e5dcf-a890-4dae-bd17-185fafbb6ed9" no-submit="false" checkPunctuation="false" caseSensitivity="false" uid="1003000170000000332" version="28" />
  <ngml:title><![CDATA[Supporting an Opinion]]></ngml:title>
  <testPart identifier="p_1" navigationMode="linear" submissionMode="individual">
    <assessmentSection identifier="section_1" ngml:version="20" ngml:uid="1004000170000000411" visible="true" ngml:pageBreak="false" title="Supporting an Opinion" ngml:layoutHeight="1510" ngml:autonumbering="false">
      <ngml:title><![CDATA[Supporting an Opinion]]></ngml:title>
      <ngml:tips>
        <ngml:tip>
          <ngml:text><![CDATA[<B>Model Paragraph</B><BR/><B></B><BR/><B>No Pets on Airplanes</B><BR/><B></B><BR/>In my opinion, people should not be allowed to bring pets on airplanes. I have several reasons for my opinion. First, many people are allergic to cats or dogs. If they are sitting near someone's pet on a crowded flight, it might not be possible for them to move to a different seat. They could get sick. Second, pets may disturb human passengers. Dogs in particular can be noisy. They may bark and upset passengers who are trying to read, sleep, or just relax. Third, a pet may escape from its carrier and create a dangerous situation in the plane. One time I was flying to Los Angeles, and a woman took her cat out of its carrier. Well, the cat jumped out of her arms and began running around the plane. I think it was terrified and wanted to find a place to hide. Instead of helping passengers, the flight attendants had to spend time trying to catch the cat. This created an unsafe situation. In summary, these reasons explain why I don't think pets should be allowed to fly as passengers in airplanes. I think airlines should require all animals to fly in the cargo area of the plane.]]></ngml:text>
        </ngml:tip>
      </ngml:tips>
      <ngml:rubric>
        <ngml:text><![CDATA[Write a paragraph about one of the topics listed below (or the topic your teacher assigns). You will have 50 minutes.<BR/>1. State your opinion on smoking in public places. Support your ideas with reasons and examples.<BR/>2. State your opinion on how to reduce crime. Support your ideas with reasons and examples.<BR/>3. State your opinion on an issue in the news. Support your ideas with reasons and examples.<BR/><B></B><BR/><B>Editing Checklist</B><BR/><UL><LI>Are the grammar, sentence structure, mechanics, and punctuation correct?</LI></UL><UL><LI>Is the vocabulary appropriate? Are the words spelled correctly?</LI></UL><UL><LI>Is the paragraph well organized, well developed, and clear?</LI></UL>]]></ngml:text>
      </ngml:rubric>
      <ngml:referenceObjects>
        <ngml:referenceObject layoutX="0" layoutY="0" layoutWidth="700" layoutHeight="577">
          <ngml:text><![CDATA[<div class='reading-frame'><B>Supporting an Opinion</B><BR/><BR/>Sometimes it is necessary to give your opinion when you write. Your goal in this kind of writing is to persuade people to agree with you, to take action, or to change a behavior. After you state your opinion, you should support it with facts, examples, and reasons. <BR/><BR/>A paragraph of opinion should include these parts: <BR/><BR/><UL><LI><B>A topic sentence:</B> In an opinion paragraph, this sentence states the topic and your opinion about it. (Example: In my opinion, people should not be allowed to bring pets on airplanes.)</LI></UL><UL><LI><B>Supporting sentences:</B> These sentences give facts, examples, and reasons that support your opinion. (Examples: Many people are allergic to dogs or cats. Pets may disturb human passengers. A pet may escape from its carrier and create a dangerous situation in the plane.)</LI></UL><UL><LI><B>A concluding sentence:</B> This sentence summarizes the main points in the paragraph or adds a final comment. (Example: In summary, these reasons explain why I don’t think pets should be allowed to fly as passengers in airplanes.) </LI></UL><BR/>You can use these expressions to state your opinion:<BR/>I think…<BR/>I believe…<BR/>In my opinion, …<BR/>I am against… <BR/><BR/>Click on the light bulb for a model paragraph.</div>]]></ngml:text>
        </ngml:referenceObject>
      </ngml:referenceObjects>
      <assessmentItemRef identifier="i_2" href="i_2.xml" ngml:layoutX="0" ngml:layoutY="584" ngml:layoutWidth="646" ngml:layoutHeight="882" />
    </assessmentSection>
  </testPart>
</assessmentTest>