<?xml version="1.0" encoding="utf-8"?>
<assessmentTest xmlns:xsi="http://www.w3.org/2001/XMLSchema-instance" xmlns:ngml="http://ioki.com.pl/schema/imsqti_v2p1" xsi:schemaLocation="http://www.imsglobal.org/xsd/imsqti_v2p1 ../../ngml-namespace/imsqti_v2p1_ngml.xsd" title="Appendix 10 Modals" identifier="n_206" xmlns="http://www.imsglobal.org/xsd/imsqti_v2p1">
  <ngml:activity type="homework" time="00:00:00" globalId="ee239e17-bc88-4cd0-910c-a2ed921270b8" no-submit="false" checkPunctuation="false" caseSensitivity="false" uid="1003000170000000360" version="11" />
  <ngml:title><![CDATA[Appendix 10 Modals]]></ngml:title>
  <testPart identifier="p_1" navigationMode="linear" submissionMode="individual">
    <assessmentSection identifier="section_1" ngml:version="11" ngml:uid="1004000170000000439" visible="true" ngml:pageBreak="false" title="Appendix 10 Modals" ngml:layoutHeight="1723" ngml:autonumbering="false">
      <ngml:title><![CDATA[Appendix 10 Modals]]></ngml:title>
      <ngml:rubric>
        <ngml:text><![CDATA[]]></ngml:text>
      </ngml:rubric>
      <ngml:referenceObjects>
        <ngml:referenceObject layoutX="0" layoutY="0" layoutWidth="700" layoutHeight="279">
          <ngml:text><![CDATA[<B><I>Can</I></B><B>, </B><B><I>Can't</I></B><B>, </B><B><I>Could</I></B><B>, and </B><B><I>Couldn't</I></B><BR/><BR/>Modal verbs are different from regular verbs:<BR/>• They have only one form, without an <I>–s</I> or <I>–ed</I> ending.<BR/>• They are followed by the base form of the verb, without <I>to</I>.<BR/>• They have different meanings.<BR/><BR/>You <I>can</I> swim (you are able to swim).<BR/>You <I>may</I> swim (I am allowing you to swim).<BR/><BR/>The modals <I>can</I>, <I>can't,</I> and <I>could</I> are used to talk about<BR/>• ability in the present and past<BR/>• possibility in the present and future (affirmative only)<BR/><BR/>Study the forms and meanings of these modals.]]></ngml:text>
        </ngml:referenceObject>
        <ngml:referenceObject layoutX="125" layoutY="1359" layoutWidth="450" layoutHeight="277">
          <ngml:asset identifier="n_206--p_1--s_1--block_0--ref_1366195112478" type="image" src="http://media.pearsoncmg.com/intl/elt/compose/mel_writing_2/W2_A_M4.jpg" shortVersion="false" layoutWidth="0" layoutHeight="0" />
        </ngml:referenceObject>
        <ngml:referenceObject layoutX="125" layoutY="1079" layoutWidth="450" layoutHeight="126">
          <ngml:asset identifier="n_206--p_1--s_1--block_0--ref_1366194990424" type="image" src="http://media.pearsoncmg.com/intl/elt/compose/mel_writing_2/W2_A_M3.jpg" shortVersion="false" layoutWidth="0" layoutHeight="0" />
        </ngml:referenceObject>
        <ngml:referenceObject layoutX="0" layoutY="1237" layoutWidth="700" layoutHeight="90">
          <ngml:text><![CDATA[<B><I>Would Rather</I></B><BR/><I></I><BR/><I>Would rather</I> expresses preference in the present or future.<BR/>• Affirmative sentences have short forms and long forms with <I>than</I>.<BR/>• Do not use contractions in questions with <I>would rather</I>.]]></ngml:text>
        </ngml:referenceObject>
        <ngml:referenceObject layoutX="125" layoutY="744" layoutWidth="450" layoutHeight="162">
          <ngml:asset identifier="n_206--p_1--s_1--block_0--ref_1366194848372" type="image" src="http://media.pearsoncmg.com/intl/elt/compose/mel_writing_2/W2_A_M2.jpg" shortVersion="false" layoutWidth="0" layoutHeight="0" />
        </ngml:referenceObject>
        <ngml:referenceObject layoutX="125" layoutY="311" layoutWidth="450" layoutHeight="223">
          <ngml:asset identifier="n_206--p_1--s_1--block_0--ref_1366194718180" type="image" src="http://media.pearsoncmg.com/intl/elt/compose/mel_writing_2/W2_A_M1.jpg" shortVersion="false" layoutWidth="0" layoutHeight="0" />
        </ngml:referenceObject>
        <ngml:referenceObject layoutX="0" layoutY="566" layoutWidth="700" layoutHeight="146">
          <ngml:text><![CDATA[<B><I>Should</I></B><B>, </B><B><I>Ought to</I></B><B>, and </B><B><I>Had Better</I></B><BR/><BR/>The modals <I>should</I>, <I>ought to,</I> and <I>had better</I> are used to give advice or suggestions in the present / future.<BR/><I></I><BR/><I>Should</I> and <I>ought to</I> are similar in meaning. <I>Should</I> is more common.<BR/><I></I><BR/><I>Had better</I> is more urgent and imperative than <I>should </I>/ <I>ought to</I>. It means there will be a bad result if the advice is not followed]]></ngml:text>
        </ngml:referenceObject>
        <ngml:referenceObject layoutX="0" layoutY="938" layoutWidth="700" layoutHeight="109">
          <ngml:text><![CDATA[<B><I>May</I></B><B> or </B><B><I>Might</I></B><BR/><BR/>The modals <I>may</I> and <I>might</I> are used to talk about present and future possibilities.<BR/><I></I><BR/><I>•</I> <I>May</I> and <I>might</I> are similar in meaning.<BR/>• Do not contract the negative forms <I>may not</I> and <I>might not</I>.]]></ngml:text>
        </ngml:referenceObject>
      </ngml:referenceObjects>
    </assessmentSection>
  </testPart>
</assessmentTest>