<?xml version="1.0" encoding="utf-8"?>
<assessmentTest xmlns:xsi="http://www.w3.org/2001/XMLSchema-instance" xmlns:ngml="http://ioki.com.pl/schema/imsqti_v2p1" xsi:schemaLocation="http://www.imsglobal.org/xsd/imsqti_v2p1 ../../ngml-namespace/imsqti_v2p1_ngml.xsd" title="Appendix 7 Prepositions of Time and Place" identifier="n_203" xmlns="http://www.imsglobal.org/xsd/imsqti_v2p1">
  <ngml:activity type="homework" time="00:00:00" globalId="368ea3fa-6e27-4204-8371-98e864512849" no-submit="false" checkPunctuation="false" caseSensitivity="false" uid="1003000170000000354" version="9" />
  <ngml:title><![CDATA[Appendix 7 Prepositions of Time and Place]]></ngml:title>
  <testPart identifier="p_1" navigationMode="linear" submissionMode="individual">
    <assessmentSection identifier="section_1" ngml:version="9" ngml:uid="1004000170000000433" visible="true" ngml:pageBreak="false" title="Appendix 7 Prepositions of Time and Place" ngml:layoutHeight="1067" ngml:autonumbering="false">
      <ngml:title><![CDATA[Appendix 7 Prepositions of Time and Place]]></ngml:title>
      <ngml:rubric>
        <ngml:text><![CDATA[]]></ngml:text>
      </ngml:rubric>
      <ngml:referenceObjects>
        <ngml:referenceObject layoutX="125" layoutY="480" layoutWidth="450" layoutHeight="520">
          <ngml:asset identifier="n_203--p_1--s_1--block_0--ref_1366193704108" type="image" src="http://media.pearsoncmg.com/intl/elt/compose/mel_writing_2/WL2_A_PTP2.jpg" shortVersion="false" layoutWidth="0" layoutHeight="0" />
        </ngml:referenceObject>
        <ngml:referenceObject layoutX="125" layoutY="99" layoutWidth="450" layoutHeight="349">
          <ngml:asset identifier="n_203--p_1--s_1--block_0--ref_1366193693403" type="image" src="http://media.pearsoncmg.com/intl/elt/compose/mel_writing_2/WL2_A_PTP1.jpg" shortVersion="false" layoutWidth="0" layoutHeight="0" />
        </ngml:referenceObject>
        <ngml:referenceObject layoutX="0" layoutY="0" layoutWidth="700" layoutHeight="99">
          <ngml:text><![CDATA[<B>Prepositions of Time and Place</B><BR/><BR/>Prepositions of time tell us <I>when</I> something happens. Prepositions of place tell us <I>where</I> something is. Notice that some of the prepositions can be used to talk both about time and place.]]></ngml:text>
        </ngml:referenceObject>
      </ngml:referenceObjects>
    </assessmentSection>
  </testPart>
</assessmentTest>