<?xml version="1.0" encoding="utf-8"?>
<assessmentTest xmlns:xsi="http://www.w3.org/2001/XMLSchema-instance" xmlns:ngml="http://ioki.com.pl/schema/imsqti_v2p1" xsi:schemaLocation="http://www.imsglobal.org/xsd/imsqti_v2p1 ../../ngml-namespace/imsqti_v2p1_ngml.xsd" title="Practice 1" identifier="n_114" xmlns="http://www.imsglobal.org/xsd/imsqti_v2p1">
  <ngml:activity type="homework" time="00:00:00" globalId="da02fa22-b97c-43aa-9097-1d51c55b2392" no-submit="false" checkPunctuation="false" caseSensitivity="false" uid="1003000170000000158" version="7" />
  <ngml:title><![CDATA[Practice 1]]></ngml:title>
  <testPart identifier="p_1" navigationMode="linear" submissionMode="individual">
    <assessmentSection identifier="section_1" ngml:version="6" ngml:uid="1004000170000000208" visible="true" ngml:pageBreak="false" title="Practice 1" ngml:layoutHeight="786" ngml:autonumbering="false">
      <ngml:title><![CDATA[Practice 1]]></ngml:title>
      <ngml:tips>
        <ngml:tip>
          <ngml:text><![CDATA[<B>Commas with Adjective Clauses</B><BR/><BR/>Adjective (relative) clauses modify nouns. They begin with words called relative pronouns. Three of the most common relative pronouns are <I>who</I>, <I>that</I>, and <I>which</I>. Adjective clauses can appear with or without commas.<BR/><BR/>Follow these rules for using commas with adjective clauses:]]></ngml:text>
          <ngml:asset identifier="n_114--p_1--tip_1363870950955--block_0--ref_1363871001928" type="image" src="http://media.pearsoncmg.com/intl/elt/compose/mel_writing_2/WL2_PM_CAC_P1.jpg" shortVersion="false" />
        </ngml:tip>
      </ngml:tips>
      <ngml:rubric>
        <ngml:text><![CDATA[Click on the sentence that uses commas correctly.]]></ngml:text>
      </ngml:rubric>
      <assessmentItemRef identifier="i_1" href="i_1.xml" ngml:layoutX="24" ngml:layoutY="0" ngml:layoutWidth="791" ngml:layoutHeight="55" ngml:itemEnumeration="1" />
      <assessmentItemRef identifier="i_10" href="i_10.xml" ngml:layoutX="24" ngml:layoutY="635" ngml:layoutWidth="770" ngml:layoutHeight="35" ngml:itemEnumeration="10" />
      <assessmentItemRef identifier="i_11" href="i_11.xml" ngml:layoutX="24" ngml:layoutY="702" ngml:layoutWidth="770" ngml:layoutHeight="35" ngml:itemEnumeration="11" />
      <assessmentItemRef identifier="i_2" href="i_2.xml" ngml:layoutX="24" ngml:layoutY="98" ngml:layoutWidth="770" ngml:layoutHeight="35" ngml:itemEnumeration="2" />
      <assessmentItemRef identifier="i_3" href="i_3.xml" ngml:layoutX="24" ngml:layoutY="165" ngml:layoutWidth="770" ngml:layoutHeight="35" ngml:itemEnumeration="3" />
      <assessmentItemRef identifier="i_4" href="i_4.xml" ngml:layoutX="24" ngml:layoutY="232" ngml:layoutWidth="770" ngml:layoutHeight="35" ngml:itemEnumeration="4" />
      <assessmentItemRef identifier="i_5" href="i_5.xml" ngml:layoutX="24" ngml:layoutY="299" ngml:layoutWidth="770" ngml:layoutHeight="35" ngml:itemEnumeration="5" />
      <assessmentItemRef identifier="i_6" href="i_6.xml" ngml:layoutX="24" ngml:layoutY="366" ngml:layoutWidth="770" ngml:layoutHeight="35" ngml:itemEnumeration="6" />
      <assessmentItemRef identifier="i_7" href="i_7.xml" ngml:layoutX="24" ngml:layoutY="433" ngml:layoutWidth="770" ngml:layoutHeight="35" ngml:itemEnumeration="7" />
      <assessmentItemRef identifier="i_8" href="i_8.xml" ngml:layoutX="24" ngml:layoutY="501" ngml:layoutWidth="770" ngml:layoutHeight="35" ngml:itemEnumeration="8" />
      <assessmentItemRef identifier="i_9" href="i_9.xml" ngml:layoutX="24" ngml:layoutY="568" ngml:layoutWidth="770" ngml:layoutHeight="35" ngml:itemEnumeration="9" />
    </assessmentSection>
  </testPart>
</assessmentTest>