<?xml version="1.0" encoding="utf-8"?>
<assessmentItem xmlns:xsi="http://www.w3.org/2001/XMLSchema-instance" xmlns:ngml="http://ioki.com.pl/schema/imsqti_v2p1" xsi:schemaLocation="http://www.imsglobal.org/xsd/imsqti_v2p1 ../../ngml-namespace/imsqti_v2p1_ngml.xsd" title="item-i_7" identifier="i_7" timeDependent="false" adaptive="false" xmlns="http://www.imsglobal.org/xsd/imsqti_v2p1">
  <ngml:question version="11" uid="1005000170000000872" type="single-underline" orientation="vertical" example="false" scoringAlgorithm="dichotomous" />
  <responseDeclaration identifier="RESPONSE_1" cardinality="single" baseType="identifier">
    <correctResponse>
      <value>i_7--underline--1</value>
    </correctResponse>
  </responseDeclaration>
  <itemBody>
    <ngml:hottextInteraction responseIdentifier="RESPONSE_1" maxChoices="1" example="false">
      <ngml:hottext identifier="i_7--underline--0">
        <ngml:text><![CDATA[A doctor, who smokes, is not a good role model for his patients.]]></ngml:text>
      </ngml:hottext>
      <ngml:text><![CDATA[<BR/>]]></ngml:text>
      <ngml:hottext identifier="i_7--underline--1">
        <ngml:text><![CDATA[Dr. Chang, who smokes, is not a good role model for his patients.]]></ngml:text>
      </ngml:hottext>
    </ngml:hottextInteraction>
  </itemBody>
  <ngml:feedbacks>
    <ngml:feedback type="generic" responseIdentifier="RESPONSE_1">
      <ngml:feedbackResponse>
        <ngml:text><![CDATA[Is the adjective clause necessary in order to identify the noun it modifies? If yes, don't use commas. If not, use commas.]]></ngml:text>
      </ngml:feedbackResponse>
    </ngml:feedback>
  </ngml:feedbacks>
</assessmentItem>