<?xml version="1.0" encoding="utf-8"?>
<assessmentTest xmlns:xsi="http://www.w3.org/2001/XMLSchema-instance" xmlns:ngml="http://ioki.com.pl/schema/imsqti_v2p1" xsi:schemaLocation="http://www.imsglobal.org/xsd/imsqti_v2p1 ../../ngml-namespace/imsqti_v2p1_ngml.xsd" title="Practice 1" identifier="n_221" xmlns="http://www.imsglobal.org/xsd/imsqti_v2p1">
  <ngml:activity type="homework" time="00:00:00" globalId="e8df98b0-9b6b-4925-bdf3-66664392b395" no-submit="false" checkPunctuation="false" caseSensitivity="false" uid="1003000170000000537" version="11" />
  <ngml:title><![CDATA[Practice 1]]></ngml:title>
  <testPart identifier="p_1" navigationMode="linear" submissionMode="individual">
    <assessmentSection identifier="section_1" ngml:version="11" ngml:uid="1004000170000000601" visible="true" ngml:pageBreak="false" title="Practice 1" ngml:layoutHeight="1294" ngml:autonumbering="false">
      <ngml:title><![CDATA[Practice 1]]></ngml:title>
      <ngml:tips>
        <ngml:tip>
          <ngml:text><![CDATA[<B>Prepositions of Place</B><BR/><BR/>Prepositions of place tell us <I>where</I> something is located. English has many prepositions of place. Some of the most common ones are listed in the chart.<BR/><BR/>Here is an illustration of a man’s office. Look at the list of prepositions in the chart and read the examples.]]></ngml:text>
          <ngml:asset identifier="n_221--p_1--tip_1366274204258--block_0--ref_1366274228355" type="image" src="http://media.pearsoncmg.com/intl/elt/compose/mel_writing_2/WL2_G_PP_P1a.jpg" shortVersion="false" />
          <ngml:asset identifier="n_221--p_1--tip_1366274204258--block_0--ref_1366274231041" type="image" src="http://media.pearsoncmg.com/intl/elt/compose/mel_writing_2/WL2_G_PP_P1b.jpg" shortVersion="false" />
        </ngml:tip>
      </ngml:tips>
      <ngml:rubric>
        <ngml:text><![CDATA[Look at the map of the college campus. Click on the correct prepositions.]]></ngml:text>
      </ngml:rubric>
      <ngml:referenceObjects>
        <ngml:referenceObject layoutX="0" layoutY="0" layoutWidth="743" layoutHeight="349">
          <ngml:asset identifier="n_221--p_1--s_1--block_0--ref_1366274516753" type="image" src="http://media.pearsoncmg.com/intl/elt/compose/mel_writing_2/WL2_G_PP_P2c.jpg" shortVersion="false" layoutWidth="0" layoutHeight="0" />
        </ngml:referenceObject>
      </ngml:referenceObjects>
      <assessmentItemRef identifier="i_1" href="i_1.xml" ngml:layoutX="24" ngml:layoutY="386" ngml:layoutWidth="667" ngml:layoutHeight="66" ngml:itemEnumeration="1" />
      <assessmentItemRef identifier="i_10" href="i_10.xml" ngml:layoutX="24" ngml:layoutY="1120" ngml:layoutWidth="646" ngml:layoutHeight="46" ngml:itemEnumeration="10" />
      <assessmentItemRef identifier="i_11" href="i_11.xml" ngml:layoutX="24" ngml:layoutY="1198" ngml:layoutWidth="646" ngml:layoutHeight="46" ngml:itemEnumeration="11" />
      <assessmentItemRef identifier="i_2" href="i_2.xml" ngml:layoutX="24" ngml:layoutY="495" ngml:layoutWidth="646" ngml:layoutHeight="46" ngml:itemEnumeration="2" />
      <assessmentItemRef identifier="i_3" href="i_3.xml" ngml:layoutX="24" ngml:layoutY="573" ngml:layoutWidth="646" ngml:layoutHeight="46" ngml:itemEnumeration="3" />
      <assessmentItemRef identifier="i_4" href="i_4.xml" ngml:layoutX="24" ngml:layoutY="651" ngml:layoutWidth="646" ngml:layoutHeight="46" ngml:itemEnumeration="4" />
      <assessmentItemRef identifier="i_5" href="i_5.xml" ngml:layoutX="24" ngml:layoutY="730" ngml:layoutWidth="646" ngml:layoutHeight="46" ngml:itemEnumeration="5" />
      <assessmentItemRef identifier="i_6" href="i_6.xml" ngml:layoutX="24" ngml:layoutY="808" ngml:layoutWidth="646" ngml:layoutHeight="46" ngml:itemEnumeration="6" />
      <assessmentItemRef identifier="i_7" href="i_7.xml" ngml:layoutX="24" ngml:layoutY="886" ngml:layoutWidth="646" ngml:layoutHeight="46" ngml:itemEnumeration="7" />
      <assessmentItemRef identifier="i_8" href="i_8.xml" ngml:layoutX="24" ngml:layoutY="964" ngml:layoutWidth="646" ngml:layoutHeight="46" ngml:itemEnumeration="8" />
      <assessmentItemRef identifier="i_9" href="i_9.xml" ngml:layoutX="24" ngml:layoutY="1042" ngml:layoutWidth="646" ngml:layoutHeight="46" ngml:itemEnumeration="9" />
    </assessmentSection>
  </testPart>
</assessmentTest>