<?xml version="1.0" encoding="utf-8"?>
<assessmentItem xmlns:xsi="http://www.w3.org/2001/XMLSchema-instance" xmlns:ngml="http://ioki.com.pl/schema/imsqti_v2p1" xsi:schemaLocation="http://www.imsglobal.org/xsd/imsqti_v2p1 ../../ngml-namespace/imsqti_v2p1_ngml.xsd" title="item-i_1" identifier="i_1" timeDependent="false" adaptive="false" xmlns="http://www.imsglobal.org/xsd/imsqti_v2p1">
  <ngml:question version="11" uid="1005000170000003249" type="inline-drop-down" orientation="vertical" example="true" scoringAlgorithm="dichotomous" />
  <responseDeclaration identifier="RESPONSE_1" cardinality="single" baseType="identifier">
    <correctResponse>
      <value>i_1--inline_choice--0</value>
    </correctResponse>
  </responseDeclaration>
  <itemBody>
    <ngml:text><![CDATA[The Fine Arts building is ]]></ngml:text>
    <inlineChoiceInteraction responseIdentifier="RESPONSE_1" shuffle="false">
      <inlineChoice identifier="i_1--inline_choice--0">
        <ngml:text><![CDATA[on]]></ngml:text>
      </inlineChoice>
      <inlineChoice identifier="i_1--inline_choice--0_distractor_1366274351139">
        <ngml:text><![CDATA[in]]></ngml:text>
      </inlineChoice>
      <inlineChoice identifier="i_1--inline_choice--0_distractor_1366274352568">
        <ngml:text><![CDATA[between]]></ngml:text>
      </inlineChoice>
    </inlineChoiceInteraction>
    <ngml:text><![CDATA[ Olive St.]]></ngml:text>
  </itemBody>
</assessmentItem>