<?xml version="1.0" encoding="utf-8"?>
<assessmentTest xmlns:xsi="http://www.w3.org/2001/XMLSchema-instance" xmlns:ngml="http://ioki.com.pl/schema/imsqti_v2p1" xsi:schemaLocation="http://www.imsglobal.org/xsd/imsqti_v2p1 ../../ngml-namespace/imsqti_v2p1_ngml.xsd" title="Practice 2" identifier="n_121" xmlns="http://www.imsglobal.org/xsd/imsqti_v2p1">
  <ngml:activity type="homework" time="00:00:00" globalId="ac988925-986e-4daa-b890-5fac1bbf0bf0" no-submit="false" checkPunctuation="true" caseSensitivity="true" uid="1001000170000039809" version="8" />
  <ngml:title><![CDATA[Practice 2]]></ngml:title>
  <testPart identifier="p_1" navigationMode="linear" submissionMode="individual">
    <assessmentSection identifier="section_1" ngml:version="6" ngml:uid="1001000170000039810" visible="true" ngml:pageBreak="false" title="Practice 2" ngml:layoutHeight="820" ngml:autonumbering="false">
      <ngml:title><![CDATA[Practice 2]]></ngml:title>
      <ngml:tips>
        <ngml:tip>
          <ngml:text><![CDATA[<B>Quotations</B><BR/><BR/>A quotation (<I>quote</I>) is an exact statement of a person's words. Follow these rules for punctuating quotations.]]></ngml:text>
          <ngml:asset identifier="n_121--p_1--tip_1364206240419--block_0--ref_1391172831049" type="image" src="http://media.pearsoncmg.com/intl/elt/compose/mel_writing_2/WL2_PM_Q_P2.jpg" shortVersion="false" />
        </ngml:tip>
      </ngml:tips>
      <ngml:rubric>
        <ngml:text><![CDATA[Rewrite the sentences. Add quotation marks and commas.]]></ngml:text>
      </ngml:rubric>
      <assessmentItemRef identifier="i_1" href="i_1.xml" ngml:layoutX="24" ngml:layoutY="0" ngml:layoutWidth="791" ngml:layoutHeight="90" ngml:itemEnumeration="1" />
      <assessmentItemRef identifier="i_2" href="i_2.xml" ngml:layoutX="24" ngml:layoutY="127" ngml:layoutWidth="770" ngml:layoutHeight="71" ngml:itemEnumeration="2" />
      <assessmentItemRef identifier="i_3" href="i_3.xml" ngml:layoutX="24" ngml:layoutY="224" ngml:layoutWidth="770" ngml:layoutHeight="71" ngml:itemEnumeration="3" />
      <assessmentItemRef identifier="i_4" href="i_4.xml" ngml:layoutX="24" ngml:layoutY="321" ngml:layoutWidth="770" ngml:layoutHeight="70" ngml:itemEnumeration="4" />
      <assessmentItemRef identifier="i_5" href="i_5.xml" ngml:layoutX="24" ngml:layoutY="417" ngml:layoutWidth="770" ngml:layoutHeight="70" ngml:itemEnumeration="5" />
      <assessmentItemRef identifier="i_6" href="i_6.xml" ngml:layoutX="24" ngml:layoutY="514" ngml:layoutWidth="770" ngml:layoutHeight="71" ngml:itemEnumeration="6" />
      <assessmentItemRef identifier="i_7" href="i_7.xml" ngml:layoutX="24" ngml:layoutY="611" ngml:layoutWidth="770" ngml:layoutHeight="70" ngml:itemEnumeration="7" />
      <assessmentItemRef identifier="i_8" href="i_8.xml" ngml:layoutX="24" ngml:layoutY="707" ngml:layoutWidth="770" ngml:layoutHeight="70" ngml:itemEnumeration="8" />
    </assessmentSection>
  </testPart>
</assessmentTest>