<?xml version="1.0" encoding="utf-8"?>
<assessmentItem xmlns:xsi="http://www.w3.org/2001/XMLSchema-instance" xmlns:ngml="http://ioki.com.pl/schema/imsqti_v2p1" xsi:schemaLocation="http://www.imsglobal.org/xsd/imsqti_v2p1 ../../ngml-namespace/imsqti_v2p1_ngml.xsd" title="item-i_7" identifier="i_7" timeDependent="false" adaptive="false" xmlns="http://www.imsglobal.org/xsd/imsqti_v2p1">
  <ngml:question version="13" uid="1001000170000039817" type="fillin" orientation="vertical" example="false" scoringAlgorithm="dichotomous" />
  <responseDeclaration identifier="RESPONSE_1" cardinality="single" baseType="identifier">
    <correctResponse>
      <value>The mother added, "Also, Japanese dogs say wan wan, and Israeli dogs say hav hav."</value>
      <value>The mother added, "Also, Japanese dogs say "wan wan", and Israeli dogs say "hav hav"."</value>
    </correctResponse>
  </responseDeclaration>
  <itemBody>
    <ngml:text><![CDATA[The mother added Also, Japanese dogs say wan wan, and Israeli dogs say hav hav.]]></ngml:text>
    <ngml:text><![CDATA[<BR/>]]></ngml:text>
    <textEntryInteraction responseIdentifier="RESPONSE_1" ngml:gapSize="superwide" />
    <ngml:text><![CDATA[ ]]></ngml:text>
  </itemBody>
  <ngml:feedbacks>
    <ngml:feedback type="generic" responseIdentifier="RESPONSE_1">
      <ngml:feedbackResponse>
        <ngml:text><![CDATA[A reporting phrase is followed by a comma. A quote is in quotation marks.]]></ngml:text>
      </ngml:feedbackResponse>
    </ngml:feedback>
  </ngml:feedbacks>
</assessmentItem>