<?xml version="1.0" encoding="utf-8"?>
<assessmentTest xmlns:xsi="http://www.w3.org/2001/XMLSchema-instance" xmlns:ngml="http://ioki.com.pl/schema/imsqti_v2p1" xsi:schemaLocation="http://www.imsglobal.org/xsd/imsqti_v2p1 ../../ngml-namespace/imsqti_v2p1_ngml.xsd" title="Practice 1" identifier="n_226" xmlns="http://www.imsglobal.org/xsd/imsqti_v2p1">
  <ngml:activity type="homework" time="00:00:00" globalId="54ebb6d0-064d-4210-9773-58f8ab938cc3" no-submit="false" checkPunctuation="false" caseSensitivity="false" uid="1001000170000018126" version="8" />
  <ngml:title><![CDATA[Practice 1]]></ngml:title>
  <testPart identifier="p_1" navigationMode="linear" submissionMode="individual">
    <assessmentSection identifier="section_1" ngml:version="7" ngml:uid="1001000170000018127" visible="true" ngml:pageBreak="false" title="Practice 1" ngml:layoutHeight="657" ngml:autonumbering="false">
      <ngml:title><![CDATA[Practice 1]]></ngml:title>
      <ngml:tips>
        <ngml:tip>
          <ngml:text><![CDATA[<B>Comparison</B><BR/><BR/>In a paragraph of comparison, you talk about ways that two or more things are similar.<BR/>• The topic sentence names the things you are comparing and states how you plan to compare them. For example: <I>Seattle, Washington, and London, England, have similar weather</I>.<BR/>• All the sentences in the paragraph should talk about similarities. There should be no sentences about differences.<BR/><BR/>Here are some common expressions you can use to signal comparisons. Notice the grammar and punctuation of each word and phrase.]]></ngml:text>
          <ngml:asset identifier="n_226--p_1--tip_1366277804325--block_0--ref_1366278818057" type="image" src="http://media.pearsoncmg.com/intl/elt/compose/mel_writing_2/WL2_PO_CC_P1.jpg" shortVersion="false" />
        </ngml:tip>
      </ngml:tips>
      <ngml:rubric>
        <ngml:text><![CDATA[Read the outlines for the comparison paragraphs. In each outline, click on all the sentences that support the topic sentence.]]></ngml:text>
      </ngml:rubric>
      <assessmentItemRef identifier="i_1" href="i_1.xml" ngml:layoutX="24" ngml:layoutY="0" ngml:layoutWidth="770" ngml:layoutHeight="167" ngml:itemEnumeration="1" />
      <assessmentItemRef identifier="i_2" href="i_2.xml" ngml:layoutX="24" ngml:layoutY="199" ngml:layoutWidth="770" ngml:layoutHeight="167" ngml:itemEnumeration="2" />
      <assessmentItemRef identifier="i_3" href="i_3.xml" ngml:layoutX="24" ngml:layoutY="398" ngml:layoutWidth="770" ngml:layoutHeight="209" ngml:itemEnumeration="3" />
    </assessmentSection>
  </testPart>
</assessmentTest>