<?xml version="1.0" encoding="utf-8"?>
<assessmentItem xmlns:xsi="http://www.w3.org/2001/XMLSchema-instance" xmlns:ngml="http://ioki.com.pl/schema/imsqti_v2p1" xsi:schemaLocation="http://www.imsglobal.org/xsd/imsqti_v2p1 ../../ngml-namespace/imsqti_v2p1_ngml.xsd" title="item-i_2" identifier="i_2" timeDependent="false" adaptive="false" xmlns="http://www.imsglobal.org/xsd/imsqti_v2p1">
  <ngml:question version="12" uid="1001000170000018129" type="multiple-underline" orientation="vertical" example="false" scoringAlgorithm="dichotomous" />
  <responseDeclaration identifier="RESPONSE_0" cardinality="multiple" baseType="identifier">
    <correctResponse>
      <value>i_2--underline--0</value>
      <value>i_2--underline--1</value>
    </correctResponse>
  </responseDeclaration>
  <itemBody>
    <ngml:text><![CDATA[<B>Topic sentence:</B>]]></ngml:text>
    <ngml:text><![CDATA[ Rebecca is a teller at City Bank, and George is a teller at National Bank. Their jobs are very similar.]]></ngml:text>
    <ngml:text><![CDATA[<BR/>]]></ngml:text>
    <ngml:hottextInteraction responseIdentifier="RESPONSE_0" maxChoices="0" example="false">
      <ngml:hottext identifier="i_2--underline--3">
        <ngml:text><![CDATA[Rebecca works more hours each week than George does.]]></ngml:text>
      </ngml:hottext>
      <ngml:text><![CDATA[<BR/>]]></ngml:text>
      <ngml:hottext identifier="i_2--underline--0">
        <ngml:text><![CDATA[Their salaries are almost the same. Each of them received a starting salary of about $10.00 per hour.]]></ngml:text>
      </ngml:hottext>
      <ngml:text><![CDATA[<BR/>]]></ngml:text>
      <ngml:hottext identifier="i_2--underline--1">
        <ngml:text><![CDATA[Their jobs offer similar benefits, too. Each of them receives health insurance, five days of sick leave, and two weeks of paid vacation per year.]]></ngml:text>
      </ngml:hottext>
      <ngml:text><![CDATA[<BR/>]]></ngml:text>
      <ngml:hottext identifier="i_2--underline--2">
        <ngml:text><![CDATA[Rebecca's boss is patient and supportive, but George's boss is often in a bad mood.]]></ngml:text>
      </ngml:hottext>
      <ngml:text><![CDATA[<BR/>]]></ngml:text>
      <ngml:text><![CDATA[<B>Concluding sentence:</B>]]></ngml:text>
      <ngml:text><![CDATA[ Both Rebecca and George plan to work for a year and then return to college in order to get more training in business.]]></ngml:text>
    </ngml:hottextInteraction>
  </itemBody>
  <ngml:feedbacks>
    <ngml:feedback type="generic" responseIdentifier="RESPONSE_0">
      <ngml:feedbackResponse>
        <ngml:text><![CDATA[All the sentences in a comparison paragraph must talk about similarities. Read the topic sentence. It talks about how Rebecca and George are similar. Do the sentences you selected tell you how they are similar?]]></ngml:text>
      </ngml:feedbackResponse>
    </ngml:feedback>
  </ngml:feedbacks>
</assessmentItem>