<?xml version="1.0" encoding="utf-8"?>
<assessmentItem xmlns:xsi="http://www.w3.org/2001/XMLSchema-instance" xmlns:ngml="http://ioki.com.pl/schema/imsqti_v2p1" xsi:schemaLocation="http://www.imsglobal.org/xsd/imsqti_v2p1 ../../ngml-namespace/imsqti_v2p1_ngml.xsd" title="item-i_3" identifier="i_3" timeDependent="false" adaptive="false" xmlns="http://www.imsglobal.org/xsd/imsqti_v2p1">
  <ngml:question version="12" uid="1001000170000018130" type="multiple-underline" orientation="vertical" example="false" scoringAlgorithm="dichotomous" />
  <responseDeclaration identifier="RESPONSE_0" cardinality="multiple" baseType="identifier">
    <correctResponse>
      <value>i_3--underline--0</value>
      <value>i_3--underline--1</value>
      <value>i_3--underline--2</value>
    </correctResponse>
  </responseDeclaration>
  <itemBody>
    <ngml:text><![CDATA[<B>Topics sentence:</B>]]></ngml:text>
    <ngml:text><![CDATA[ There are a number of similarities between cleaning my house and working in my garden.]]></ngml:text>
    <ngml:text><![CDATA[<BR/>]]></ngml:text>
    <ngml:hottextInteraction responseIdentifier="RESPONSE_0" maxChoices="0" example="false">
      <ngml:hottext identifier="i_3--underline--5">
        <ngml:text><![CDATA[On a hot day, I would rather clean my house than work outside in the garden.]]></ngml:text>
      </ngml:hottext>
      <ngml:text><![CDATA[<BR/>]]></ngml:text>
      <ngml:hottext identifier="i_3--underline--0">
        <ngml:text><![CDATA[Both activities are excellent forms of exercise.]]></ngml:text>
      </ngml:hottext>
      <ngml:text><![CDATA[<BR/>]]></ngml:text>
      <ngml:hottext identifier="i_3--underline--1">
        <ngml:text><![CDATA[House cleaning involves lots of bending and lifting. For example, I need to lift baskets of laundry and bend down to clean the floor.]]></ngml:text>
      </ngml:hottext>
      <ngml:text><![CDATA[<BR/>]]></ngml:text>
      <ngml:hottext identifier="i_3--underline--4">
        <ngml:text><![CDATA[Similarly, I need to bend down to pull weeds in the garden, and I have to carry sacks of fertilizer.]]></ngml:text>
      </ngml:hottext>
      <ngml:text><![CDATA[<BR/>]]></ngml:text>
      <ngml:hottext identifier="i_3--underline--2">
        <ngml:text><![CDATA[House cleaning is like gardening because both activities make my home more beautiful.]]></ngml:text>
      </ngml:hottext>
      <ngml:text><![CDATA[<BR/>]]></ngml:text>
      <ngml:hottext identifier="i_3--underline--3">
        <ngml:text><![CDATA[I get a chance to talk to my neighbors when I'm working in my garden.]]></ngml:text>
      </ngml:hottext>
      <ngml:text><![CDATA[<BR/>]]></ngml:text>
      <ngml:text><![CDATA[<B>Concluding sentence:</B>]]></ngml:text>
      <ngml:text><![CDATA[ Because I enjoy cleaning my house and gardening, I do these activities myself instead of paying someone else to do them.]]></ngml:text>
    </ngml:hottextInteraction>
  </itemBody>
  <ngml:feedbacks>
    <ngml:feedback type="generic" responseIdentifier="RESPONSE_0">
      <ngml:feedbackResponse>
        <ngml:text><![CDATA[All the sentences in a comparison paragraph must talk about similarities. Read the topic sentence. It talks about how cleaning the house and working in the garden are similar. Do the sentences you selected tell you how they are similar?]]></ngml:text>
      </ngml:feedbackResponse>
    </ngml:feedback>
  </ngml:feedbacks>
</assessmentItem>