<?xml version="1.0" encoding="utf-8"?>
<assessmentTest xmlns:xsi="http://www.w3.org/2001/XMLSchema-instance" xmlns:ngml="http://ioki.com.pl/schema/imsqti_v2p1" xsi:schemaLocation="http://www.imsglobal.org/xsd/imsqti_v2p1 ../../ngml-namespace/imsqti_v2p1_ngml.xsd" title="Appendix 3 Confusing Words" identifier="n_198" xmlns="http://www.imsglobal.org/xsd/imsqti_v2p1">
  <ngml:activity type="homework" time="00:00:00" globalId="177fb1a5-977c-4bd9-a17a-3a04419135af" no-submit="false" checkPunctuation="false" caseSensitivity="false" uid="1003000170000000349" version="9" />
  <ngml:title><![CDATA[Appendix 3 Confusing Words]]></ngml:title>
  <testPart identifier="p_1" navigationMode="linear" submissionMode="individual">
    <assessmentSection identifier="section_1" ngml:version="9" ngml:uid="1004000170000000428" visible="true" ngml:pageBreak="false" title="Appendix 3 Confusing Words" ngml:layoutHeight="2190" ngml:autonumbering="false">
      <ngml:title><![CDATA[Appendix 3 Confusing Words]]></ngml:title>
      <ngml:rubric>
        <ngml:text><![CDATA[]]></ngml:text>
      </ngml:rubric>
      <ngml:referenceObjects>
        <ngml:referenceObject layoutX="0" layoutY="0" layoutWidth="700" layoutHeight="2103">
          <ngml:text><![CDATA[<B>Confusing Words</B><BR/>These are words that students sometimes confuse. They sound similar, but they have different meanings. You can always check the meanings of words in your dictionary. <BR/> <BR/><BR/><B>1. Accept / Except</B><BR/><B><I>Accept</I></B> is a verb. It means "to receive something offered with gladness."<BR/>He <B>accepted</B> the job.<BR/><B><I>Except</I></B> is a preposition. It is used to show things or people that are not included in a statement. It means "other than."<BR/>Everybody came to the party <B>except</B> Ellen. <BR/> <BR/><BR/><B>2. Advice / Advise</B><BR/><B><I>Advice</I></B> is a noun. It means "a suggestion about what should be done about a situation."<BR/>My brother gave me good <B>advice</B>.<BR/><B><I>Advise</I></B> is a verb. It means "to tell someone what you think he or she should do." When you <B>advise</B>, you offer advice.<BR/>I'm confused. What do you <B>advise</B> me to do?<BR/> <BR/><BR/><B>3. Affect / Effect</B><BR/><B><I>Affect</I></B> is a verb. It means "to have an influence on." <BR/>The medicine <B>affected</B> her badly.<BR/><B><I>Effect</I></B> is a noun. It is a result produced by a cause.<BR/>The medicine did not have any <B>effect</B> on her.<BR/><B><I>Effect</I></B> is also a verb. It means "to result in."<BR/>Technology <B>effected</B> the increase in online communication.<BR/> <BR/><BR/><B>4. Sight / Site</B><BR/><B><I>Sight</I></B> is a noun. It means "the ability to see."<BR/>He lost his <B>sight</B> in a car accident, and now he is blind.<BR/><B><I>Site</I></B> is also a noun. It is a place or location of something.<BR/>There are several possible <B>sites</B> for the new museum.<BR/> <BR/><BR/><B>5. Every day / Everyday</B><BR/><B><I>Every day</I></B> is an adverbial phrase. It means "each day."<BR/>I brush my teeth twice <B>every day</B>.<BR/><B><I>Everyday</I></B> is an adjective. It means usual or ordinary.<BR/>For most people, stress is a part of <B>everyday</B> life.<BR/> <BR/><BR/><B>6. For / Four</B><BR/><B><I>For</I></B> is a preposition. It has many meanings. For example, it indicates the purpose of something.<BR/>This machine is <B>for</B> blending fruit.<BR/><B><I>Four</I></B> is a number.<BR/>I have <B>four</B> sisters.<BR/> <BR/><BR/><B>7. Its / It's</B><BR/><B><I>Its</I></B> is a possessive adjective. It means "belonging to something."<BR/>The tree lost all <B>its</B> leaves.<BR/><B><I>It's</I></B> is a contraction. It means "it is."<BR/><B>It's</B> a nice day. Let's go to the beach.<BR/> <BR/><BR/><B>8. Loose / Lose</B><BR/><B><I>Loose</I></B> is an adjective. It refers to something that is movable or not fixed.<BR/>I lost weight, so these pants are <B>loose</B> on me.<BR/><B><I>Lose</I></B> is a verb. It means "to come to be without."<BR/>I <B>lost</B> my cell phone.<BR/><B>Lose</B> can also mean "to fail to win."<BR/>We <B>lost</B> a game.<BR/> <BR/><BR/><B>9. Right / Write</B><BR/><B><I>Right</I></B> is an adjective. It means "correct."<BR/>Your answer is <B>right</B>.<BR/><B><I>Write</I></B> is a verb. It means "to produce symbols on a surface."<BR/>I need to <B>write</B> a paper for my history class.<BR/> <BR/><BR/><B>10. Their / There / They're</B><BR/><B><I>Their</I></B> is a possessive adjective. It means "belonging to them."<BR/>Where is <B>their</B> house?<BR/><B><I>There</I></B> is an adverb. It means "in or near a particular location."<BR/>Please put the books <B>there</B>.<BR/><B><I>They're</I></B> is a contraction. It means "they are."<BR/><B>They're</B> too tired to go to the party.<BR/> <BR/><BR/><B>11. To / Too / Two</B><BR/><B><I>To</I></B> is a preposition. It has many meanings. For example, it means "in the direction of."<BR/>We drove <B>to</B> the store.<BR/><B><I>Too</I></B> is an adverb. It means "also."<BR/>Joe has blond hair, and his sister does, <B>too</B>.<BR/><B><I>Two</I></B> is a number.<BR/>The family owns <B>two</B> cars.<BR/> <BR/><BR/><B>12. Weather / Whether</B><BR/><B><I>Weather</I></B> is a noun. It refers to the state of the atmosphere at a certain time and place.<BR/>In good <B>weather</B>, Jane likes to walk to work.<BR/><B><I>Whether</I></B> is a conjunction. It means "if."<BR/>I don't know <B>whether</B> I will go to the party (or not).<BR/> <BR/><BR/><B>13. Who's / Whose</B><BR/><B><I>Who's</I></B> is a contraction. It means "who is."<BR/><B>Who's</B> that man talking with our teacher?<BR/><B><I>Whose</I></B> is a possessive adjective. It's used to ask which person or thing something belongs to.<BR/><B>Whose</B> phone is this?<BR/> <BR/><BR/><B>14. You're / Your</B><BR/><B><I>You're</I></B> is a contraction. It means "you are."<BR/><B>You're</B> late.<BR/><B><I>Your</I></B> is a possessive pronoun. It means "something belongs to you."<BR/>Is that <B>your</B> dog?]]></ngml:text>
        </ngml:referenceObject>
      </ngml:referenceObjects>
    </assessmentSection>
  </testPart>
</assessmentTest>