<?xml version="1.0" encoding="utf-8"?>
<assessmentTest xmlns:xsi="http://www.w3.org/2001/XMLSchema-instance" xmlns:ngml="http://ioki.com.pl/schema/imsqti_v2p1" xsi:schemaLocation="http://www.imsglobal.org/xsd/imsqti_v2p1 ../../ngml-namespace/imsqti_v2p1_ngml.xsd" title="Writing a Summary" identifier="n_262" xmlns="http://www.imsglobal.org/xsd/imsqti_v2p1">
  <ngml:activity type="homework" time="00:50:00" globalId="c3359912-7804-48af-8612-625688d8839a" no-submit="false" checkPunctuation="false" caseSensitivity="false" uid="1001000170000018137" version="13" />
  <ngml:title><![CDATA[Writing a Summary]]></ngml:title>
  <testPart identifier="p_1" navigationMode="linear" submissionMode="individual">
    <assessmentSection identifier="section_1" ngml:version="13" ngml:uid="1001000170000018138" visible="true" ngml:pageBreak="false" title="Writing a Summary" ngml:layoutHeight="1405" ngml:autonumbering="false">
      <ngml:title><![CDATA[Writing a Summary]]></ngml:title>
      <ngml:tips>
        <ngml:tip>
          <ngml:text><![CDATA[<B>Model Summary</B><BR/><BR/>Summary of <I>The Alchemist</I><BR/><BR/>The book <I>The Alchemist </I> by Paolo Coelho is about following your dream. In the story, a poor boy named Santiago has a repeating dream about a treasure waiting for him at the pyramids in Egypt. He lives in Spain, but he decides to travel to Egypt to see if his dream is true. First, he goes to Morocco. He has many troubles there, but finally he joins a group of people traveling across the desert. During the trip, they stop at an oasis, where Santiago meets two very important people. First, he falls in love with a woman named Fatima. Second, he meets a very wise man who is an alchemist. This means he can turn metal into gold. Even though Santiago now wants to stay in the oasis, the alchemist and Fatima both convince him to continue following his dream. The alchemist travels with the boy to Egypt. During the trip, they have many difficult situations, and the boy learns a lot of important lessons. Eventually, they get to the pyramids, and the alchemist leaves Santiago to find his treasure by himself. While Santiago is digging, something happens that makes him understand that the treasure he is looking for is actually back in Spain. He returns to Spain and finds the treasure—an old box of very rare jewels and gold—right under the place where he lived. However, the treasure means much more now because his journey changed him into a better person. ]]></ngml:text>
        </ngml:tip>
      </ngml:tips>
      <ngml:rubric>
        <ngml:text><![CDATA[Write a summary about one of the topics listed below or about the topic your teacher assigns. You will have 50 minutes.<BR/><BR/>1. Write a summary of a movie you are familiar with. Describe who was in it and what happened.<BR/><BR/>2. Write a summary of some news you heard about recently. Describe who or what it was about and what happened. <BR/> <BR/><B>Editing Checklist</B><BR/><UL><LI>Are the grammar, sentence structure, mechanics, and punctuation correct? </LI></UL><UL><LI>Is the vocabulary appropriate? Are the words spelled correctly? </LI></UL><UL><LI>Is the summary well organized, well developed, and clear?</LI></UL>]]></ngml:text>
      </ngml:rubric>
      <ngml:referenceObjects>
        <ngml:referenceObject layoutX="0" layoutY="0" layoutWidth="700" layoutHeight="493">
          <ngml:text><![CDATA[<div class='reading-frame'><B>Writing a Summary</B><BR/><BR/>A summary is a concise piece of writing written in your own words that gives the main ideas of a longer work, such as a book, a movie, or a magazine article. It should express a sense of the larger work, while also pointing to aspects that you feel are especially important. A summary should be organized the same way as paragraphs. <BR/><BR/>A good summary includes these parts:<BR/><BR/><B>Topic sentence</B>: Include the name of the piece you are summarizing, the author (or director, or musician), and the topic.<BR/><BR/><B>Body</B>: Include the main ideas from the work. A good way to organize the main ideas is to ask the questions who, what, when, where, why, and how.<BR/><BR/><B>Conclusion</B>: You can include the author’s conclusions or write your own. For example, you can write the answers to these questions: Did the work help you or change you in some way? Will you remember the work? Why? Will you recommend it to other people? Why or why not? <BR/><BR/>Click on the light bulb for a model summary.</div>]]></ngml:text>
        </ngml:referenceObject>
      </ngml:referenceObjects>
      <assessmentItemRef identifier="i_3" href="i_3.xml" ngml:layoutX="0" ngml:layoutY="479" ngml:layoutWidth="646" ngml:layoutHeight="882" />
    </assessmentSection>
  </testPart>
</assessmentTest>