<?xml version="1.0" encoding="utf-8"?>
<assessmentTest xmlns:xsi="http://www.w3.org/2001/XMLSchema-instance" xmlns:ngml="http://ioki.com.pl/schema/imsqti_v2p1" xsi:schemaLocation="http://www.imsglobal.org/xsd/imsqti_v2p1 ../../ngml-namespace/imsqti_v2p1_ngml.xsd" title="Writing a Personal Letter" identifier="n_263" xmlns="http://www.imsglobal.org/xsd/imsqti_v2p1">
  <ngml:activity type="homework" time="00:50:00" globalId="ec282213-8c80-479e-b050-f3542a963ea9" no-submit="false" checkPunctuation="false" caseSensitivity="false" uid="1003000170000000344" version="11" />
  <ngml:title><![CDATA[Writing a Personal Letter]]></ngml:title>
  <testPart identifier="p_1" navigationMode="linear" submissionMode="individual">
    <assessmentSection identifier="section_1" ngml:version="11" ngml:uid="1004000170000000423" visible="true" ngml:pageBreak="false" title="Writing a Personal Letter" ngml:layoutHeight="1615" ngml:autonumbering="false">
      <ngml:title><![CDATA[Writing a Personal Letter]]></ngml:title>
      <ngml:tips>
        <ngml:tip>
          <ngml:text><![CDATA[<B>Model Personal Letter </B><BR/><BR/>143 Front Street<BR/>Philadelphia, PA 19133<BR/><BR/>May 10, 2012<BR/><BR/>Dear Mom and Dad,<BR/><BR/>How is everything? I hope you both are doing well. I'm sorry I haven't called in a few days, but things have been crazy over here. I have final exams in two weeks, and I have been studying a lot. I'm really scared about my physics exam. At least my literature exam will be easy. I have to write an essay on <I>Hamlet</I>, but writing isn't that hard for me, as you know. <BR/><BR/>Do you remember my friends Megan and Zoe? You met them at the barbeque during Parents' Weekend. Anyway, we were thinking about going to the beach for a few days after exams are over. We want to rent a beach house with a few other friends. It will be really fun, and after all our hard work this semester we really need a break! <BR/><BR/>Renting a beach house is expensive though, and I don't have a lot of extra money. I spent a lot on textbooks and food this semester. So, can I borrow some money for this trip? I promise I'll be able to pay you back after my summer job starts. Please let me know. <BR/><BR/>Love you both!<BR/><BR/>Norah]]></ngml:text>
        </ngml:tip>
      </ngml:tips>
      <ngml:rubric>
        <ngml:text><![CDATA[Write a personal letter about one of the topics listed below or about the topic your teacher assigns. You will have 50 minutes.<BR/><BR/>1. Write a personal letter to a friend telling him or her about what you did this week.<BR/><BR/>2. Write a personal letter to a family member telling him or her about your plans for next week. <BR/> <BR/><B>Editing Checklist</B><BR/><UL><LI>Are the grammar, sentence structure, mechanics, and punctuation correct? </LI></UL><UL><LI>Is the vocabulary appropriate? Are the words spelled correctly? </LI></UL><UL><LI>Is the letter well organized, well developed, and clear?</LI></UL>]]></ngml:text>
      </ngml:rubric>
      <ngml:referenceObjects>
        <ngml:referenceObject layoutX="0" layoutY="0" layoutWidth="700" layoutHeight="682">
          <ngml:text><![CDATA[<div class='reading-frame'><B>Writing a Personal Letter</B><BR/><BR/>These days most people use email or other electronic devices to keep in touch, but many people still enjoy writing and receiving personal letters. Personal letters are also called “friendly letters.” You write them to a friend or relative. <BR/><BR/>Personal letters normally include information about your life. They are informal and are often handwritten. <BR/><BR/>Personal letters typically include these parts:<BR/><BR/><UL><LI>Date</LI></UL><BR/><UL><LI>Greeting </LI></UL><BR/><UL><LI>Body / Message</LI></UL><BR/><UL><LI>Closing </LI></UL><BR/><UL><LI>Signature</LI></UL><BR/>Keep these tips in mind when you write a personal letter:<BR/><BR/><UL><LI>The greeting and closing are followed by commas (for example: Dear Bob,; Love, Adam)</LI></UL><BR/><UL><LI>Use informal language. In other words, write the way you speak.</LI></UL><BR/><UL><LI>Remember to ask questions and show interest in the person you are writing to.</LI></UL><BR/>Click on the light bulb for a model personal letter.</div>]]></ngml:text>
        </ngml:referenceObject>
      </ngml:referenceObjects>
      <assessmentItemRef identifier="i_2" href="i_2.xml" ngml:layoutX="0" ngml:layoutY="689" ngml:layoutWidth="646" ngml:layoutHeight="882" />
    </assessmentSection>
  </testPart>
</assessmentTest>