<?xml version="1.0" encoding="utf-8"?>
<assessmentTest xmlns:xsi="http://www.w3.org/2001/XMLSchema-instance" xmlns:ngml="http://ioki.com.pl/schema/imsqti_v2p1" xsi:schemaLocation="http://www.imsglobal.org/xsd/imsqti_v2p1 ../../ngml-namespace/imsqti_v2p1_ngml.xsd" title="Practice 2" identifier="n_212" xmlns="http://www.imsglobal.org/xsd/imsqti_v2p1">
  <ngml:activity type="homework" time="00:00:00" globalId="46642b60-d216-4ca4-b389-e1c91ed43d3d" no-submit="false" checkPunctuation="false" caseSensitivity="false" uid="1001000170000018162" version="7" />
  <ngml:title><![CDATA[Practice 2]]></ngml:title>
  <testPart identifier="p_1" navigationMode="linear" submissionMode="individual">
    <assessmentSection identifier="section_1" ngml:version="6" ngml:uid="1001000170000018163" visible="true" ngml:pageBreak="false" title="Practice 2" ngml:layoutHeight="960" ngml:autonumbering="false">
      <ngml:title><![CDATA[Practice 2]]></ngml:title>
      <ngml:tips>
        <ngml:tip>
          <ngml:text><![CDATA[<B>The Conclusion</B><BR/><BR/>Paragraphs usually have a concluding sentence. This sentence signals that your paragraph is finished. A well-written concluding sentence has one or more of the following characteristics:<BR/>• It does not include any new information about the topic.<BR/>• It restates the topic sentence in a different way.<BR/>• It summarizes the main points.<BR/>• It presents the writer's opinion or final thoughts about the topic.<BR/><BR/>Concluding sentences often begin with a transitional phrase such as <I>In brief, In short, In conclusion, To conclude, In summary, To summarize, To sum up</I>. Each phrase is followed by a comma.<BR/><B></B><BR/><B>Example:</B><BR/>In short, the speaker fails to show how watching television is healthy.<BR/>In conclusion, we must reject his call for a television in every household.]]></ngml:text>
        </ngml:tip>
      </ngml:tips>
      <ngml:rubric>
        <ngml:text><![CDATA[Read the paragraphs. Choose the best description of the concluding sentence.]]></ngml:text>
      </ngml:rubric>
      <assessmentItemRef identifier="i_1" href="i_1.xml" ngml:layoutX="24" ngml:layoutY="0" ngml:layoutWidth="649" ngml:layoutHeight="254" ngml:itemEnumeration="1" />
      <assessmentItemRef identifier="i_2" href="i_2.xml" ngml:layoutX="24" ngml:layoutY="293" ngml:layoutWidth="649" ngml:layoutHeight="275" ngml:itemEnumeration="2" />
      <assessmentItemRef identifier="i_3" href="i_3.xml" ngml:layoutX="24" ngml:layoutY="608" ngml:layoutWidth="649" ngml:layoutHeight="296" ngml:itemEnumeration="3" />
    </assessmentSection>
  </testPart>
</assessmentTest>