<?xml version="1.0" encoding="utf-8"?>
<assessmentItem xmlns:xsi="http://www.w3.org/2001/XMLSchema-instance" xmlns:ngml="http://ioki.com.pl/schema/imsqti_v2p1" xsi:schemaLocation="http://www.imsglobal.org/xsd/imsqti_v2p1 ../../ngml-namespace/imsqti_v2p1_ngml.xsd" title="item-i_1" identifier="i_1" timeDependent="false" adaptive="false" xmlns="http://www.imsglobal.org/xsd/imsqti_v2p1">
  <ngml:question version="11" uid="1001000170000018164" type="single-choice" orientation="vertical" example="false" scoringAlgorithm="dichotomous" />
  <responseDeclaration identifier="RESPONSE" cardinality="single" baseType="identifier">
    <correctResponse>
      <value>i_1--multiple_choice--2</value>
    </correctResponse>
  </responseDeclaration>
  <itemBody>
    <ngml:text><![CDATA[Like most people from my country, Lebanon, I love hummus. Hummus is one of the most popular foods in the Middle East. It is served as an appetizer or side dish at almost every meal. Hummus is made from ground chickpeas (also called garbanzo beans). It is mixed with olive oil, garlic, and lemon juice to form a thick paste. We eat hummus with a special type of bread called pita. We tear off a piece of pita and use it to scoop up some hummus. We can also put the hummus inside the pita along with salad, grilled vegetables, or meat and eat it like a sandwich. Hummus is very delicious and very nutritious as well. In short, if you ever come to my country, I hope you will try hummus.<BR/><BR/>The concluding sentence:<BR/>]]></ngml:text>
    <choiceInteraction responseIdentifier="RESPONSE" shuffle="false" maxChoices="1">
      <simpleChoice identifier="i_1--multiple_choice--0">
        <ngml:text><![CDATA[restates the topic sentence]]></ngml:text>
      </simpleChoice>
      <simpleChoice identifier="i_1--multiple_choice--1">
        <ngml:text><![CDATA[summarizes the main points]]></ngml:text>
      </simpleChoice>
      <simpleChoice identifier="i_1--multiple_choice--2">
        <ngml:text><![CDATA[presents the writer's opinion or final thoughts]]></ngml:text>
      </simpleChoice>
    </choiceInteraction>
  </itemBody>
  <ngml:feedbacks>
    <ngml:feedback type="generic" responseIdentifier="RESPONSE">
      <ngml:feedbackResponse>
        <ngml:text><![CDATA[Does the conclusion repeat the topic sentence? Does it summarize the main points from the paragraph? Does it end the paragraph with additional thoughts from the writer?]]></ngml:text>
      </ngml:feedbackResponse>
    </ngml:feedback>
  </ngml:feedbacks>
</assessmentItem>