<?xml version="1.0" encoding="utf-8"?>
<assessmentItem xmlns:xsi="http://www.w3.org/2001/XMLSchema-instance" xmlns:ngml="http://ioki.com.pl/schema/imsqti_v2p1" xsi:schemaLocation="http://www.imsglobal.org/xsd/imsqti_v2p1 ../../ngml-namespace/imsqti_v2p1_ngml.xsd" title="item-i_2" identifier="i_2" timeDependent="false" adaptive="false" xmlns="http://www.imsglobal.org/xsd/imsqti_v2p1">
  <ngml:question version="11" uid="1001000170000018165" type="single-choice" orientation="vertical" example="false" scoringAlgorithm="dichotomous" />
  <responseDeclaration identifier="RESPONSE" cardinality="single" baseType="identifier">
    <correctResponse>
      <value>i_2--multiple_choice--0</value>
    </correctResponse>
  </responseDeclaration>
  <itemBody>
    <ngml:text><![CDATA[Cockroaches have lived on Earth for more than 400 million years. Three characteristics explain this insect's amazing ability to survive. First of all, cockroaches can live almost anywhere—outdoors in tropical climates and indoors in cooler ones. They prefer warm, humid places; therefore, they are often found in homes and factories where food is prepared and stored. Another characteristic that helps cockroaches survive is that they will eat almost anything. Their diet includes not only human food but also dead insects, paper, and even glue! Finally, cockroaches have few natural enemies. They smell bad, and eating them causes most birds and animals to get sick. These characteristics explain why cockroaches have existed longer than almost any other creature on Earth.<BR/><BR/>The concluding sentence:<BR/>]]></ngml:text>
    <choiceInteraction responseIdentifier="RESPONSE" shuffle="false" maxChoices="1">
      <simpleChoice identifier="i_2--multiple_choice--0">
        <ngml:text><![CDATA[restates the topic sentence]]></ngml:text>
      </simpleChoice>
      <simpleChoice identifier="i_2--multiple_choice--1">
        <ngml:text><![CDATA[summarizes the main points]]></ngml:text>
      </simpleChoice>
      <simpleChoice identifier="i_2--multiple_choice--2">
        <ngml:text><![CDATA[presents the writer's opinion or final thoughts]]></ngml:text>
      </simpleChoice>
    </choiceInteraction>
  </itemBody>
  <ngml:feedbacks>
    <ngml:feedback type="generic" responseIdentifier="RESPONSE">
      <ngml:feedbackResponse>
        <ngml:text><![CDATA[Does the conclusion repeat the topic sentence? Does it summarize the main points from the paragraph? Does it end the paragraph with additional thoughts from the writer?]]></ngml:text>
      </ngml:feedbackResponse>
    </ngml:feedback>
  </ngml:feedbacks>
</assessmentItem>