<?xml version="1.0" encoding="utf-8"?>
<assessmentItem xmlns:xsi="http://www.w3.org/2001/XMLSchema-instance" xmlns:ngml="http://ioki.com.pl/schema/imsqti_v2p1" xsi:schemaLocation="http://www.imsglobal.org/xsd/imsqti_v2p1 ../../ngml-namespace/imsqti_v2p1_ngml.xsd" title="item-i_3" identifier="i_3" timeDependent="false" adaptive="false" xmlns="http://www.imsglobal.org/xsd/imsqti_v2p1">
  <ngml:question version="11" uid="1001000170000018166" type="single-choice" orientation="vertical" example="false" scoringAlgorithm="dichotomous" />
  <responseDeclaration identifier="RESPONSE" cardinality="single" baseType="identifier">
    <correctResponse>
      <value>i_3--multiple_choice--1</value>
    </correctResponse>
  </responseDeclaration>
  <itemBody>
    <ngml:text><![CDATA[People who immigrate to Los Angeles come to the city for three main reasons. The first is the city's dry, sunny climate. It does not rain much, so people can enjoy outdoor activities year round. People also come to Los Angeles because there are many job opportunities here. Los Angeles is the business, financial, and, of course, entertainment capital of the United States. The movie industry alone employs many thousands of people per year. Finally, many people come to Los Angeles because of its great diversity of people. There are dozens of different ethnic groups here, such as Koreans, Russians, Iranians, Ethiopians, Armenians, and many more. Each group contributes to the city's culture. For example, you can find almost any type of food in Los Angeles. In brief, the city's weather, economic opportunities, and diversity explain why Los Angeles is such an attractive place to live.<BR/><BR/>The concluding sentence:<BR/>]]></ngml:text>
    <choiceInteraction responseIdentifier="RESPONSE" shuffle="false" maxChoices="1">
      <simpleChoice identifier="i_3--multiple_choice--0">
        <ngml:text><![CDATA[restates the topic sentence]]></ngml:text>
      </simpleChoice>
      <simpleChoice identifier="i_3--multiple_choice--1">
        <ngml:text><![CDATA[summarizes the main points]]></ngml:text>
      </simpleChoice>
      <simpleChoice identifier="i_3--multiple_choice--2">
        <ngml:text><![CDATA[presents the writer's opinion or final thoughts]]></ngml:text>
      </simpleChoice>
    </choiceInteraction>
  </itemBody>
  <ngml:feedbacks>
    <ngml:feedback type="generic" responseIdentifier="RESPONSE">
      <ngml:feedbackResponse>
        <ngml:text><![CDATA[Does the conclusion repeat the topic sentence? Does it summarize the main points from the paragraph? Does it end the paragraph with additional thoughts from the writer?]]></ngml:text>
      </ngml:feedbackResponse>
    </ngml:feedback>
  </ngml:feedbacks>
</assessmentItem>