<?xml version="1.0" encoding="utf-8"?>
<assessmentTest xmlns:xsi="http://www.w3.org/2001/XMLSchema-instance" xmlns:ngml="http://ioki.com.pl/schema/imsqti_v2p1" xsi:schemaLocation="http://www.imsglobal.org/xsd/imsqti_v2p1 ../../ngml-namespace/imsqti_v2p1_ngml.xsd" title="Practice 2" identifier="n_239" xmlns="http://www.imsglobal.org/xsd/imsqti_v2p1">
  <ngml:activity type="homework" time="00:00:00" globalId="9fbe9232-4803-4efe-aedc-cd357ba89945" no-submit="false" checkPunctuation="false" caseSensitivity="false" uid="1003000170000000545" version="9" />
  <ngml:title><![CDATA[Practice 2]]></ngml:title>
  <testPart identifier="p_1" navigationMode="linear" submissionMode="individual">
    <assessmentSection identifier="section_1" ngml:version="8" ngml:uid="1004000170000000608" visible="true" ngml:pageBreak="false" title="Practice 2" ngml:layoutHeight="607" ngml:autonumbering="false">
      <ngml:title><![CDATA[Practice 2]]></ngml:title>
      <ngml:tips>
        <ngml:tip>
          <ngml:text><![CDATA[<B>The Present Progressive</B><BR/><BR/>Use the present progressive to talk about things that are happening now. The form of the present progressive is <B><I>be (not)</I></B><B>  + verb + -</B><B><I>ing</I></B>.]]></ngml:text>
          <ngml:asset identifier="n_239--p_1--tip_1366293554188--block_0--ref_1366293571027" type="image" src="http://media.pearsoncmg.com/intl/elt/compose/mel_writing_2/WL2_G_PRF_P2.jpg" shortVersion="false" />
          <ngml:asset identifier="n_239--p_1--tip_1366293554188--block_0--ref_1366293572733" type="image" src="http://media.pearsoncmg.com/intl/elt/compose/mel_writing_2/WL2_G_PRR_P2.jpg" shortVersion="false" />
        </ngml:tip>
      </ngml:tips>
      <ngml:rubric>
        <ngml:text><![CDATA[Complete each sentence with the simple present or present progressive form of the verb in parentheses.]]></ngml:text>
      </ngml:rubric>
      <assessmentItemRef identifier="i_1" href="i_1.xml" ngml:layoutX="24" ngml:layoutY="0" ngml:layoutWidth="791" ngml:layoutHeight="54" ngml:itemEnumeration="1" />
      <assessmentItemRef identifier="i_3" href="i_3.xml" ngml:layoutX="24" ngml:layoutY="92" ngml:layoutWidth="770" ngml:layoutHeight="35" ngml:itemEnumeration="2" />
      <assessmentItemRef identifier="i_4" href="i_4.xml" ngml:layoutX="24" ngml:layoutY="153" ngml:layoutWidth="770" ngml:layoutHeight="35" ngml:itemEnumeration="3" />
      <assessmentItemRef identifier="i_5" href="i_5.xml" ngml:layoutX="24" ngml:layoutY="215" ngml:layoutWidth="770" ngml:layoutHeight="35" ngml:itemEnumeration="4" />
      <assessmentItemRef identifier="i_7" href="i_7.xml" ngml:layoutX="24" ngml:layoutY="276" ngml:layoutWidth="770" ngml:layoutHeight="34" ngml:itemEnumeration="5" />
      <assessmentItemRef identifier="i_8" href="i_8.xml" ngml:layoutX="24" ngml:layoutY="337" ngml:layoutWidth="770" ngml:layoutHeight="34" ngml:itemEnumeration="6" />
      <assessmentItemRef identifier="i_9" href="i_9.xml" ngml:layoutX="24" ngml:layoutY="398" ngml:layoutWidth="770" ngml:layoutHeight="34" ngml:itemEnumeration="7" />
      <assessmentItemRef identifier="i_10" href="i_10.xml" ngml:layoutX="24" ngml:layoutY="459" ngml:layoutWidth="770" ngml:layoutHeight="43" ngml:itemEnumeration="8" />
      <assessmentItemRef identifier="i_11" href="i_11.xml" ngml:layoutX="24" ngml:layoutY="529" ngml:layoutWidth="770" ngml:layoutHeight="35" ngml:itemEnumeration="9" />
    </assessmentSection>
  </testPart>
</assessmentTest>