<?xml version="1.0" encoding="utf-8"?>
<assessmentItem xmlns:xsi="http://www.w3.org/2001/XMLSchema-instance" xmlns:ngml="http://ioki.com.pl/schema/imsqti_v2p1" xsi:schemaLocation="http://www.imsglobal.org/xsd/imsqti_v2p1 ../../ngml-namespace/imsqti_v2p1_ngml.xsd" title="item-i_10" identifier="i_10" timeDependent="false" adaptive="false" xmlns="http://www.imsglobal.org/xsd/imsqti_v2p1">
  <ngml:question version="10" uid="1005000170000003319" type="fillin" orientation="vertical" example="false" scoringAlgorithm="dichotomous" />
  <responseDeclaration identifier="RESPONSE_1" cardinality="single" baseType="identifier">
    <correctResponse>
      <value>are seeing</value>
      <value>'re seeing</value>
    </correctResponse>
  </responseDeclaration>
  <responseDeclaration identifier="RESPONSE_2" cardinality="single" baseType="identifier">
    <correctResponse>
      <value>think</value>
    </correctResponse>
  </responseDeclaration>
  <itemBody>
    <ngmlDialog>
      <ngmlDialogLine>
        <ngmlActor>
          <ngml:text><![CDATA[A:]]></ngml:text>
        </ngmlActor>
        <ngml:text><![CDATA[Did you hear about Rick and Anna? They ]]></ngml:text>
        <textEntryInteraction responseIdentifier="RESPONSE_1" ngml:gapSize="normal" />
        <ngml:text><![CDATA[ (see) each other.]]></ngml:text>
        <ngml:text><![CDATA[<BR/>]]></ngml:text>
      </ngmlDialogLine>
      <ngmlDialogLine>
        <ngmlActor>
          <ngml:text><![CDATA[B:]]></ngml:text>
        </ngmlActor>
        <ngml:text><![CDATA[That's great! I ]]></ngml:text>
        <textEntryInteraction responseIdentifier="RESPONSE_2" ngml:gapSize="normal" />
        <ngml:text><![CDATA[ (think) they're perfect for each other.]]></ngml:text>
        <ngml:text><![CDATA[<BR/>]]></ngml:text>
      </ngmlDialogLine>
    </ngmlDialog>
  </itemBody>
  <ngml:feedbacks>
    <ngml:feedback type="generic" responseIdentifier="RESPONSE_1">
      <ngml:feedbackResponse>
        <ngml:text><![CDATA[Is the action happening now, or is it habitual?]]></ngml:text>
      </ngml:feedbackResponse>
    </ngml:feedback>
    <ngml:feedback type="generic" responseIdentifier="RESPONSE_2">
      <ngml:feedbackResponse>
        <ngml:text><![CDATA[Is the action happening now, or is it habitual?]]></ngml:text>
      </ngml:feedbackResponse>
    </ngml:feedback>
  </ngml:feedbacks>
</assessmentItem>