<?xml version="1.0" encoding="utf-8"?>
<assessmentTest xmlns:xsi="http://www.w3.org/2001/XMLSchema-instance" xmlns:ngml="http://ioki.com.pl/schema/imsqti_v2p1" xsi:schemaLocation="http://www.imsglobal.org/xsd/imsqti_v2p1 ../../ngml-namespace/imsqti_v2p1_ngml.xsd" title="Explaining Effects" identifier="n_260" xmlns="http://www.imsglobal.org/xsd/imsqti_v2p1">
  <ngml:activity type="homework" time="00:50:00" globalId="b65126e9-2253-4b0c-993f-e279055189a2" no-submit="false" checkPunctuation="false" caseSensitivity="false" uid="1003000170000000339" version="13" />
  <ngml:title><![CDATA[Explaining Effects]]></ngml:title>
  <testPart identifier="p_1" navigationMode="linear" submissionMode="individual">
    <assessmentSection identifier="section_1" ngml:version="13" ngml:uid="1004000170000000418" visible="true" ngml:pageBreak="false" title="Explaining Effects" ngml:layoutHeight="1489" ngml:autonumbering="false">
      <ngml:title><![CDATA[Explaining Effects]]></ngml:title>
      <ngml:tips>
        <ngml:tip>
          <ngml:text><![CDATA[<B>Model Paragraph</B><BR/><BR/><B>My Money Problems</B><BR/><B></B><BR/>My city's money problems are causing some problems in my life. First of all, I am worried about losing my job as a librarian. Because of the budget problems, public services like parks and libraries don't have enough money to operate. Many city employees have lost their jobs, and I am afraid that I might be next. The shortage of money is also having an effect on our schools. For example, most public schools don't offer art and music classes anymore. My son's school cut all its art classes, so now I have to pay for expensive private art lessons for him. I worry that I won't be able to pay for them if I lose my job. Finally, the city's money problems are hurting our transportation system. Buses and subways do not come as often as they did in the past. Because I take the bus to work every day, that makes my life more inconvenient. It takes me a very long time to get to work. Also, I often don't get a seat on the bus since it's so crowded. Therefore, I am usually tired when I arrive at work, and sometimes I'm late. In summary, my city's money troubles are creating serious problems for me and my family. If the situation doesn't improve, we may have to move to another city.]]></ngml:text>
        </ngml:tip>
      </ngml:tips>
      <ngml:rubric>
        <ngml:text><![CDATA[Write a paragraph about one of the topics listed below (or the topic your teacher assigns). You will have 50 minutes.<BR/>1. Describe the effects pollution has on people and animals.<BR/>2. Many young people drop out of school each year. Describe the effects dropping out of school has on young people's lives.<BR/>3. Describe the effects crime has on people's lives.<BR/><BR/><B>Editing Checklist</B><BR/><UL><LI>Are the grammar, sentence structure, mechanics, and punctuation correct?</LI></UL><UL><LI>Is the vocabulary appropriate? Are the words spelled correctly?</LI><LI>Is the paragraph well organized, well developed, and clear?</LI></UL>]]></ngml:text>
      </ngml:rubric>
      <ngml:referenceObjects>
        <ngml:referenceObject layoutX="0" layoutY="0" layoutWidth="700" layoutHeight="556">
          <ngml:text><![CDATA[<div class='reading-frame'><B>Explaining Effects</B><BR/><BR/>Effects are the same as results. Effects can be negative, positive, or both. <BR/><BR/>A paragraph about effects should include these parts: <BR/><BR/><UL><LI><B>A topic sentence:</B> Include the situation (what happened or what you did). Then list the positive or negative results. Use expressions like  <I>several effects, two important results, three major effects</I>, etc. </LI></UL><UL><LI><B>Supporting sentences:</B> List each effect and include one or more sentences to explain it. Separate the effects with listing signals such as <I>The first effect, the second result, next, third, </I>and<I> finally</I>.</LI></UL><UL><LI><B>A concluding sentence: </B>Summarize the effects and restate or refer back to your topic sentence. Explain how you feel or what may happen in the future. </LI></UL><BR/>Use these signal words and phrases to talk about causes.<BR/><BR/><B>Signal words:</B> therefore, as a result, consequently<BR/><B>Notes:</B> Use these expressions between two complete sentences. The first sentence states a situation or cause. The second sentence states the effect. Always place a comma after these signal words.<BR/>i.e.: <I>The economy is in a recession. Therefore, many people have lost their jobs.</I><BR/><BR/><B>Signal word:</B> so<BR/><B>Notes:</B> Use <I>so</I> in compound sentences. Place a comma before it.<BR/>i.e.: <I>I don't want to disturb my neighbors, so I always keep my dog indoors at night.</I> </div>]]></ngml:text>
        </ngml:referenceObject>
      </ngml:referenceObjects>
      <assessmentItemRef identifier="i_3" href="i_3.xml" ngml:layoutX="0" ngml:layoutY="563" ngml:layoutWidth="646" ngml:layoutHeight="882" />
    </assessmentSection>
  </testPart>
</assessmentTest>