<?xml version="1.0" encoding="utf-8"?>
<assessmentTest xmlns:xsi="http://www.w3.org/2001/XMLSchema-instance" xmlns:ngml="http://ioki.com.pl/schema/imsqti_v2p1" xsi:schemaLocation="http://www.imsglobal.org/xsd/imsqti_v2p1 ../../ngml-namespace/imsqti_v2p1_ngml.xsd" title="Practice 1" identifier="n_213" xmlns="http://www.imsglobal.org/xsd/imsqti_v2p1">
  <ngml:activity type="homework" time="00:00:00" globalId="47ddd4bb-c462-445f-901a-7eb4f32a5a59" no-submit="false" checkPunctuation="false" caseSensitivity="false" uid="1001000170000022068" version="7" />
  <ngml:title><![CDATA[Practice 1]]></ngml:title>
  <testPart identifier="p_1" navigationMode="linear" submissionMode="individual">
    <assessmentSection identifier="section_1" ngml:version="7" ngml:uid="1001000170000022069" visible="true" ngml:pageBreak="false" title="Practice 1" ngml:layoutHeight="320" ngml:autonumbering="false">
      <ngml:title><![CDATA[Practice 1]]></ngml:title>
      <ngml:tips>
        <ngml:tip>
          <ngml:text><![CDATA[<B>Providing Reasons</B><BR/><BR/>Reasons support your argument. They answer the question <I>why?</I> For example, you can use reasons to explain why you did something, decided something, or chose something.<BR/><BR/>When you give a list of reasons, you should use transitions to introduce each one. You should also use a transition to signal that you have reached the conclusion. Study the examples.]]></ngml:text>
          <ngml:asset identifier="n_213--p_1--tip_1366266216667--block_0--ref_1366266354057" type="image" src="http://media.pearsoncmg.com/intl/elt/compose/mel_writing_2/WL2_PO_PR_P1.jpg" shortVersion="false" />
        </ngml:tip>
      </ngml:tips>
      <ngml:rubric>
        <ngml:text><![CDATA[Read the topic sentences and lists of reasons. Click on the sentence that is not a reason.]]></ngml:text>
      </ngml:rubric>
      <assessmentItemRef identifier="i_1" href="i_1.xml" ngml:layoutX="24" ngml:layoutY="0" ngml:layoutWidth="770" ngml:layoutHeight="119" ngml:itemEnumeration="1" />
      <assessmentItemRef identifier="i_2" href="i_2.xml" ngml:layoutX="24" ngml:layoutY="151" ngml:layoutWidth="770" ngml:layoutHeight="119" ngml:itemEnumeration="2" />
    </assessmentSection>
  </testPart>
</assessmentTest>