<?xml version="1.0" encoding="utf-8"?>
<assessmentItem xmlns:xsi="http://www.w3.org/2001/XMLSchema-instance" xmlns:ngml="http://ioki.com.pl/schema/imsqti_v2p1" xsi:schemaLocation="http://www.imsglobal.org/xsd/imsqti_v2p1 ../../ngml-namespace/imsqti_v2p1_ngml.xsd" title="item-i_1" identifier="i_1" timeDependent="false" adaptive="false" xmlns="http://www.imsglobal.org/xsd/imsqti_v2p1">
  <ngml:question version="15" uid="1001000170000022070" type="single-underline" orientation="vertical" example="false" scoringAlgorithm="dichotomous" />
  <responseDeclaration identifier="RESPONSE_1" cardinality="single" baseType="identifier">
    <correctResponse>
      <value>i_1--underline--0</value>
    </correctResponse>
  </responseDeclaration>
  <itemBody>
    <ngml:text><![CDATA[<B>Topic sentence:</B>]]></ngml:text>
    <ngml:text><![CDATA[ If you have only a few hours between flights, Amsterdam is the perfect city to visit.]]></ngml:text>
    <ngml:text><![CDATA[<BR/>]]></ngml:text>
    <ngml:hottextInteraction responseIdentifier="RESPONSE_1" maxChoices="1" example="false">
      <ngml:hottext identifier="i_1--underline--5">
        <ngml:text><![CDATA[The airport, Schiphol, is only 15 minutes from the city center.]]></ngml:text>
      </ngml:hottext>
      <ngml:text><![CDATA[<BR/>]]></ngml:text>
      <ngml:hottext identifier="i_1--underline--2">
        <ngml:text><![CDATA[There is a direct train between the airport and the city center.]]></ngml:text>
      </ngml:hottext>
      <ngml:text><![CDATA[<BR/>]]></ngml:text>
      <ngml:hottext identifier="i_1--underline--3">
        <ngml:text><![CDATA[The train leaves for the airport or the city center every ten minutes.]]></ngml:text>
      </ngml:hottext>
      <ngml:text><![CDATA[<BR/>]]></ngml:text>
      <ngml:hottext identifier="i_1--underline--0">
        <ngml:text><![CDATA[Amsterdam has excellent weather during the summer.]]></ngml:text>
      </ngml:hottext>
      <ngml:text><![CDATA[<BR/>]]></ngml:text>
      <ngml:hottext identifier="i_1--underline--4">
        <ngml:text><![CDATA[Amsterdam is small, so you can see a lot in the short time between your flights.]]></ngml:text>
      </ngml:hottext>
    </ngml:hottextInteraction>
  </itemBody>
  <ngml:feedbacks>
    <ngml:feedback type="generic" responseIdentifier="RESPONSE_1">
      <ngml:feedbackResponse>
        <ngml:text><![CDATA[Reasons answer the question <I>why</I>? The topic sentence tells you that the paragraph will explain why Amsterdam is a great city to visit if you have a few hours to spare.]]></ngml:text>
      </ngml:feedbackResponse>
    </ngml:feedback>
    <ngml:feedback type="wrong-answer-specific" location="i_1--underline--2" responseIdentifier="RESPONSE_1">
      <ngml:condition>
        <ngml:valueExists>i_1--underline--2</ngml:valueExists>
      </ngml:condition>
      <ngml:feedbackResponse>
        <ngml:text><![CDATA[Reasons answer the question <I>why</I>? Read the topic sentence. It tells you that the paragraph will explain why Amsterdam is a great city to visit if you have a few hours to spare. Does this sentence tell us a reason why?]]></ngml:text>
      </ngml:feedbackResponse>
    </ngml:feedback>
    <ngml:feedback type="wrong-answer-specific" location="i_1--underline--3" responseIdentifier="RESPONSE_1">
      <ngml:condition>
        <ngml:valueExists>i_1--underline--3</ngml:valueExists>
      </ngml:condition>
      <ngml:feedbackResponse>
        <ngml:text><![CDATA[Reasons answer the question <I>why</I>? Read the topic sentence. It tells you that the paragraph will explain why Amsterdam is a great city to visit if you have a few hours to spare. Does this sentence tell us a reason why?]]></ngml:text>
      </ngml:feedbackResponse>
    </ngml:feedback>
    <ngml:feedback type="wrong-answer-specific" location="i_1--underline--4" responseIdentifier="RESPONSE_1">
      <ngml:condition>
        <ngml:valueExists>i_1--underline--4</ngml:valueExists>
      </ngml:condition>
      <ngml:feedbackResponse>
        <ngml:text><![CDATA[Reasons answer the question <I>why</I>? Read the topic sentence. It tells you that the paragraph will explain why Amsterdam is a great city to visit if you have a few hours to spare. Does this sentence tell us a reason why?]]></ngml:text>
      </ngml:feedbackResponse>
    </ngml:feedback>
  </ngml:feedbacks>
</assessmentItem>