<?xml version="1.0" encoding="utf-8"?>
<assessmentItem xmlns:xsi="http://www.w3.org/2001/XMLSchema-instance" xmlns:ngml="http://ioki.com.pl/schema/imsqti_v2p1" xsi:schemaLocation="http://www.imsglobal.org/xsd/imsqti_v2p1 ../../ngml-namespace/imsqti_v2p1_ngml.xsd" title="item-i_2" identifier="i_2" timeDependent="false" adaptive="false" xmlns="http://www.imsglobal.org/xsd/imsqti_v2p1">
  <ngml:question version="17" uid="1001000170000022071" type="single-underline" orientation="vertical" example="false" scoringAlgorithm="dichotomous" />
  <responseDeclaration identifier="RESPONSE_1" cardinality="single" baseType="identifier">
    <correctResponse>
      <value>i_2--underline--0</value>
    </correctResponse>
  </responseDeclaration>
  <itemBody>
    <ngml:text><![CDATA[<B>Topic sentence: </B>]]></ngml:text>
    <ngml:text><![CDATA[I have decided to attend a community college for two years and then transfer to a four-year university.]]></ngml:text>
    <ngml:text><![CDATA[<BR/>]]></ngml:text>
    <ngml:hottextInteraction responseIdentifier="RESPONSE_1" maxChoices="1" example="false">
      <ngml:hottext identifier="i_2--underline--0">
        <ngml:text><![CDATA[There are three community colleges in my town.]]></ngml:text>
      </ngml:hottext>
      <ngml:text><![CDATA[<BR/>]]></ngml:text>
      <ngml:hottext identifier="i_2--underline--1">
        <ngml:text><![CDATA[By attending community college, I can live at home and save money.]]></ngml:text>
      </ngml:hottext>
      <ngml:text><![CDATA[<BR/>]]></ngml:text>
      <ngml:hottext identifier="i_2--underline--2">
        <ngml:text><![CDATA[The tuition at a community college is much lower than the tuition at a university.]]></ngml:text>
      </ngml:hottext>
      <ngml:text><![CDATA[<BR/>]]></ngml:text>
      <ngml:hottext identifier="i_2--underline--3">
        <ngml:text><![CDATA[Community colleges offer more night classes, so I can work during the daytime.]]></ngml:text>
      </ngml:hottext>
      <ngml:text><![CDATA[<BR/>]]></ngml:text>
      <ngml:hottext identifier="i_2--underline--4">
        <ngml:text><![CDATA[Community college classes cost less, so I can take many different classes before I choose my major.]]></ngml:text>
      </ngml:hottext>
    </ngml:hottextInteraction>
  </itemBody>
  <ngml:feedbacks>
    <ngml:feedback type="generic" responseIdentifier="RESPONSE_1">
      <ngml:feedbackResponse>
        <ngml:text><![CDATA[Reasons answer the question <I>why</I>? The topic sentence tells you that the paragraph will explain why the writer decided to go to a community college first. ]]></ngml:text>
      </ngml:feedbackResponse>
    </ngml:feedback>
    <ngml:feedback type="wrong-answer-specific" location="i_2--underline--1" responseIdentifier="RESPONSE_1">
      <ngml:condition>
        <ngml:valueExists>i_2--underline--1</ngml:valueExists>
      </ngml:condition>
      <ngml:feedbackResponse>
        <ngml:text><![CDATA[Reasons answer the question <I>why</I>? Read the topic sentence. It tells you that the paragraph will explain why the writer decided to go to a community college first. Does this sentence tell us a reason why?]]></ngml:text>
      </ngml:feedbackResponse>
    </ngml:feedback>
    <ngml:feedback type="wrong-answer-specific" location="i_2--underline--2" responseIdentifier="RESPONSE_1">
      <ngml:condition>
        <ngml:valueExists>i_2--underline--2</ngml:valueExists>
      </ngml:condition>
      <ngml:feedbackResponse>
        <ngml:text><![CDATA[Reasons answer the question <I>why</I>? Read the topic sentence. It tells you that the paragraph will explain why the writer decided to go to a community college first. Does this sentence tell us a reason why?]]></ngml:text>
      </ngml:feedbackResponse>
    </ngml:feedback>
    <ngml:feedback type="wrong-answer-specific" location="i_2--underline--3" responseIdentifier="RESPONSE_1">
      <ngml:condition>
        <ngml:valueExists>i_2--underline--3</ngml:valueExists>
      </ngml:condition>
      <ngml:feedbackResponse>
        <ngml:text><![CDATA[Reasons answer the question <I>why</I>? Read the topic sentence. It tells you that the paragraph will explain why the writer decided to go to a community college first. Does this sentence tell us a reason why?]]></ngml:text>
      </ngml:feedbackResponse>
    </ngml:feedback>
    <ngml:feedback type="wrong-answer-specific" location="i_2--underline--4" responseIdentifier="RESPONSE_1">
      <ngml:condition>
        <ngml:valueExists>i_2--underline--4</ngml:valueExists>
      </ngml:condition>
      <ngml:feedbackResponse>
        <ngml:text><![CDATA[Reasons answer the question <I>why</I>? Read the topic sentence. It tells you that the paragraph will explain why the writer decided to go to a community college first. Does this sentence tell us a reason why?]]></ngml:text>
      </ngml:feedbackResponse>
    </ngml:feedback>
  </ngml:feedbacks>
</assessmentItem>